# This file uses centimeters as units for non-parametric coordinates.

mtllib Skeletal Tree FREE.mtl
g default
v -2.720491 -0.058420 0.970708
v -2.200401 -0.058420 1.748885
v -1.459072 -0.058420 1.954179
v -0.599396 -0.058420 2.716193
v 0.397064 -0.058420 3.081280
v 0.708153 -0.058420 1.903948
v 1.344624 -0.058420 1.318785
v 2.262295 -0.058420 0.786866
v 3.610415 -0.058420 0.227220
v 2.642530 -0.058420 -0.681429
v 3.637320 -0.058420 -1.760685
v 1.544724 -0.058420 -2.289601
v 1.515522 -0.058420 -2.921687
v 0.299934 -0.058420 -4.118661
v -0.755264 -0.058420 -3.259892
v -1.321598 -0.058420 -2.581955
v -1.998962 -0.058420 -2.089471
v -2.435612 -0.058420 -1.381634
v -3.162598 -0.058420 -0.437917
v -3.782808 -0.058420 0.447072
v -3.527218 1.885539 0.886550
v -3.238228 1.889205 1.406944
v -2.531483 1.889670 1.796939
v -1.371399 1.885817 1.993128
v -0.272686 1.882601 1.979324
v 0.339052 1.882887 1.766990
v 0.693130 1.822436 1.345600
v 1.010912 1.798129 0.787785
v 1.292194 1.826308 0.081742
v 1.412628 1.879851 -0.560020
v 1.112652 1.892638 -1.191105
v 0.852253 1.890673 -1.713677
v 0.460852 1.895533 -2.073275
v -0.188234 1.897853 -2.260253
v -1.258793 1.889964 -2.257242
v -2.454079 1.892268 -2.021671
v -3.204079 1.897933 -1.580488
v -3.535271 1.897528 -1.039423
v -3.651028 1.891039 -0.440159
v -3.623974 1.876727 0.240466
v -3.901241 4.394183 1.034789
v -3.598379 4.392714 1.458714
v -3.179554 4.392283 1.766614
v -2.691463 4.393057 1.919821
v -2.184868 4.396021 1.894494
v -1.705021 4.399340 1.705938
v -1.293129 4.400607 1.390363
v -0.991150 4.400031 0.976434
v -0.865108 4.395712 0.510339
v -1.029285 4.380461 0.038849
v -1.325716 4.366938 -0.413885
v -1.604687 4.367354 -0.820527
v -1.861336 4.379263 -1.136073
v -2.210426 4.389498 -1.311454
v -2.700447 4.391547 -1.317175
v -3.187656 4.392664 -1.165717
v -3.574612 4.400721 -0.881915
v -3.832537 4.414114 -0.488323
v -3.988253 4.416678 -0.002095
v -4.031574 4.404017 0.530341
v -0.601593 3.193755 -1.241688
v -0.400349 3.200949 -0.800258
v 0.016361 3.179713 -0.205637
v 0.073536 3.173655 0.389583
v -0.107151 3.176436 0.931686
v -0.442505 3.177836 1.401039
v -0.917807 3.176718 1.761982
v -1.522188 3.173888 1.972515
v -2.310524 3.171881 1.992846
v -3.064331 3.171427 1.816137
v -3.577513 3.170447 1.475642
v -3.846224 3.187583 0.982447
v -3.903740 3.231986 0.344917
v -3.967804 3.219828 -0.232073
v -3.928217 3.178813 -0.701316
v -3.614395 3.179740 -1.151520
v -3.128212 3.177596 -1.513921
v -2.398426 3.172751 -1.732364
v -1.595793 3.181975 -1.737693
v -1.015411 3.203101 -1.543553
v 0.299280 0.710345 -3.140740
v 0.956631 0.833312 -2.574624
v 1.149799 0.846282 -2.056200
v 1.919724 0.837844 -1.551054
v 1.811329 0.827216 -0.650277
v 2.142584 0.733264 0.146745
v 1.651352 0.767516 0.766555
v 0.973148 0.824324 1.313590
v 0.591208 0.830622 1.782939
v 0.268856 0.756220 2.437831
v -0.745068 0.799735 2.291618
v -1.841423 0.846282 1.867130
v -2.501354 0.846282 1.574074
v -2.760948 0.762061 0.841778
v -2.964329 0.609957 0.113192
v -2.957561 0.687098 -0.594711
v -2.712507 0.846282 -1.277552
v -2.395350 0.846305 -1.913322
v -1.642151 0.846282 -2.365773
v -0.691967 0.834139 -2.835905
v 0.292694 0.372683 -3.756925
v 1.228008 0.418463 -2.770103
v 1.337620 0.420973 -2.186638
v 2.956676 0.367438 -1.669305
v 2.261997 0.369364 -0.667878
v 3.150230 0.221892 0.178231
v 1.998646 0.324816 0.771317
v 1.137527 0.418910 1.313431
v 0.643787 0.404780 1.836430
v 0.378033 0.317732 2.849433
v -0.575722 0.378188 2.531381
v -1.614456 0.420973 1.907863
v -2.286812 0.420973 1.659884
v -2.662636 0.364920 0.893059
v -3.205526 0.335486 0.327864
v -2.958485 0.296328 -0.546874
v -2.507374 0.420973 -1.338941
v -2.145576 0.420973 -2.012686
v -1.426830 0.420973 -2.486347
v -0.683987 0.417658 -3.069731
v -3.660198 6.477506 0.886713
v -3.420633 6.445283 1.225054
v -3.089178 6.401996 1.470792
v -2.702774 6.352561 1.593071
v -2.301498 6.302958 1.572861
v -1.921360 6.256382 1.422368
v -1.595219 6.215147 1.170502
v -1.356258 6.183724 0.840139
v -1.256943 6.167384 0.468142
v -1.388451 6.172146 0.091838
v -1.624462 6.191840 -0.269496
v -1.845226 6.220776 -0.594042
v -2.047144 6.256518 -0.845884
v -2.322399 6.300416 -0.985859
v -2.710039 6.352287 -0.990425
v -3.095554 6.403129 -0.869545
v -3.401005 6.449185 -0.643036
v -3.603777 6.486236 -0.328905
v -3.726761 6.504233 0.059160
v -3.762348 6.498655 0.484106
v -2.845640 8.332293 0.718421
v -2.680830 8.282283 0.959494
v -2.452656 8.214002 1.134587
v -2.186537 8.135123 1.221711
v -1.909979 8.054428 1.207311
v -1.647942 7.978276 1.100083
v -1.423269 7.912045 0.920624
v -1.258793 7.862665 0.685237
v -1.190807 7.839836 0.420183
v -1.282757 7.858198 0.152062
v -1.446499 7.898990 -0.105394
v -1.598459 7.944542 -0.336637
v -1.736389 7.992730 -0.516077
v -1.924969 8.055026 -0.615811
v -2.191681 8.135759 -0.619065
v -2.457010 8.215527 -0.532937
v -2.666576 8.282786 -0.371547
v -2.804960 8.331992 -0.147724
v -2.889402 8.358689 0.128778
v -2.915070 8.358829 0.431558
v -1.727428 10.044594 0.770435
v -1.557627 9.951378 1.041571
v -1.322502 9.823377 1.246028
v -1.048351 9.674925 1.373714
v -0.763451 9.522052 1.407513
v -0.494570 9.377545 1.350283
v -0.266378 9.252611 1.206882
v -0.102196 9.160167 0.974226
v -0.038799 9.119294 0.689888
v -0.139305 9.160801 0.365066
v -0.309944 9.243623 0.031113
v -0.464474 9.328957 -0.271287
v -0.602411 9.413940 -0.504831
v -0.791237 9.526182 -0.649266
v -1.060135 9.676814 -0.690041
v -1.329140 9.826064 -0.621098
v -1.541821 9.948631 -0.455457
v -1.682728 10.034841 -0.203722
v -1.769480 10.083782 0.107261
v -1.797695 10.089881 0.447799
v 0.164515 11.628577 0.949916
v 0.282360 11.473400 1.313528
v 0.448372 11.259428 1.616711
v 0.643032 11.010562 1.830011
v 0.844456 10.753086 1.935964
v 1.030588 10.509409 1.923534
v 1.181515 10.299629 1.791805
v 1.282167 10.145246 1.576594
v 1.308174 10.079242 1.286790
v 1.217127 10.157176 0.947818
v 1.080349 10.303289 0.597968
v 0.961628 10.445864 0.289079
v 0.862543 10.581470 0.040871
v 0.734726 10.763621 -0.130406
v 0.557682 11.014565 -0.218234
v 0.385685 11.263713 -0.210139
v 0.255665 11.464354 -0.105172
v 0.176346 11.601185 0.083074
v 0.129269 11.681664 0.335853
v 0.115019 11.698902 0.627913
v 2.707020 12.016349 1.637756
v 2.732042 11.844119 1.948489
v 2.756668 11.605947 2.207176
v 2.775703 11.328383 2.372840
v 2.785667 11.040293 2.430101
v 2.783026 10.767417 2.378621
v 2.767765 10.533185 2.240526
v 2.740070 10.361455 2.017741
v 2.704126 10.289783 1.741757
v 2.661839 10.383152 1.453407
v 2.623577 10.551727 1.192577
v 2.596455 10.710371 0.948619
v 2.582504 10.856317 0.747182
v 2.577700 11.054830 0.612238
v 2.580490 11.333491 0.544799
v 2.592649 11.610555 0.557286
v 2.615120 11.830602 0.650617
v 2.644516 11.977272 0.815171
v 2.670227 12.065821 1.038129
v 2.687513 12.090463 1.309739
v 4.233021 11.571668 2.027738
v 4.182888 11.423100 2.294583
v 4.093243 11.217191 2.507049
v 3.973186 10.976863 2.637244
v 3.832996 10.726807 2.660440
v 3.685928 10.489807 2.586701
v 3.543268 10.286824 2.423795
v 3.419847 10.138434 2.183336
v 3.338879 10.077664 1.888909
v 3.340179 10.162779 1.622874
v 3.382618 10.312460 1.385764
v 3.428808 10.449574 1.162267
v 3.480783 10.572433 0.977231
v 3.569389 10.741240 0.855989
v 3.707842 10.981712 0.813322
v 3.857855 11.221067 0.853572
v 3.993301 11.409124 0.975731
v 4.103458 11.532185 1.174722
v 4.186604 11.608053 1.435745
v 4.234100 11.632977 1.730828
v 5.434053 9.654534 2.224792
v 5.376999 9.552447 2.433841
v 5.273558 9.410768 2.594929
v 5.133659 9.245255 2.683601
v 4.971413 9.072787 2.685942
v 4.801935 8.909265 2.605527
v 4.640999 8.769398 2.456290
v 4.505489 8.667328 2.250792
v 4.421215 8.626010 2.014585
v 4.429611 8.686400 1.795711
v 4.486708 8.791030 1.622617
v 4.542934 8.885358 1.452348
v 4.601751 8.968513 1.314407
v 4.699570 9.083493 1.228963
v 4.852928 9.248772 1.214266
v 5.018196 9.413391 1.263679
v 5.165882 9.541880 1.372555
v 5.284979 9.624999 1.536458
v 5.376867 9.676917 1.747579
v 5.433052 9.695570 1.987407
v 6.643541 8.919035 1.947303
v 6.630577 8.815020 2.111347
v 6.592989 8.670945 2.236074
v 6.534691 8.502859 2.305977
v 6.461529 8.328082 2.310821
v 6.380457 8.162463 2.255051
v 6.299175 8.020527 2.150943
v 6.225813 7.916684 2.007802
v 6.172537 7.873937 1.840808
v 6.156603 7.932658 1.664370
v 6.161491 8.036641 1.490950
v 6.171946 8.132587 1.333987
v 6.189701 8.219180 1.210276
v 6.230251 8.337828 1.135440
v 6.300495 8.506169 1.119348
v 6.381424 8.673678 1.161013
v 6.459988 8.805676 1.253557
v 6.529890 8.892491 1.389640
v 6.588291 8.945706 1.563283
v 6.628841 8.962459 1.758065
v 7.980953 8.943355 1.642677
v 8.011608 8.846393 1.775100
v 8.037167 8.712329 1.870626
v 8.054558 8.556118 1.917234
v 8.061810 8.394013 1.907525
v 8.058596 8.240481 1.846561
v 8.045769 8.108665 1.746005
v 8.024525 8.011997 1.614984
v 7.996117 7.971587 1.468340
v 7.959415 8.023894 1.321575
v 7.922363 8.118559 1.181008
v 7.892830 8.207858 1.054009
v 7.872921 8.290195 0.954865
v 7.859753 8.402091 0.900179
v 7.852421 8.558969 0.899759
v 7.854607 8.714930 0.948807
v 7.868773 8.838914 1.038718
v 7.893438 8.921681 1.162419
v 7.922108 8.971562 1.315588
v 7.950605 8.985229 1.483888
v 8.942779 9.471819 1.409371
v 9.011635 9.385717 1.533148
v 9.090381 9.266884 1.615550
v 9.170023 9.128593 1.646047
v 9.242208 8.985376 1.618854
v 9.301044 8.849803 1.540671
v 9.342422 8.733191 1.425340
v 9.361645 8.647470 1.281568
v 9.351713 8.611086 1.128302
v 9.296890 8.655366 0.987947
v 9.224047 8.737405 0.857655
v 9.160047 8.816577 0.740534
v 9.107677 8.891132 0.651335
v 9.049316 8.991651 0.609701
v 8.977912 9.130915 0.626632
v 8.915931 9.269240 0.692159
v 8.878443 9.380174 0.794656
v 8.867698 9.455312 0.925325
v 8.874657 9.499851 1.084070
v 8.896535 9.510247 1.254202
v 9.383809 10.592941 1.208456
v 9.468328 10.519809 1.332488
v 9.572767 10.419010 1.424190
v 9.684076 10.301817 1.464796
v 9.790717 10.180632 1.449335
v 9.882977 10.065960 1.382299
v 9.953027 9.967191 1.271990
v 9.994164 9.894456 1.130332
v 9.994884 9.863236 0.973997
v 9.932869 9.899482 0.830789
v 9.844303 9.967892 0.697931
v 9.764715 10.035059 0.574604
v 9.697289 10.099291 0.478671
v 9.617491 10.185395 0.429755
v 9.515066 10.303657 0.437187
v 9.421080 10.421041 0.494246
v 9.356378 10.515791 0.590755
v 9.325550 10.580644 0.722996
v 9.318180 10.618629 0.880808
v 9.333070 10.626365 1.051227
v 10.952354 11.003092 1.021459
v 10.988805 10.924345 1.152821
v 11.029842 10.815547 1.255671
v 11.070580 10.688841 1.319973
v 11.105848 10.557462 1.335406
v 11.132074 10.433057 1.304644
v 11.146700 10.326169 1.233398
v 11.148111 10.247705 1.127100
v 11.133830 10.214702 0.994952
v 11.097154 10.256373 0.845741
v 11.054197 10.332502 0.702966
v 11.019566 10.404979 0.592508
v 10.993815 10.472383 0.522362
v 10.967250 10.563688 0.466571
v 10.936730 10.691078 0.449310
v 10.912938 10.817677 0.468474
v 10.902330 10.918679 0.527909
v 10.905213 10.986509 0.615313
v 10.914849 11.027111 0.731656
v 10.927791 11.037562 0.875099
v 12.297218 10.355457 1.263702
v 12.282328 10.282490 1.384778
v 12.248871 10.181400 1.474068
v 12.199651 10.063450 1.519211
v 12.140056 9.940775 1.516770
v 12.075239 9.824523 1.468509
v 12.011128 9.724914 1.382665
v 11.954623 9.652056 1.266763
v 11.915365 9.622117 1.136170
v 11.906755 9.663507 1.002908
v 11.916017 9.736641 0.879909
v 11.929360 9.803958 0.770513
v 11.947710 9.864570 0.691796
v 11.982977 9.947697 0.652256
v 12.040936 10.065792 0.652271
v 12.105979 10.183314 0.691512
v 12.168324 10.275834 0.763205
v 12.222279 10.336586 0.864457
v 12.266325 10.373892 0.985415
v 12.291391 10.385804 1.123029
v 13.347673 9.865965 1.377197
v 13.343185 9.819617 1.459664
v 13.324816 9.755406 1.518152
v 13.294062 9.680487 1.545424
v 13.255190 9.602565 1.542310
v 13.211433 9.528724 1.508753
v 13.167093 9.465453 1.451592
v 13.127394 9.419175 1.377605
v 13.098665 9.400158 1.293802
v 13.090309 9.426449 1.213889
v 13.093500 9.472902 1.140623
v 13.098963 9.515661 1.072131
v 13.108137 9.554161 1.019368
v 13.130026 9.606961 0.994649
v 13.167807 9.681974 0.998183
v 13.211281 9.756622 1.025585
v 13.253353 9.815390 1.073738
v 13.291080 9.853978 1.137687
v 13.321852 9.877674 1.213503
v 13.340399 9.885242 1.292532
v 14.768547 10.109927 1.408612
v 14.789356 10.058572 1.485059
v 14.804068 9.987542 1.543042
v 14.810793 9.904757 1.575473
v 14.808117 9.818811 1.577303
v 14.796724 9.737406 1.550456
v 14.777712 9.667539 1.499959
v 14.754768 9.616324 1.433852
v 14.729153 9.594982 1.357332
v 14.703131 9.622942 1.278795
v 14.678627 9.673321 1.199872
v 14.658440 9.720634 1.127523
v 14.646130 9.764070 1.074106
v 14.641768 9.823196 1.045433
v 14.645988 9.906292 1.044365
v 14.657236 9.988914 1.065827
v 14.674883 10.054482 1.106541
v 14.697533 10.098124 1.165116
v 14.721565 10.124514 1.238320
v 14.744680 10.131959 1.320516
v 15.914177 9.490837 1.197005
v 15.930483 9.455568 1.244927
v 15.941420 9.406787 1.279979
v 15.945639 9.349933 1.297972
v 15.942432 9.290909 1.296034
v 15.932640 9.235002 1.276234
v 15.917522 9.187019 1.242124
v 15.898584 9.151847 1.196878
v 15.878237 9.137190 1.146474
v 15.857912 9.156392 1.095387
v 15.839201 9.190990 1.046029
v 15.823822 9.223483 1.001154
v 15.813559 9.253314 0.966511
v 15.809267 9.293921 0.946761
v 15.811657 9.350987 0.945140
v 15.820299 9.407729 0.960259
v 15.834581 9.452759 0.989426
v 15.853195 9.482731 1.030204
v 15.874292 9.500854 1.082834
v 15.894846 9.505968 1.140737
v 16.753460 8.587684 0.913428
v 16.770334 8.552415 0.959921
v 16.781693 8.503634 0.994048
v 16.786091 8.446780 1.011537
v 16.782843 8.387755 1.009666
v 16.772631 8.331849 0.990080
v 16.756994 8.283866 0.956709
v 16.737391 8.248694 0.912578
v 16.715960 8.234036 0.862626
v 16.694523 8.253240 0.811994
v 16.674749 8.287837 0.763053
v 16.658400 8.320331 0.718522
v 16.647146 8.350162 0.683390
v 16.642298 8.390767 0.663293
v 16.644657 8.447835 0.661622
v 16.653763 8.504577 0.676989
v 16.668898 8.549605 0.706564
v 16.688786 8.579577 0.748024
v 16.711048 8.597701 0.800174
v 16.733137 8.602815 0.858204
v 17.460649 8.326773 0.627877
v 17.477520 8.291504 0.674370
v 17.488876 8.242723 0.708498
v 17.493279 8.185869 0.725986
v 17.490028 8.126844 0.724115
v 17.479815 8.070938 0.704530
v 17.464182 8.022955 0.671160
v 17.444576 7.987783 0.627028
v 17.423149 7.973125 0.577075
v 17.401709 7.992328 0.526444
v 17.381937 8.026926 0.477502
v 17.365591 8.059420 0.432971
v 17.354334 8.089251 0.397840
v 17.349493 8.129856 0.377742
v 17.351843 8.186924 0.376072
v 17.360947 8.243666 0.391439
v 17.376085 8.288694 0.421013
v 17.395973 8.318666 0.462473
v 17.418234 8.336790 0.514623
v 17.440321 8.341904 0.572655
v 18.599913 8.342721 0.132807
v 18.610369 8.320857 0.161628
v 18.617413 8.290618 0.182785
v 18.620140 8.255372 0.193627
v 18.618126 8.218781 0.192466
v 18.611794 8.184125 0.180324
v 18.602100 8.154379 0.159639
v 18.589951 8.132575 0.132280
v 18.576660 8.123488 0.101315
v 18.563375 8.135393 0.069927
v 18.551115 8.156840 0.039588
v 18.540983 8.176984 0.011981
v 18.534006 8.195477 -0.009798
v 18.531000 8.220649 -0.022255
v 18.532463 8.256026 -0.023292
v 18.538105 8.291202 -0.013765
v 18.547489 8.319116 0.004569
v 18.559822 8.337695 0.030270
v 18.573620 8.348931 0.062598
v 18.587309 8.352101 0.098575
v 19.375528 8.963188 -0.238861
v 10.156676 10.809840 1.285383
v 10.084485 10.914704 1.181853
v 10.024650 10.990691 1.047569
v 9.988130 11.024647 0.893639
v 9.975331 11.015531 0.735137
v 9.976048 10.976215 0.597118
v 9.991353 10.909849 0.493338
v 10.029531 10.811922 0.423026
v 10.088326 10.689854 0.390096
v 10.153988 10.566953 0.402604
v 10.206479 10.478204 0.457538
v 10.252395 10.412360 0.549179
v 10.309233 10.342494 0.678200
v 10.374564 10.270161 0.820987
v 10.423269 10.231157 0.967581
v 10.429015 10.263284 1.105658
v 10.407016 10.338931 1.224952
v 10.363326 10.441826 1.305192
v 10.303839 10.561445 1.350439
v 10.232532 10.687812 1.343798
v 13.998522 9.737957 1.498101
v 13.990507 9.786559 1.414722
v 13.977182 9.807076 1.333545
v 13.957569 9.799564 1.256900
v 13.931072 9.774655 1.185545
v 13.900532 9.733790 1.126097
v 13.869461 9.671960 1.081320
v 13.840534 9.593722 1.056814
v 13.817810 9.515069 1.055139
v 13.808336 9.459419 1.084031
v 13.808931 9.418696 1.138376
v 13.814684 9.373887 1.208256
v 13.823210 9.325665 1.281836
v 13.838509 9.298623 1.357967
v 13.865396 9.318687 1.437345
v 13.898243 9.367188 1.509012
v 13.931408 9.433429 1.563623
v 13.960951 9.510677 1.594415
v 13.983412 9.592213 1.594325
v 13.996426 9.670674 1.560729
v 15.357845 10.100149 1.314098
v 15.336456 10.118664 1.243667
v 15.313896 10.112407 1.171824
v 15.291166 10.090230 1.108350
v 15.270613 10.053555 1.059097
v 15.254940 9.998455 1.025487
v 15.245928 9.929024 1.010233
v 15.243605 9.859194 1.014749
v 15.248219 9.809505 1.039619
v 15.258917 9.773005 1.080673
v 15.275846 9.733245 1.135931
v 15.298368 9.690908 1.202034
v 15.323387 9.667413 1.271211
v 15.347158 9.685348 1.335705
v 15.368429 9.728386 1.390836
v 15.384575 9.787099 1.430361
v 15.394316 9.855509 1.451442
v 15.396273 9.927732 1.449577
v 15.389856 9.997302 1.422756
v 15.376596 10.056993 1.375770
v 5.319237 8.588988 1.221291
v 5.249821 8.472149 1.295804
v 5.210917 8.387250 1.419787
v 5.178566 8.292102 1.589255
v 5.151247 8.187800 1.783808
v 5.155821 8.128257 1.981536
v 5.222223 8.170299 2.168634
v 5.323179 8.273267 2.327935
v 5.444923 8.414184 2.458666
v 5.571568 8.578769 2.533502
v 5.689999 8.752408 2.534439
v 5.789164 8.919225 2.457792
v 5.859142 9.062119 2.315687
v 5.893288 9.165183 2.128559
v 5.884949 9.207430 1.915586
v 5.836296 9.189740 1.698689
v 5.761036 9.137165 1.506720
v 5.666712 9.052172 1.357940
v 5.553818 8.921905 1.257201
v 5.430904 8.755819 1.209381
v 5.013447 10.726996 2.174906
v 5.010519 10.778737 1.906834
v 4.956100 10.756772 1.639211
v 4.866030 10.692209 1.400562
v 4.749699 10.588000 1.217268
v 4.607685 10.428061 1.102533
v 4.450735 10.223981 1.060950
v 4.306355 10.019000 1.094016
v 4.214830 9.875600 1.198100
v 4.161297 9.771481 1.357688
v 4.112286 9.654561 1.553738
v 4.065483 9.526145 1.763221
v 4.061344 9.452701 1.994531
v 4.148434 9.504289 2.271039
v 4.280893 9.630816 2.498688
v 4.434109 9.804008 2.655675
v 4.592623 10.006326 2.732888
v 4.741972 10.219761 2.715770
v 4.869144 10.424775 2.602394
v 4.963127 10.600368 2.415120
v -0.814308 10.844224 1.180944
v -0.957483 10.969194 0.862416
v -1.017105 11.027312 0.540104
v -0.996046 11.015505 0.224410
v -0.929626 10.950401 -0.056745
v -0.820284 10.838249 -0.275943
v -0.649963 10.675671 -0.410490
v -0.430676 10.475225 -0.448249
v -0.208851 10.273186 -0.383360
v -0.051291 10.125116 -0.225169
v 0.066734 10.014189 0.015890
v 0.202915 9.899521 0.321615
v 0.356201 9.784264 0.663715
v 0.451859 9.724089 0.995788
v 0.407623 9.777840 1.282927
v 0.275999 9.902027 1.506643
v 0.087404 10.070443 1.644062
v -0.139069 10.265772 1.678334
v -0.381189 10.472252 1.607557
v -0.614601 10.672165 1.435996
v 11.459700 11.070518 0.706478
v 11.428681 11.090058 0.628528
v 11.384686 11.138863 0.571326
v 11.332170 11.207657 0.532516
v 11.276413 11.288255 0.512492
v 11.223201 11.372758 0.515172
v 11.177575 11.452909 0.539382
v 11.143954 11.520872 0.582194
v 11.126998 11.569605 0.646993
v 11.129210 11.594155 0.732130
v 11.149649 11.592574 0.825469
v 11.185439 11.567305 0.911692
v 11.233467 11.521533 0.972777
v 11.290127 11.456208 1.010531
v 11.347621 11.376591 1.032412
v 11.398491 11.293739 1.035007
v 11.438207 11.218002 1.016796
v 11.465355 11.157206 0.971388
v 11.477429 11.113309 0.895005
v 11.475718 11.082256 0.801508
v 10.519724 11.030717 0.826030
v 10.540039 11.036338 0.923336
v 10.525076 11.006282 0.732502
v 10.535732 10.917784 0.673011
v 10.569030 10.817244 0.637267
v 10.623597 10.714027 0.620318
v 10.678724 10.610159 0.625525
v 10.734235 10.504656 0.657550
v 10.773467 10.461346 0.701312
v 10.810713 10.402319 0.780509
v 10.867537 10.347292 0.890438
v 10.873006 10.379131 0.993517
v 10.865286 10.406740 1.086534
v 10.817098 10.495162 1.148478
v 10.797672 10.556783 1.190635
v 10.767781 10.601356 1.214806
v 10.712305 10.710176 1.198905
v 10.655184 10.809223 1.162471
v 10.598939 10.897141 1.105914
v 10.561317 10.975067 1.025499
v 11.850576 11.644773 0.472809
v 11.822968 11.662406 0.404295
v 11.784556 11.706947 0.360445
v 11.738875 11.769704 0.335843
v 11.690247 11.842978 0.327663
v 11.643676 11.919557 0.338136
v 11.603539 11.991914 0.365119
v 11.573768 12.053039 0.405921
v 11.558656 12.096715 0.464417
v 11.560523 12.118590 0.539798
v 11.578621 12.117001 0.621878
v 11.610388 12.094144 0.696970
v 11.653018 12.052856 0.748865
v 11.703122 11.993844 0.778075
v 11.753647 11.921751 0.790491
v 11.797976 11.846518 0.783525
v 11.832265 11.777608 0.757644
v 11.855710 11.722433 0.710472
v 11.866449 11.683084 0.641593
v 11.864892 11.655263 0.557680
v 12.357082 12.286915 0.408393
v 12.329334 12.296523 0.350845
v 12.288223 12.324672 0.315017
v 12.238195 12.365355 0.296130
v 12.184084 12.413341 0.290878
v 12.131437 12.463936 0.301124
v 12.085299 12.512186 0.325097
v 12.050098 12.553373 0.360052
v 12.030748 12.583480 0.409864
v 12.029867 12.599465 0.472743
v 12.046935 12.600108 0.540532
v 12.079022 12.586884 0.601691
v 12.122929 12.561898 0.643355
v 12.175732 12.524914 0.665300
v 12.231037 12.477989 0.672572
v 12.281624 12.427823 0.664631
v 12.322418 12.381042 0.641528
v 12.351259 12.343465 0.602087
v 12.366199 12.316339 0.545854
v 12.368544 12.296117 0.477493
v 12.662136 13.174488 0.452469
v 12.637323 13.174908 0.408147
v 12.598482 13.183689 0.379647
v 12.550377 13.198117 0.363867
v 12.497873 13.216099 0.358814
v 12.446312 13.235884 0.365758
v 12.400652 13.255545 0.383697
v 12.365303 13.273154 0.410575
v 12.344965 13.287127 0.448677
v 12.342400 13.296236 0.497509
v 12.357061 13.299549 0.549301
v 12.386139 13.297750 0.596355
v 12.426020 13.291574 0.627289
v 12.474865 13.280192 0.643341
v 12.527851 13.263101 0.648842
v 12.577850 13.242891 0.643063
v 12.619377 13.222727 0.626090
v 12.649185 13.206111 0.597207
v 12.665531 13.193362 0.556037
v 12.670498 13.182207 0.505927
v 12.681232 14.076648 0.384888
v 12.663839 14.077323 0.354097
v 12.636930 14.084149 0.337711
v 12.603504 14.094855 0.331022
v 12.566982 14.107942 0.332208
v 12.531075 14.122166 0.341835
v 12.499224 14.136113 0.358403
v 12.474562 14.148474 0.380658
v 12.460369 14.158112 0.409927
v 12.458469 14.164008 0.444812
v 12.468609 14.165645 0.480813
v 12.488817 14.163654 0.512392
v 12.516737 14.158807 0.532784
v 12.551027 14.150606 0.542164
v 12.588156 14.138499 0.543064
v 12.623051 14.124070 0.535065
v 12.651974 14.109753 0.519080
v 12.672642 14.098158 0.494472
v 12.683840 14.089278 0.461701
v 12.687181 14.081759 0.423785
v 12.951939 14.871552 0.348494
v 12.941872 14.876032 0.328766
v 12.926168 14.885192 0.318417
v 12.906574 14.897288 0.314289
v 12.885105 14.910976 0.315261
v 12.863953 14.924890 0.321693
v 12.845148 14.937682 0.332589
v 12.830505 14.948134 0.346967
v 12.821934 14.954955 0.365656
v 12.820583 14.957311 0.388594
v 12.826305 14.955142 0.412182
v 12.838102 14.949439 0.433333
v 12.854671 14.941282 0.446632
v 12.875092 14.930472 0.452867
v 12.896990 14.917106 0.453455
v 12.917448 14.903133 0.448376
v 12.934322 14.890530 0.437758
v 12.946548 14.881230 0.421796
v 12.953371 14.875562 0.400244
v 12.955444 14.872163 0.374725
v 13.407795 15.461508 0.427372
v 13.400537 15.466899 0.412216
v 13.389124 15.476298 0.403897
v 13.374912 15.488296 0.400796
v 13.359348 15.501602 0.401881
v 13.344019 15.514880 0.407384
v 13.330393 15.526846 0.416582
v 13.319801 15.536346 0.428555
v 13.313593 15.542118 0.444027
v 13.312574 15.543386 0.462564
v 13.316681 15.540237 0.481546
v 13.325203 15.533643 0.498095
v 13.337345 15.524833 0.508556
v 13.352310 15.513714 0.513015
v 13.368214 15.500583 0.512865
v 13.382936 15.487298 0.508078
v 13.395023 15.475672 0.499079
v 13.403814 15.467386 0.485714
v 13.408777 15.462778 0.468085
v 13.410263 15.460641 0.447459
v 14.050316 15.859088 0.425350
v 11.909594 12.418796 0.434277
v 11.905674 12.380945 0.393068
v 11.922194 12.336299 0.369318
v 11.952989 12.287689 0.359123
v 11.993100 12.238854 0.360064
v 12.039117 12.195372 0.373993
v 12.086260 12.161078 0.398501
v 12.129959 12.139335 0.431000
v 12.167248 12.135012 0.472968
v 12.195240 12.150132 0.523001
v 12.210808 12.181890 0.574258
v 12.212704 12.224825 0.618122
v 12.199842 12.272767 0.644483
v 12.172359 12.323701 0.654796
v 12.133332 12.373667 0.654715
v 12.088289 12.416097 0.643945
v 12.043139 12.446645 0.623035
v 12.001986 12.462230 0.589226
v 11.965861 12.461100 0.542545
v 11.933016 12.446012 0.487803
v 12.393333 12.501851 0.298633
v 12.382593 12.459999 0.263990
v 12.389349 12.411033 0.249851
v 12.408531 12.358136 0.251442
v 12.436106 12.305121 0.264706
v 12.470013 12.258104 0.289409
v 12.506788 12.221421 0.322583
v 12.542688 12.198439 0.360262
v 12.576283 12.195045 0.403894
v 12.604956 12.213051 0.451050
v 12.625282 12.249136 0.495475
v 12.635078 12.296761 0.529959
v 12.632265 12.348534 0.545991
v 12.616093 12.402289 0.544582
v 12.588564 12.454877 0.532036
v 12.554153 12.499765 0.510497
v 12.517712 12.532220 0.481587
v 12.483076 12.548705 0.444043
v 12.450691 12.547250 0.397961
v 12.418903 12.531037 0.346594
v 13.143000 12.274607 0.291619
v 13.126417 12.237504 0.266140
v 13.119055 12.193340 0.258512
v 13.118523 12.145382 0.264516
v 13.123323 12.097227 0.280679
v 13.133297 12.054095 0.306085
v 13.147270 12.019941 0.337855
v 13.163824 11.997972 0.372758
v 13.183077 11.993210 0.410832
v 13.204277 12.007954 0.450595
v 13.224316 12.038933 0.485990
v 13.241224 12.080844 0.512110
v 13.251760 12.126114 0.521044
v 13.255108 12.173929 0.514465
v 13.251383 12.222485 0.498522
v 13.241268 12.265089 0.475177
v 13.226315 12.296455 0.445799
v 13.209000 12.312932 0.411312
v 13.189262 12.313040 0.372361
v 13.166355 12.300237 0.330794
v 13.804090 12.177732 0.146672
v 13.791565 12.147975 0.123770
v 13.787527 12.113197 0.118686
v 13.788900 12.075016 0.125693
v 13.794390 12.036420 0.141626
v 13.803724 12.001577 0.165545
v 13.815786 11.973618 0.194583
v 13.829573 11.955416 0.226253
v 13.845041 11.951042 0.260548
v 13.861160 11.961973 0.295400
v 13.875980 11.986241 0.326497
v 13.888033 12.019437 0.349100
v 13.895536 12.056227 0.357402
v 13.897722 12.095557 0.352276
v 13.894005 12.135303 0.337986
v 13.884724 12.169913 0.316205
v 13.871794 12.195442 0.289166
v 13.857183 12.208594 0.256864
v 13.840757 12.208396 0.220318
v 13.822388 12.198093 0.182034
v 14.102531 12.319135 -0.009097
v 14.104528 12.300293 -0.032759
v 14.118534 12.280713 -0.046064
v 14.140392 12.260403 -0.052378
v 14.167103 12.240732 -0.052869
v 14.196171 12.223921 -0.046948
v 14.224623 12.211412 -0.035632
v 14.249773 12.204454 -0.019938
v 14.269518 12.205162 0.001321
v 14.282339 12.214559 0.028210
v 14.286736 12.230848 0.056447
v 14.283062 12.251892 0.082028
v 14.270977 12.274158 0.098177
v 14.251036 12.296846 0.106170
v 14.225111 12.317835 0.108277
v 14.196892 12.334402 0.104194
v 14.169731 12.344840 0.093600
v 14.146450 12.348691 0.076006
v 14.127708 12.345098 0.051125
v 14.112282 12.335022 0.021466
v 14.603031 13.292121 -0.560253
v 14.604435 13.279289 -0.575550
v 14.613194 13.264935 -0.584134
v 14.627010 13.249779 -0.587527
v 14.643936 13.234850 -0.586738
v 14.662376 13.221795 -0.581499
v 14.680504 13.211800 -0.572513
v 14.696529 13.205827 -0.560682
v 14.709177 13.205482 -0.545198
v 14.717354 13.211378 -0.526456
v 14.720217 13.222475 -0.507142
v 14.717840 13.237061 -0.490349
v 14.710333 13.253007 -0.480032
v 14.697783 13.269515 -0.475820
v 14.681307 13.285158 -0.475827
v 14.663218 13.297844 -0.480146
v 14.645811 13.306328 -0.488588
v 14.630848 13.309989 -0.501750
v 14.618845 13.308319 -0.519499
v 14.608940 13.302076 -0.540181
v 15.072060 13.353425 -0.705206
v 14.361168 12.705640 -0.106713
v 14.345179 12.724029 -0.100180
v 14.324293 12.741026 -0.098652
v 14.301453 12.754410 -0.102390
v 14.279440 12.762833 -0.111498
v 14.260445 12.765862 -0.126537
v 14.245060 12.762860 -0.147597
v 14.232309 12.754617 -0.172602
v 14.224325 12.741938 -0.197862
v 14.225800 12.726741 -0.217466
v 14.236891 12.710751 -0.228709
v 14.254416 12.694216 -0.233975
v 14.275913 12.678216 -0.234303
v 14.299366 12.664565 -0.229217
v 14.322414 12.654435 -0.219529
v 14.342842 12.648833 -0.206155
v 14.359013 12.649495 -0.188058
v 14.369617 12.657166 -0.165383
v 14.373466 12.670469 -0.141599
v 14.370714 12.687531 -0.120256
v 14.453278 13.080894 -0.299980
v 14.434401 13.097271 -0.299152
v 14.413733 13.110340 -0.303154
v 14.393814 13.118786 -0.311959
v 14.376663 13.122107 -0.326144
v 14.362816 13.119713 -0.345694
v 14.351362 13.112380 -0.368728
v 14.344322 13.100942 -0.391624
v 14.345758 13.086825 -0.409265
v 14.355789 13.071584 -0.419296
v 14.371628 13.055673 -0.423709
v 14.391033 13.040162 -0.423527
v 14.412209 13.026784 -0.418373
v 14.433010 13.016714 -0.409003
v 14.451439 13.010942 -0.396332
v 14.466007 13.011144 -0.379427
v 14.475502 13.018010 -0.358546
v 14.478891 13.030313 -0.336798
v 14.476318 13.046231 -0.317528
v 14.467699 13.063363 -0.305455
v 11.624442 11.981085 0.380437
v 11.755302 11.966521 -0.272896
v 11.722134 11.947072 -0.276084
v 11.585213 11.955715 0.378487
v 11.705730 11.917101 -0.280793
v 11.562473 11.917994 0.374022
v 11.700559 11.879985 -0.286223
v 11.552722 11.872271 0.368108
v 11.704373 11.839502 -0.291916
v 11.553541 11.823003 0.361376
v 11.717528 11.799774 -0.297242
v 11.565692 11.775237 0.354567
v 11.738136 11.764595 -0.301745
v 11.587492 11.733539 0.348312
v 11.764585 11.737429 -0.304980
v 11.616649 11.701903 0.343200
v 11.798098 11.721971 -0.306189
v 11.654752 11.684898 0.340057
v 11.836959 11.720246 -0.304976
v 11.700966 11.685094 0.339379
v 11.876201 11.731918 -0.301652
v 11.747985 11.701541 0.340994
v 11.909961 11.754588 -0.297539
v 11.789335 11.731068 0.343772
v 11.931088 11.785375 -0.294272
v 11.814826 11.769445 0.346153
v 11.939665 11.822999 -0.291042
v 11.825254 11.815335 0.349348
v 11.938305 11.864007 -0.286062
v 11.825191 11.864928 0.355290
v 11.926866 11.902786 -0.280005
v 11.814520 11.911489 0.362928
v 11.906809 11.935021 -0.274416
v 11.793439 11.949782 0.370451
v 11.877957 11.957793 -0.271610
v 11.762645 11.976251 0.375397
v 11.840806 11.969853 -0.271257
v 11.722208 11.989320 0.377785
v 11.798357 11.973271 -0.271698
v 11.674369 11.991458 0.379614
v 11.795774 12.159892 -0.568977
v 11.771412 12.151125 -0.583222
v 11.760452 12.138473 -0.604171
v 11.758362 12.122971 -0.629458
v 11.763314 12.106179 -0.656650
v 11.775421 12.089827 -0.682927
v 11.793010 12.075466 -0.705820
v 11.814488 12.064505 -0.723125
v 11.840589 12.058379 -0.732166
v 11.871026 12.057940 -0.731397
v 11.901091 12.063005 -0.721466
v 11.926989 12.073038 -0.704614
v 11.941916 12.087206 -0.683774
v 11.946923 12.104346 -0.659097
v 11.944029 12.121791 -0.631742
v 11.933731 12.137318 -0.605536
v 11.916660 12.149582 -0.583882
v 11.893459 12.158449 -0.569511
v 11.863925 12.163258 -0.563256
v 11.829902 12.163963 -0.562928
v 11.819268 12.614553 -0.671740
v 11.799135 12.607657 -0.683306
v 11.789729 12.597445 -0.700254
v 11.787805 12.584862 -0.720646
v 11.791794 12.571173 -0.742532
v 11.801792 12.557784 -0.763639
v 11.816471 12.545975 -0.781983
v 11.834453 12.536898 -0.795795
v 11.856418 12.531713 -0.802918
v 11.881917 12.531109 -0.802126
v 11.907178 12.534997 -0.793965
v 11.928765 12.542931 -0.780275
v 11.941367 12.554321 -0.763420
v 11.945542 12.568197 -0.743548
v 11.943100 12.582394 -0.721553
v 11.934396 12.595085 -0.700527
v 11.920117 12.605177 -0.683171
v 11.900593 12.612546 -0.671731
v 11.875809 12.616672 -0.666853
v 11.847309 12.617498 -0.666757
v 11.846703 13.254664 -1.043524
v 11.944073 13.377302 -1.499663
v 11.830812 13.248413 -1.052957
v 11.823104 13.238673 -1.066530
v 11.821573 13.226556 -1.082708
v 11.824871 13.213289 -1.099960
v 11.833056 13.200222 -1.116501
v 11.845114 13.188609 -1.130759
v 11.859851 13.179585 -1.141370
v 11.877867 13.174279 -1.146592
v 11.898558 13.173352 -1.145503
v 11.919051 13.176779 -1.138587
v 11.936300 13.184064 -1.127425
v 11.946444 13.194690 -1.113986
v 11.949592 13.207784 -1.098359
v 11.947342 13.221443 -1.081072
v 11.939961 13.233867 -1.064562
v 11.928193 13.243937 -1.050982
v 11.912115 13.251367 -1.042251
v 11.891897 13.255655 -1.038829
v 11.868765 13.256882 -1.039202
v 11.930526 12.952792 -0.868402
v 11.934236 12.966317 -0.850463
v 11.931879 12.980261 -0.830619
v 11.923782 12.992836 -0.811646
v 11.910645 13.002919 -0.796013
v 11.892690 13.010314 -0.785806
v 11.869986 13.014511 -0.781592
v 11.843934 13.015526 -0.781713
v 11.818619 13.012911 -0.786392
v 11.800422 13.006307 -0.796982
v 11.791784 12.996313 -0.812394
v 11.790041 12.983936 -0.830867
v 11.793716 12.970445 -0.850641
v 11.802885 12.957199 -0.869668
v 11.816374 12.945481 -0.886150
v 11.832875 12.936426 -0.898503
v 11.853040 12.931186 -0.904760
v 11.876349 12.930437 -0.903831
v 11.899439 12.934116 -0.896237
v 11.919046 12.941748 -0.883699
v 9.214844 8.754037 1.038810
v 9.172154 8.750825 1.117374
v 9.273361 8.777951 0.971505
v 9.341908 8.820182 0.922122
v 9.413818 8.876832 0.895965
v 9.481965 8.942279 0.895447
v 9.539681 9.010179 0.920860
v 9.581296 9.073890 0.969689
v 9.602510 9.127860 1.039153
v 9.601680 9.165732 1.119261
v 9.578838 9.183747 1.202160
v 9.535902 9.181075 1.282284
v 9.477231 9.157651 1.350967
v 9.408516 9.115724 1.401303
v 9.336639 9.059083 1.427507
v 9.268567 8.993381 1.427259
v 9.211084 8.925012 1.400416
v 9.169749 8.860517 1.349340
v 9.148577 8.806500 1.279758
v 9.149379 8.768676 1.199798
v 9.729913 8.585088 1.131971
v 9.751962 8.593793 1.076141
v 9.780634 8.620811 1.028332
v 9.813106 8.663478 0.993292
v 9.846220 8.717628 0.974370
v 9.876781 8.777690 0.972809
v 9.901744 8.838120 0.989551
v 9.918600 8.893081 1.023233
v 9.925696 8.937156 1.070519
v 9.922359 8.965938 1.126485
v 9.909277 8.975934 1.183587
v 9.887347 8.966889 1.238489
v 9.858762 8.939631 1.285602
v 9.826404 8.896659 1.319807
v 9.793502 8.842130 1.337480
v 9.763324 8.781039 1.336188
v 9.738808 8.719581 1.316397
v 9.722055 8.664426 1.282136
v 9.714840 8.620692 1.235801
v 9.717559 8.593295 1.183930
v 9.893329 7.978118 1.167690
v 9.924014 7.980072 1.114723
v 9.966294 7.996084 1.070118
v 10.015990 8.024632 1.038296
v 10.068296 8.062964 1.022461
v 10.118120 8.107139 1.023730
v 10.160425 8.153163 1.042865
v 10.191081 8.196624 1.078266
v 10.207078 8.233275 1.126484
v 10.206818 8.259511 1.182841
v 10.190664 8.272038 1.239559
v 10.159823 8.270427 1.293523
v 10.117377 8.254815 1.339339
v 10.067518 8.226638 1.372222
v 10.015114 8.188558 1.388777
v 9.965439 8.143996 1.386435
v 9.923440 8.097278 1.365226
v 9.892933 8.053468 1.328781
v 9.877175 8.016273 1.278964
v 9.877312 7.990331 1.223511
v 10.356427 7.374563 1.286567
v 10.387111 7.376505 1.233603
v 10.429393 7.392529 1.188994
v 10.479088 7.421111 1.157301
v 10.531341 7.459544 1.141756
v 10.581097 7.503875 1.143458
v 10.623336 7.550057 1.163070
v 10.653929 7.593645 1.198860
v 10.669880 7.630404 1.247395
v 10.669592 7.656709 1.303927
v 10.653437 7.669245 1.360670
v 10.622622 7.667570 1.414447
v 10.580235 7.651836 1.459914
v 10.530437 7.623503 1.492355
v 10.478102 7.585270 1.508458
v 10.428492 7.540585 1.505728
v 10.386526 7.493756 1.484229
v 10.356033 7.449903 1.447661
v 10.340272 7.412707 1.397845
v 10.340420 7.386772 1.342390
v 10.997437 7.076933 1.679579
v 11.012745 7.082871 1.629157
v 11.032055 7.102759 1.581528
v 11.053496 7.134677 1.541583
v 11.074936 7.175571 1.513333
v 11.094294 7.221322 1.499268
v 11.109632 7.267658 1.501344
v 11.119413 7.310065 1.519427
v 11.122716 7.344370 1.551702
v 11.119395 7.366691 1.593403
v 11.109913 7.374587 1.639821
v 11.095043 7.367614 1.687272
v 11.076064 7.346929 1.732562
v 11.054827 7.314531 1.771109
v 11.033409 7.273635 1.799338
v 11.014002 7.227929 1.813567
v 10.998577 7.181829 1.812155
v 10.988447 7.140243 1.796462
v 10.984809 7.106764 1.766573
v 10.987730 7.085390 1.727604
v 11.992038 7.228403 2.034858
v 11.998789 7.238292 1.978187
v 12.004101 7.265924 1.925595
v 12.007481 7.308596 1.882210
v 12.008589 7.362128 1.852318
v 12.007361 7.421148 1.838405
v 12.003864 7.480128 1.842608
v 11.998341 7.533340 1.864620
v 11.991403 7.575520 1.902104
v 11.983730 7.602542 1.951474
v 11.976400 7.610946 2.005423
v 11.969780 7.600787 2.061305
v 11.964525 7.573021 2.113505
v 11.961125 7.530330 2.156840
v 11.959987 7.476891 2.187035
v 11.961302 7.417656 2.200324
v 11.964948 7.358381 2.195250
v 11.970394 7.305349 2.173783
v 11.977248 7.263332 2.136699
v 11.984552 7.237171 2.089895
v 12.624844 6.897000 2.252888
v 12.634560 6.903056 2.219477
v 12.646568 6.919885 2.188964
v 12.659681 6.945835 2.164376
v 12.672617 6.978404 2.148166
v 12.684141 7.014296 2.141684
v 12.693052 7.050179 2.146081
v 12.698448 7.082608 2.161083
v 12.699820 7.108412 2.185232
v 12.696978 7.125093 2.216300
v 12.690340 7.130803 2.250534
v 12.680416 7.125191 2.285278
v 12.668222 7.108814 2.317064
v 12.654963 7.083187 2.342623
v 12.641954 7.050809 2.359338
v 12.630547 7.014636 2.365037
v 12.621874 6.978196 2.359032
v 12.616644 6.945355 2.342820
v 12.615540 6.918972 2.316970
v 12.618355 6.902324 2.285995
v 13.256531 6.759696 2.375292
v 13.261997 6.764304 2.351410
v 13.268257 6.776760 2.329609
v 13.274698 6.795868 2.312073
v 13.280703 6.819736 2.300485
v 13.285700 6.845983 2.295828
v 13.289150 6.872143 2.298913
v 13.290705 6.895724 2.309524
v 13.290215 6.914389 2.326627
v 13.287708 6.926315 2.348573
v 13.283522 6.930192 2.372718
v 13.277969 6.925797 2.397235
v 13.271614 6.913566 2.419717
v 13.265083 6.894670 2.437828
v 13.259033 6.870908 2.449749
v 13.254107 6.844501 2.453931
v 13.250793 6.817986 2.449856
v 13.249334 6.794210 2.438630
v 13.249954 6.775238 2.420635
v 13.252436 6.763360 2.398840
v 13.992960 7.181446 2.358155
v 10.228421 7.994410 1.238904
v 10.575651 8.374717 0.869725
v 10.575615 8.397761 0.898261
v 10.225726 8.022182 1.273515
v 10.564214 8.425086 0.912349
v 10.211164 8.056169 1.293628
v 10.544966 8.455171 0.916876
v 10.188073 8.093534 1.302436
v 10.520779 8.485648 0.913747
v 10.159740 8.131389 1.301998
v 10.493834 8.513211 0.902651
v 10.128787 8.165627 1.291664
v 10.466952 8.535403 0.885174
v 10.098334 8.193110 1.272858
v 10.442640 8.549949 0.862665
v 10.071372 8.211253 1.247542
v 10.422451 8.553557 0.834176
v 10.049869 8.216043 1.214416
v 10.408028 8.544976 0.801200
v 10.035477 8.205598 1.174236
v 10.400940 8.525794 0.767935
v 10.030038 8.182366 1.133286
v 10.402321 8.499827 0.739050
v 10.034265 8.150737 1.096930
v 10.413604 8.471728 0.720267
v 10.049631 8.116939 1.073571
v 10.433427 8.441850 0.711900
v 10.074273 8.080970 1.063109
v 10.457609 8.410880 0.712605
v 10.103055 8.043200 1.062559
v 10.482928 8.383126 0.722564
v 10.132247 8.008933 1.072015
v 10.507054 8.362163 0.740178
v 10.159468 7.982853 1.090907
v 10.529529 8.351464 0.764837
v 10.183680 7.968747 1.117869
v 10.549192 8.351571 0.796337
v 10.203821 7.967675 1.152954
v 10.565420 8.359340 0.832622
v 10.219563 7.976181 1.194850
v 10.869681 8.413774 0.706820
v 10.880529 8.434197 0.722762
v 10.888602 8.458301 0.724733
v 10.894604 8.484963 0.717515
v 10.898638 8.512052 0.703531
v 10.900099 8.536611 0.683711
v 10.899015 8.556447 0.660368
v 10.895493 8.569627 0.635665
v 10.888574 8.573327 0.609933
v 10.877978 8.566094 0.583980
v 10.865503 8.549541 0.561626
v 10.853402 8.526284 0.545298
v 10.845101 8.500287 0.539771
v 10.839605 8.472186 0.544139
v 10.835222 8.444072 0.556363
v 10.832686 8.419707 0.574651
v 10.832985 8.401948 0.597182
v 10.837496 8.392415 0.622342
v 10.846361 8.392121 0.650019
v 10.857623 8.399339 0.679488
v 11.221757 8.158340 0.619128
v 11.230822 8.174846 0.632365
v 11.237545 8.194459 0.634434
v 11.242398 8.216073 0.628812
v 11.245541 8.237990 0.617573
v 11.246466 8.257833 0.601429
v 11.245211 8.273808 0.582236
v 11.241906 8.284347 0.561812
v 11.235773 8.287187 0.540350
v 11.226656 8.281198 0.518677
v 11.216049 8.267652 0.499849
v 11.205885 8.248784 0.486123
v 11.198958 8.227689 0.481200
v 11.194539 8.204970 0.484592
v 11.191164 8.182279 0.494509
v 11.189418 8.162667 0.509541
v 11.190024 8.148395 0.528107
v 11.194162 8.140834 0.549024
v 11.201883 8.140756 0.572102
v 11.211577 8.146747 0.596701
v 11.857971 7.939297 0.411186
v 12.185177 8.111997 0.140377
v 11.864785 7.953073 0.421573
v 11.869207 7.969894 0.423464
v 11.871672 7.988511 0.419143
v 11.872477 8.007452 0.410289
v 11.871399 8.024693 0.397493
v 11.868629 8.038636 0.382162
v 11.864454 8.047933 0.365791
v 11.858359 8.050609 0.348499
v 11.850398 8.045770 0.331115
v 11.841789 8.034414 0.315938
v 11.834158 8.018553 0.305010
v 11.829611 8.000644 0.300904
v 11.827599 7.981309 0.303555
v 11.826688 7.961832 0.311489
v 11.827106 7.944869 0.323623
v 11.829191 7.932334 0.338530
v 11.833895 7.925607 0.355407
v 11.841145 7.925247 0.373959
v 11.849653 7.929997 0.393715
v 11.526790 8.020259 0.425617
v 11.523468 7.999093 0.428673
v 11.521219 7.977861 0.437685
v 11.520462 7.959454 0.451403
v 11.521741 7.945977 0.468299
v 11.526142 7.938795 0.487373
v 11.533640 7.938591 0.508389
v 11.542802 7.944016 0.530777
v 11.552128 7.954561 0.550950
v 11.560173 7.969831 0.562890
v 11.565846 7.988161 0.564874
v 11.569608 8.008414 0.559846
v 11.571685 8.028974 0.549687
v 11.571691 8.047633 0.535072
v 11.569754 8.062678 0.517641
v 11.566046 8.072654 0.499062
v 11.559936 8.075418 0.479501
v 11.551339 8.069959 0.459787
v 11.541648 8.057401 0.442623
v 11.532634 8.039910 0.430165
v 3.066936 13.817571 0.993487
v 2.998369 13.802678 1.010872
v 3.127119 13.848825 0.962389
v 3.172958 13.893340 0.920671
v 3.199587 13.946919 0.872322
v 3.204496 14.004210 0.822110
v 3.187019 14.059670 0.774947
v 3.148876 14.107846 0.735440
v 3.092133 14.144365 0.707309
v 3.025024 14.165164 0.693530
v 2.954128 14.168160 0.695482
v 2.884235 14.153481 0.712751
v 2.822895 14.122466 0.743736
v 2.776247 14.078065 0.785403
v 2.749590 14.024524 0.833751
v 2.745317 13.967092 0.884013
v 2.764009 13.911445 0.931265
v 2.804043 13.862903 0.970946
v 2.860895 13.826386 0.999089
v 2.927877 13.805604 1.012862
v 3.153730 14.223212 1.152865
v 3.199257 14.227895 1.135343
v 3.237017 14.240918 1.105183
v 3.263269 14.261008 1.065365
v 3.275505 14.286196 1.019764
v 3.273041 14.313890 0.972932
v 3.255453 14.341548 0.929350
v 3.224230 14.366480 0.893277
v 3.182465 14.386235 0.868261
v 3.134480 14.398815 0.856767
v 3.086739 14.402741 0.860048
v 3.042000 14.397910 0.877654
v 3.004822 14.384774 0.907866
v 2.979279 14.364554 0.947758
v 2.968102 14.339212 0.993413
v 2.972980 14.311074 1.040489
v 2.993145 14.282975 1.084280
v 3.024864 14.257974 1.120394
v 3.065830 14.238375 1.145328
v 3.110342 14.226371 1.156538
v 3.278637 14.311722 1.637967
v 3.325371 14.323214 1.626443
v 3.366076 14.346632 1.605764
v 3.396713 14.379674 1.577928
v 3.414223 14.419171 1.545645
v 3.417259 14.461165 1.512138
v 3.404758 14.501651 1.480601
v 3.377724 14.536748 1.454103
v 3.338795 14.563014 1.435235
v 3.291737 14.577865 1.425866
v 3.243069 14.579527 1.427036
v 3.195492 14.568172 1.438485
v 3.153767 14.544936 1.459088
v 3.122227 14.512043 1.486842
v 3.104107 14.472657 1.519069
v 3.101982 14.430499 1.552668
v 3.116238 14.389714 1.584344
v 3.144150 14.354465 1.610911
v 3.184437 14.327971 1.629890
v 3.230732 14.313256 1.639208
v 3.413643 14.650614 2.141896
v 3.460373 14.662104 2.130382
v 3.501080 14.685525 2.109693
v 3.531614 14.718598 2.081856
v 3.548876 14.758128 2.049549
v 3.551540 14.800182 2.016006
v 3.538639 14.840742 1.984439
v 3.511278 14.875889 1.957917
v 3.472076 14.902202 1.939027
v 3.424870 14.917076 1.929636
v 3.376183 14.918744 1.930805
v 3.328762 14.907360 1.942268
v 3.287334 14.884080 1.962898
v 3.256170 14.851121 1.990689
v 3.238432 14.811669 2.022946
v 3.236637 14.769464 2.056566
v 3.251137 14.728629 2.088269
v 3.279152 14.693357 2.114846
v 3.319439 14.666860 2.133828
v 3.365738 14.652156 2.143140
v 3.330492 15.213164 2.463615
v 3.370844 15.213700 2.449220
v 3.407505 15.219018 2.424522
v 3.436722 15.228664 2.391966
v 3.455536 15.241698 2.354697
v 3.462337 15.256785 2.316406
v 3.455978 15.272566 2.280790
v 3.437016 15.287487 2.251334
v 3.407352 15.300099 2.230930
v 3.371235 15.308898 2.221667
v 3.332750 15.312959 2.224531
v 3.294920 15.311992 2.239154
v 3.260235 15.306327 2.264018
v 3.232201 15.296477 2.296677
v 3.213409 15.283454 2.333943
v 3.206465 15.268371 2.372231
v 3.212265 15.252695 2.407792
v 3.229200 15.238122 2.437074
v 3.256844 15.225867 2.457299
v 3.290646 15.217466 2.466357
v 3.278854 16.073088 2.432091
v 3.321068 16.065880 2.413221
v 3.356609 16.059845 2.381241
v 3.382023 16.055590 2.339277
v 3.394789 16.053534 2.291448
v 3.394020 16.053801 2.242452
v 3.379154 16.056517 2.197042
v 3.351536 16.061373 2.159650
v 3.314037 16.067900 2.133940
v 3.270256 16.075478 2.122444
v 3.226566 16.082983 2.126443
v 3.185024 16.090086 2.145370
v 3.149815 16.096064 2.177379
v 3.124439 16.100290 2.219346
v 3.111422 16.102400 2.267161
v 3.112717 16.102041 2.316203
v 3.128323 16.099215 2.361674
v 3.155481 16.094439 2.399032
v 3.192635 16.087954 2.424693
v 3.234245 16.080751 2.436017
v 3.330826 16.586172 2.745414
v 3.357071 16.586359 2.734207
v 3.379719 16.589792 2.715177
v 3.396519 16.596140 2.690199
v 3.405792 16.604792 2.661698
v 3.406830 16.614862 2.632499
v 3.399097 16.625444 2.605422
v 3.383213 16.635523 2.583094
v 3.360722 16.644123 2.567701
v 3.333717 16.650398 2.560754
v 3.305439 16.653660 2.562961
v 3.278069 16.653654 2.574081
v 3.254341 16.650408 2.593007
v 3.236717 16.644197 2.617921
v 3.227015 16.635622 2.646373
v 3.226643 16.625437 2.675638
v 3.235739 16.614622 2.702836
v 3.252645 16.604362 2.725250
v 3.276577 16.595530 2.740763
v 3.303501 16.589258 2.747702
v 3.418295 17.090803 2.887760
v 3.436642 17.089821 2.879506
v 3.452175 17.090519 2.865534
v 3.463341 17.092850 2.847200
v 3.469070 17.096581 2.826311
v 3.468937 17.101324 2.804920
v 3.462646 17.106665 2.785105
v 3.450741 17.112097 2.768770
v 3.434387 17.117090 2.757540
v 3.415163 17.121151 2.752511
v 3.395367 17.123821 2.754194
v 3.376486 17.124903 2.762407
v 3.360378 17.124306 2.776338
v 3.348721 17.122057 2.794616
v 3.342710 17.118376 2.815486
v 3.343250 17.113564 2.836911
v 3.350376 17.108072 2.856810
v 3.362801 17.102556 2.873176
v 3.379910 17.097433 2.884474
v 3.399006 17.093391 2.889493
v 3.532606 17.685781 2.566413
v 3.303913 14.587576 1.644933
v 3.594498 14.797965 1.279709
v 3.568893 14.806293 1.267324
v 3.272247 14.595620 1.630005
v 3.550543 14.802835 1.248530
v 3.247395 14.591627 1.607139
v 3.536930 14.791322 1.225550
v 3.228302 14.578696 1.579242
v 3.527767 14.774258 1.200659
v 3.214756 14.559619 1.549039
v 3.524429 14.753003 1.176426
v 3.208643 14.535953 1.519661
v 3.526875 14.729911 1.155132
v 3.210236 14.510201 1.493902
v 3.535112 14.707055 1.138872
v 3.219267 14.484921 1.474223
v 3.550848 14.685164 1.130058
v 3.237934 14.461034 1.463543
v 3.573586 14.665757 1.129995
v 3.266413 14.439838 1.463512
v 3.600281 14.651137 1.138300
v 3.300007 14.424399 1.473490
v 3.627010 14.643544 1.152928
v 3.334059 14.416840 1.491117
v 3.648987 14.645763 1.171394
v 3.361500 14.420714 1.513208
v 3.665575 14.656843 1.193461
v 3.381950 14.434562 1.539708
v 3.676640 14.673305 1.218256
v 3.396328 14.453761 1.569655
v 3.680466 14.693029 1.242386
v 3.402674 14.475863 1.598851
v 3.677025 14.714123 1.262699
v 3.399971 14.499253 1.623475
v 3.666019 14.736351 1.276343
v 3.388296 14.523098 1.640273
v 3.647221 14.758815 1.282835
v 3.367149 14.546674 1.648408
v 3.622595 14.780318 1.284220
v 3.338070 14.569160 1.650320
v 3.780716 14.989577 1.221727
v 3.767668 15.003168 1.209077
v 3.763714 15.011657 1.190729
v 3.765663 15.016609 1.168519
v 3.772112 15.018508 1.144602
v 3.782770 15.016883 1.121463
v 3.796310 15.012122 1.101281
v 3.811504 15.004668 1.086005
v 3.828388 14.993646 1.077886
v 3.846558 14.978919 1.078225
v 3.863293 14.962878 1.086546
v 3.876850 14.948020 1.101316
v 3.883755 14.938388 1.120437
v 3.884329 14.933054 1.143216
v 3.879299 14.930400 1.167583
v 3.869492 14.930858 1.190247
v 3.855980 14.934980 1.208627
v 3.840015 14.943578 1.221157
v 3.821524 14.956806 1.227024
v 3.800890 14.972861 1.227406
v 3.979073 15.221202 1.410232
v 3.968334 15.232497 1.400084
v 3.964806 15.239631 1.385248
v 3.966213 15.243691 1.367290
v 3.971344 15.245152 1.347950
v 3.979988 15.243610 1.329226
v 3.991096 15.239391 1.312889
v 4.003628 15.232899 1.300530
v 4.017670 15.223409 1.293948
v 4.032766 15.210907 1.294185
v 4.046764 15.197349 1.300882
v 4.058037 15.184916 1.312764
v 4.063921 15.176852 1.328191
v 4.064495 15.172526 1.346579
v 4.060436 15.170522 1.366258
v 4.052383 15.171189 1.384567
v 4.041271 15.174891 1.399436
v 4.028023 15.182364 1.409574
v 4.012653 15.193660 1.414341
v 3.995506 15.207286 1.414692
v 4.329824 15.646518 1.551137
v 4.580208 15.848697 1.367657
v 4.321171 15.655213 1.542524
v 4.317734 15.660323 1.529799
v 4.318134 15.662619 1.514407
v 4.321465 15.662608 1.497833
v 4.327597 15.660107 1.481776
v 4.335823 15.655464 1.467771
v 4.345337 15.649149 1.457175
v 4.356297 15.640643 1.451548
v 4.368256 15.630112 1.451756
v 4.379606 15.619106 1.457492
v 4.388847 15.609499 1.467619
v 4.394114 15.603697 1.480751
v 4.395203 15.601308 1.496383
v 4.392635 15.600984 1.513193
v 4.386787 15.602845 1.528890
v 4.378454 15.606967 1.541697
v 4.368214 15.614000 1.550391
v 4.356167 15.623862 1.554474
v 4.342583 15.635358 1.554815
v 4.223511 15.400865 1.485069
v 4.224316 15.397422 1.502194
v 4.220940 15.396186 1.520569
v 4.213888 15.397401 1.537693
v 4.204044 15.401293 1.551617
v 4.192167 15.408568 1.561097
v 4.178307 15.419206 1.565550
v 4.162790 15.431865 1.565896
v 4.148026 15.444522 1.561796
v 4.138239 15.454639 1.552342
v 4.134758 15.460848 1.538477
v 4.135702 15.464102 1.521684
v 4.140017 15.464890 1.503605
v 4.147514 15.462907 1.486095
v 4.157310 15.458502 1.470824
v 4.168465 15.452085 1.459266
v 4.181103 15.443048 1.453119
v 4.194763 15.431439 1.453341
v 4.207561 15.419047 1.459608
v 4.217911 15.407899 1.470682
v 9.150949 9.275626 0.789967
v 9.197176 9.249057 0.838780
v 9.120042 9.318898 0.737641
v 9.107511 9.374576 0.686983
v 9.114973 9.437307 0.643092
v 9.141554 9.500899 0.610272
v 9.184840 9.559132 0.591806
v 9.240570 9.606307 0.589515
v 9.304796 9.637890 0.604434
v 9.368846 9.650686 0.633756
v 9.426419 9.643401 0.674631
v 9.473805 9.616884 0.724132
v 9.505755 9.573681 0.777021
v 9.518988 9.518011 0.828105
v 9.511572 9.455287 0.871987
v 9.484408 9.391665 0.904505
v 9.440064 9.333405 0.922340
v 9.382645 9.286135 0.923695
v 9.318336 9.254550 0.908706
v 9.254395 9.241753 0.879452
v 9.347122 9.235208 0.393278
v 9.312668 9.257247 0.366284
v 9.288221 9.292930 0.341097
v 9.276219 9.338731 0.320206
v 9.277784 9.390195 0.305625
v 9.292289 9.442209 0.298533
v 9.318927 9.489770 0.299936
v 9.355288 9.528213 0.309830
v 9.397778 9.553756 0.327230
v 9.442012 9.563890 0.350324
v 9.482141 9.557589 0.375925
v 9.515898 9.535498 0.402524
v 9.539820 9.499787 0.427421
v 9.551194 9.453943 0.447953
v 9.548713 9.402480 0.461987
v 9.532064 9.350326 0.467859
v 9.503155 9.302674 0.465145
v 9.466369 9.264218 0.454989
v 9.424595 9.238723 0.437988
v 9.383407 9.228709 0.416670
v 9.349520 8.802524 0.125812
v 9.318871 8.820665 0.091461
v 9.299398 8.850185 0.054278
v 9.293047 8.888206 0.017957
v 9.300526 8.931036 -0.013958
v 9.320764 8.974427 -0.038515
v 9.352435 9.014178 -0.052897
v 9.392659 9.046414 -0.055617
v 9.437508 9.067983 -0.046397
v 9.482612 9.076743 -0.026110
v 9.521877 9.071803 0.002290
v 9.553267 9.053693 0.037079
v 9.573643 9.024206 0.074772
v 9.580784 8.986222 0.111559
v 9.573846 8.943423 0.143781
v 9.552803 8.899980 0.167875
v 9.519587 8.860172 0.181365
v 9.478585 8.827907 0.183640
v 9.432545 8.806290 0.173728
v 9.388117 8.797548 0.153820
v 9.499543 8.417605 -0.339321
v 9.468894 8.435739 -0.373673
v 9.449421 8.465268 -0.410856
v 9.443171 8.503289 -0.447137
v 9.450861 8.546128 -0.478918
v 9.471422 8.589539 -0.503282
v 9.503450 8.629301 -0.517464
v 9.543962 8.661545 -0.520014
v 9.589046 8.683124 -0.510658
v 9.634281 8.691898 -0.490290
v 9.673566 8.686958 -0.461880
v 9.704817 8.668842 -0.427172
v 9.724935 8.639342 -0.389636
v 9.731745 8.601340 -0.353039
v 9.724470 8.558528 -0.321013
v 9.703141 8.515080 -0.297090
v 9.669705 8.475254 -0.283720
v 9.628610 8.442982 -0.281496
v 9.582569 8.421363 -0.291407
v 9.538143 8.412629 -0.311321
v 9.940596 8.246955 -0.790132
v 9.907947 8.264459 -0.811656
v 9.880146 8.292791 -0.831826
v 9.860095 8.329158 -0.848624
v 9.849830 8.370026 -0.860336
v 9.850142 8.411363 -0.865925
v 9.861444 8.449159 -0.864623
v 9.882675 8.479708 -0.856509
v 9.911731 8.500018 -0.842419
v 9.944556 8.508060 -0.824379
v 9.977477 8.503001 -0.804466
v 10.007910 8.485385 -0.784231
v 10.033963 8.456975 -0.765060
v 10.052971 8.420562 -0.748865
v 10.063227 8.379700 -0.737175
v 10.063029 8.338355 -0.731499
v 10.052225 8.300591 -0.732521
v 10.032778 8.270123 -0.739604
v 10.005506 8.249901 -0.752673
v 9.974719 8.241959 -0.769532
v 10.506132 8.495985 -1.391200
v 10.466843 8.515946 -1.406949
v 10.432261 8.548240 -1.416098
v 10.405764 8.589711 -1.417776
v 10.389972 8.636292 -1.411806
v 10.386098 8.683415 -1.398941
v 10.395116 8.726499 -1.380153
v 10.416198 8.761313 -1.357173
v 10.447157 8.784462 -1.332361
v 10.485026 8.793666 -1.308125
v 10.524246 8.787957 -1.287870
v 10.562950 8.767973 -1.272472
v 10.597239 8.735667 -1.263492
v 10.623692 8.694187 -1.261816
v 10.639713 8.647612 -1.267667
v 10.643120 8.600465 -1.280800
v 10.633459 8.557361 -1.299977
v 10.612783 8.522559 -1.322726
v 10.582119 8.499437 -1.347340
v 10.546164 8.490307 -1.370480
v 10.810139 8.332361 -1.886111
v 10.788630 8.345477 -1.899514
v 10.771192 8.366646 -1.911115
v 10.759560 8.393784 -1.919763
v 10.754910 8.424250 -1.924591
v 10.757517 8.455037 -1.925234
v 10.767512 8.483151 -1.921406
v 10.784034 8.505857 -1.913407
v 10.805478 8.520930 -1.902028
v 10.829835 8.526885 -1.888307
v 10.854203 8.523142 -1.873909
v 10.876699 8.510057 -1.859925
v 10.895088 8.488942 -1.847773
v 10.907441 8.461830 -1.838704
v 10.912472 8.431393 -1.833655
v 10.909279 8.400571 -1.833354
v 10.898085 8.372398 -1.837879
v 10.880658 8.349654 -1.846392
v 10.857951 8.334529 -1.858517
v 10.833660 8.328576 -1.872188
v 11.064960 8.334078 -2.352618
v 11.049199 8.343362 -2.361051
v 11.036132 8.358336 -2.367538
v 11.027080 8.377549 -2.371432
v 11.022903 8.399107 -2.372370
v 11.023898 8.420900 -2.370324
v 11.030231 8.440795 -2.365345
v 11.041348 8.456877 -2.357873
v 11.056167 8.467548 -2.348648
v 11.073246 8.471761 -2.338556
v 11.090556 8.469108 -2.328801
v 11.106792 8.459844 -2.320102
v 11.120367 8.444884 -2.313327
v 11.129848 8.425703 -2.309175
v 11.134274 8.404152 -2.308099
v 11.132924 8.382343 -2.310350
v 11.125852 8.362402 -2.315756
v 11.114277 8.346312 -2.323491
v 11.098794 8.335609 -2.333101
v 11.081824 8.331399 -2.343127
v 11.310334 8.807557 -2.783825
v 9.499771 8.869634 -0.097131
v 9.366708 9.300860 -0.338850
v 9.390711 9.312700 -0.326124
v 9.528110 8.883317 -0.079811
v 9.401186 9.328278 -0.307430
v 9.542967 8.902103 -0.055670
v 9.402609 9.346202 -0.284568
v 9.547346 8.923911 -0.027117
v 9.396954 9.364913 -0.259817
v 9.543386 8.946826 0.003195
v 9.384221 9.382411 -0.235695
v 9.530862 8.968406 0.032144
v 9.366111 9.397110 -0.214514
v 9.511361 8.986633 0.056978
v 9.344081 9.407535 -0.198370
v 9.486898 8.999785 0.075318
v 9.317476 9.411702 -0.189468
v 9.456593 9.005486 0.084387
v 9.287735 9.408710 -0.188976
v 9.421259 9.002498 0.082672
v 9.258627 9.399256 -0.196634
v 9.386403 8.991824 0.070951
v 9.234405 9.385549 -0.211177
v 9.356747 8.975881 0.051107
v 9.220297 9.370281 -0.231095
v 9.339713 8.958035 0.025661
v 9.216190 9.353381 -0.255229
v 9.334701 8.937926 -0.004051
v 9.219975 9.334773 -0.280676
v 9.338061 8.915361 -0.034902
v 9.231375 9.317019 -0.303933
v 9.349425 8.893573 -0.062781
v 9.248947 9.302657 -0.322757
v 9.368236 8.875726 -0.084879
v 9.272511 9.294345 -0.336061
v 9.393618 8.864739 -0.099785
v 9.301650 9.292293 -0.342907
v 9.425434 8.861191 -0.106438
v 9.334282 9.294394 -0.344142
v 9.462207 8.862652 -0.105802
v 9.332971 9.422612 -0.581324
v 9.350344 9.437167 -0.580175
v 9.356916 9.456673 -0.579356
v 9.356331 9.479488 -0.578538
v 9.350179 9.503549 -0.577775
v 9.338640 9.526310 -0.577173
v 9.323195 9.545666 -0.576771
v 9.305267 9.559750 -0.576635
v 9.284501 9.566169 -0.576720
v 9.261254 9.563606 -0.577007
v 9.239077 9.552899 -0.577486
v 9.220729 9.536019 -0.578545
v 9.211214 9.515732 -0.580527
v 9.209644 9.492488 -0.582759
v 9.214263 9.467926 -0.583948
v 9.224374 9.445392 -0.584080
v 9.239230 9.427606 -0.583566
v 9.258206 9.416392 -0.583370
v 9.281375 9.412570 -0.583362
v 9.307438 9.414571 -0.582733
v 9.337627 9.318743 -0.924426
v 9.352017 9.330499 -0.923631
v 9.357757 9.346312 -0.922966
v 9.357450 9.364759 -0.922240
v 9.352495 9.384187 -0.921517
v 9.343002 9.402549 -0.920876
v 9.330161 9.418137 -0.920365
v 9.315185 9.429431 -0.920060
v 9.297733 9.434523 -0.919932
v 9.278250 9.432366 -0.919963
v 9.259588 9.423628 -0.920190
v 9.244246 9.409957 -0.920910
v 9.236143 9.393539 -0.922484
v 9.234778 9.374781 -0.924339
v 9.238589 9.354980 -0.925405
v 9.247045 9.336841 -0.925652
v 9.259431 9.322532 -0.925397
v 9.275359 9.313565 -0.925422
v 9.294790 9.310571 -0.925612
v 9.316626 9.312275 -0.925310
v 9.337310 9.324229 -1.493411
v 9.247907 9.575021 -1.750983
v 9.348614 9.334015 -1.492357
v 9.353240 9.347280 -1.490780
v 9.352879 9.362715 -1.488782
v 9.348695 9.378943 -1.486563
v 9.340834 9.394273 -1.484344
v 9.330213 9.407254 -1.482345
v 9.317874 9.416636 -1.480770
v 9.303532 9.420796 -1.479727
v 9.287713 9.418905 -1.479288
v 9.272605 9.411522 -1.479541
v 9.260423 9.400095 -1.480668
v 9.253978 9.386418 -1.482957
v 9.253136 9.370858 -1.485864
v 9.256539 9.354383 -1.488362
v 9.263752 9.339259 -1.490185
v 9.274025 9.327285 -1.491422
v 9.287191 9.319856 -1.492598
v 9.303073 9.317437 -1.493587
v 9.320807 9.318909 -1.493886
v 9.263508 9.314730 -1.227937
v 9.262383 9.297437 -1.230268
v 9.266008 9.279148 -1.231991
v 9.273903 9.262380 -1.232958
v 9.285323 9.249139 -1.233382
v 9.299994 9.240873 -1.233936
v 9.317806 9.238142 -1.234483
v 9.337771 9.239742 -1.234461
v 9.356725 9.245683 -1.233759
v 9.369712 9.256548 -1.232848
v 9.374940 9.271191 -1.231771
v 9.374608 9.288269 -1.230462
v 9.370000 9.306239 -1.229059
v 9.361251 9.323217 -1.227693
v 9.349425 9.337616 -1.226511
v 9.335649 9.348041 -1.225621
v 9.319615 9.352709 -1.225080
v 9.301805 9.350674 -1.224890
v 9.284761 9.342546 -1.225135
v 9.270854 9.329905 -1.226037
v 5.004316 9.792674 1.430408
v 4.919451 9.796563 1.392466
v 4.839741 9.760959 1.361483
v 4.767097 9.696748 1.337678
v 4.706167 9.613003 1.321881
v 4.664675 9.517220 1.316646
v 4.645851 9.419086 1.322027
v 4.651064 9.328414 1.337173
v 4.686766 9.251779 1.364631
v 4.753767 9.195201 1.404191
v 4.841974 9.165125 1.449839
v 4.937134 9.164647 1.492665
v 5.022654 9.197217 1.521818
v 5.097275 9.260050 1.540395
v 5.160875 9.342719 1.555691
v 5.204700 9.434051 1.564982
v 5.223682 9.523759 1.565130
v 5.211306 9.606816 1.549096
v 5.162689 9.682180 1.515198
v 5.089869 9.748286 1.473349
v 5.217316 9.662065 0.546180
v 5.133469 9.665298 0.508833
v 5.060753 9.625703 0.481726
v 4.997856 9.555976 0.463329
v 4.946306 9.466866 0.452735
v 4.913837 9.365806 0.452902
v 4.902197 9.263402 0.462786
v 4.912403 9.169688 0.481116
v 4.951157 9.091273 0.510262
v 5.019094 9.034286 0.549789
v 5.106194 9.005065 0.594046
v 5.198231 9.006572 0.634523
v 5.279003 9.041936 0.660883
v 5.346704 9.108701 0.675823
v 5.400925 9.196630 0.686250
v 5.434484 9.293761 0.690045
v 5.444126 9.388745 0.685038
v 5.425341 9.475467 0.665445
v 5.376106 9.551279 0.631191
v 5.302889 9.617665 0.589121
v 5.496849 9.110546 -0.166497
v 5.394413 9.117372 -0.191238
v 5.305372 9.076660 -0.196297
v 5.228632 9.002315 -0.186061
v 5.165245 8.906577 -0.165060
v 5.124128 8.797833 -0.134703
v 5.108345 8.687125 -0.098567
v 5.118423 8.585818 -0.061092
v 5.164555 8.499956 -0.021496
v 5.246500 8.436818 0.017920
v 5.352024 8.403436 0.052045
v 5.463427 8.402907 0.074619
v 5.560608 8.438334 0.077641
v 5.640429 8.508491 0.064460
v 5.703699 8.603312 0.044766
v 5.743557 8.708964 0.020955
v 5.755928 8.812790 -0.006679
v 5.735819 8.906745 -0.041962
v 5.680302 8.988433 -0.084237
v 5.596401 9.060839 -0.128310
v 5.490747 7.743386 -0.768403
v 5.400585 7.757035 -0.775422
v 5.317623 7.738137 -0.759255
v 5.242706 7.695996 -0.725968
v 5.178276 7.638302 -0.681422
v 5.132164 7.570161 -0.629452
v 5.108000 7.498581 -0.575453
v 5.107832 7.430643 -0.524798
v 5.140062 7.370205 -0.479967
v 5.206938 7.321329 -0.443732
v 5.296635 7.290464 -0.421212
v 5.395447 7.279740 -0.415821
v 5.482862 7.293611 -0.433409
v 5.558491 7.331561 -0.470176
v 5.624304 7.387724 -0.515577
v 5.671139 7.454276 -0.563880
v 5.692095 7.523497 -0.611805
v 5.683115 7.587913 -0.658422
v 5.642223 7.645936 -0.701940
v 5.576267 7.700318 -0.740396
v 5.545837 6.716686 -1.569958
v 5.471943 6.728098 -1.580239
v 5.408230 6.709791 -1.567682
v 5.351273 6.671868 -1.539319
v 5.302832 6.620977 -1.500418
v 5.268936 6.561574 -1.454232
v 5.251900 6.499920 -1.405797
v 5.254000 6.441648 -1.359516
v 5.281956 6.390098 -1.317347
v 5.336025 6.349553 -1.282312
v 5.408546 6.324443 -1.258498
v 5.487673 6.316781 -1.249924
v 5.559021 6.329022 -1.261572
v 5.621174 6.360931 -1.290838
v 5.673717 6.408819 -1.329338
v 5.708977 6.466503 -1.372061
v 5.723150 6.526178 -1.415339
v 5.711761 6.582099 -1.459401
v 5.673950 6.632993 -1.502040
v 5.617043 6.679968 -1.540731
v 5.805130 6.465090 -2.165146
v 5.755981 6.462850 -2.195499
v 5.719933 6.433897 -2.220263
v 5.692196 6.387125 -2.240889
v 5.672607 6.329196 -2.257110
v 5.664076 6.265468 -2.266725
v 5.666679 6.202504 -2.269273
v 5.680313 6.146273 -2.264461
v 5.708408 6.101005 -2.249474
v 5.751915 6.069894 -2.223270
v 5.803698 6.056788 -2.190391
v 5.857182 6.062134 -2.156494
v 5.900925 6.088281 -2.130312
v 5.934919 6.132793 -2.109962
v 5.958363 6.189420 -2.092552
v 5.968399 6.250367 -2.080687
v 5.963583 6.309103 -2.077190
v 5.944210 6.361149 -2.085268
v 5.908953 6.404985 -2.105547
v 5.860798 6.441569 -2.133394
v 7.227032 6.837995 -3.980892
v 7.194244 6.835848 -4.000308
v 7.167990 6.816226 -4.015181
v 7.147087 6.784366 -4.026141
v 7.131474 6.744908 -4.033479
v 7.123291 6.701516 -4.036069
v 7.123011 6.658558 -4.033874
v 7.130621 6.620220 -4.027157
v 7.148779 6.589284 -4.014210
v 7.177639 6.568279 -3.994914
v 7.212923 6.559522 -3.972268
v 7.249321 6.563594 -3.950421
v 7.280235 6.581352 -3.934732
v 7.304651 6.611744 -3.924289
v 7.322296 6.650519 -3.916487
v 7.330790 6.692416 -3.912595
v 7.329361 6.732668 -3.913845
v 7.317385 6.768329 -3.922565
v 7.294403 6.798157 -3.938744
v 7.262543 6.822967 -3.959327
v 7.447834 6.243796 -4.679556
v 6.497030 6.435344 -2.749500
v 6.524704 6.471110 -2.733083
v 6.543610 6.516932 -2.719365
v 6.551338 6.566518 -2.710438
v 6.546965 6.614478 -2.708412
v 6.530430 6.657317 -2.716039
v 6.500889 6.693689 -2.733672
v 6.460823 6.724324 -2.757503
v 6.415611 6.744000 -2.784049
v 6.375488 6.742783 -2.809219
v 6.345562 6.719949 -2.829710
v 6.322742 6.682385 -2.846453
v 6.306759 6.635591 -2.859315
v 6.299976 6.583873 -2.866550
v 6.302505 6.532510 -2.867790
v 6.314173 6.486441 -2.862914
v 6.337856 6.448969 -2.849582
v 6.374035 6.422864 -2.827171
v 6.417025 6.411263 -2.799401
v 6.460981 6.414814 -2.771178
v 7.010242 6.725868 -3.324737
v 7.028582 6.768477 -3.313717
v 7.036657 6.814555 -3.307090
v 7.033627 6.859005 -3.306556
v 7.019165 6.898569 -3.314680
v 6.992615 6.931965 -3.331650
v 6.956287 6.959939 -3.354001
v 6.915497 6.977505 -3.378273
v 6.878716 6.975854 -3.400824
v 6.850468 6.954485 -3.418756
v 6.828518 6.919523 -3.432865
v 6.812702 6.876079 -3.443206
v 6.805283 6.828150 -3.448318
v 6.806536 6.780624 -3.447995
v 6.816355 6.738070 -3.442285
v 6.837515 6.703576 -3.429128
v 6.870361 6.679798 -3.408137
v 6.909836 6.669492 -3.382701
v 6.950348 6.673284 -3.357383
v 6.984058 6.692548 -3.338436
v 5.546944 6.920164 -1.143426
v 5.537462 6.914836 -1.186974
v 5.526079 6.891477 -1.223331
v 5.513441 6.855380 -1.252601
v 5.500710 6.811168 -1.273517
v 5.489233 6.762999 -1.283013
v 5.480080 6.715660 -1.280635
v 5.474138 6.673837 -1.266905
v 5.472380 6.641176 -1.239173
v 5.475220 6.620570 -1.197685
v 5.482216 6.614131 -1.148535
v 5.492802 6.621968 -1.099948
v 5.506506 6.644100 -1.061618
v 5.521715 6.679327 -1.032936
v 5.535385 6.723148 -1.011045
v 5.545879 6.769588 -0.999150
v 5.552788 6.813279 -0.999226
v 5.556894 6.851026 -1.015329
v 5.557438 6.881949 -1.049719
v 5.553986 6.906609 -1.094871
v 5.948801 6.814782 -1.297990
v 5.939369 6.809237 -1.340926
v 5.928413 6.784621 -1.373181
v 5.916370 6.746793 -1.396738
v 5.904211 6.700889 -1.412150
v 5.893127 6.651063 -1.416232
v 5.884209 6.602385 -1.409481
v 5.878407 6.559598 -1.392690
v 5.876835 6.526370 -1.363167
v 5.879948 6.505620 -1.321294
v 5.887182 6.499438 -1.273030
v 5.897823 6.507894 -1.226462
v 5.911301 6.530909 -1.190970
v 5.926010 6.567385 -1.166288
v 5.938976 6.612868 -1.149799
v 5.948767 6.661138 -1.143866
v 5.955095 6.706485 -1.149408
v 5.958813 6.745387 -1.169272
v 5.959324 6.776466 -1.204036
v 5.955849 6.801222 -1.249426
v 6.295895 6.523986 -1.344239
v 6.276316 6.519886 -1.391091
v 6.252117 6.495198 -1.423364
v 6.224920 6.456187 -1.443854
v 6.197001 6.408445 -1.454434
v 6.171595 6.356371 -1.452765
v 6.151159 6.305159 -1.439579
v 6.137760 6.259958 -1.416858
v 6.134117 6.224265 -1.380961
v 6.141174 6.201378 -1.333229
v 6.157539 6.193627 -1.280371
v 6.180630 6.201089 -1.231198
v 6.207859 6.223601 -1.195929
v 6.237007 6.260611 -1.174732
v 6.264370 6.307993 -1.163756
v 6.286823 6.358938 -1.163825
v 6.302864 6.407220 -1.175375
v 6.312416 6.448500 -1.200732
v 6.314346 6.481513 -1.240639
v 6.308697 6.508398 -1.291191
v 6.504326 5.836568 -1.401903
v 6.481497 5.837514 -1.439648
v 6.451170 5.824860 -1.465452
v 6.416103 5.802692 -1.481457
v 6.379396 5.774436 -1.488999
v 6.344872 5.742719 -1.486561
v 6.315777 5.710736 -1.474836
v 6.294903 5.681631 -1.455124
v 6.285686 5.657556 -1.425209
v 6.289913 5.640392 -1.385336
v 6.306297 5.632214 -1.342014
v 6.332283 5.633045 -1.301642
v 6.364349 5.643476 -1.274107
v 6.400898 5.663474 -1.258456
v 6.438305 5.691028 -1.250495
v 6.471588 5.722260 -1.251498
v 6.497368 5.753322 -1.262563
v 6.513996 5.780489 -1.284370
v 6.520184 5.803010 -1.317049
v 6.517178 5.822702 -1.357644
v 6.813580 5.301815 -1.520001
v 6.796629 5.302413 -1.552220
v 6.773220 5.290901 -1.571684
v 6.745272 5.271444 -1.582512
v 6.715446 5.246971 -1.586049
v 6.686810 5.219732 -1.581255
v 6.662083 5.192519 -1.569166
v 6.643723 5.167859 -1.550605
v 6.634468 5.147596 -1.523810
v 6.635639 5.133590 -1.489882
v 6.646709 5.127256 -1.453277
v 6.665882 5.128628 -1.419834
v 6.691017 5.137747 -1.396680
v 6.720699 5.154584 -1.383611
v 6.751492 5.177889 -1.378136
v 6.779144 5.204606 -1.381296
v 6.801018 5.231040 -1.392879
v 6.815819 5.254197 -1.414197
v 6.822426 5.273561 -1.444857
v 6.821972 5.290232 -1.481428
v 7.114426 5.159690 -1.565963
v 7.112110 5.153946 -1.593153
v 7.110914 5.136604 -1.611541
v 7.110184 5.111528 -1.624104
v 7.109886 5.081890 -1.631381
v 7.110085 5.050536 -1.632082
v 7.110739 5.020617 -1.626592
v 7.111807 4.994981 -1.615360
v 7.113251 4.976007 -1.596630
v 7.114990 4.965332 -1.570012
v 7.116816 4.964094 -1.539833
v 7.119049 4.971781 -1.510242
v 7.121845 4.988314 -1.488269
v 7.124434 5.012653 -1.473191
v 7.125353 5.041966 -1.463992
v 7.124662 5.072225 -1.461853
v 7.122934 5.100070 -1.467580
v 7.121420 5.123189 -1.481586
v 7.119957 5.140746 -1.504428
v 7.117620 5.153655 -1.533745
v 8.232201 5.303471 -1.557935
v 8.230320 5.299381 -1.575788
v 8.228247 5.287644 -1.588416
v 8.225977 5.270643 -1.596882
v 8.223682 5.250558 -1.601674
v 8.221603 5.229323 -1.601958
v 8.219936 5.209042 -1.597902
v 8.218849 5.191682 -1.589931
v 8.218487 5.178826 -1.576776
v 8.218893 5.171690 -1.558553
v 8.220045 5.170945 -1.537937
v 8.222046 5.176306 -1.518176
v 8.225103 5.187471 -1.503375
v 8.228554 5.203941 -1.493582
v 8.231237 5.223845 -1.487822
v 8.232874 5.244469 -1.486931
v 8.233639 5.263429 -1.491157
v 8.234211 5.279144 -1.501144
v 8.234428 5.290998 -1.516966
v 8.233730 5.299692 -1.537016
v 8.556326 4.989959 -1.619312
v 7.538597 5.148080 -1.460953
v 7.540754 5.167662 -1.448682
v 7.541622 5.191354 -1.441366
v 7.541218 5.215902 -1.439998
v 7.540003 5.238561 -1.445075
v 7.538967 5.257496 -1.457103
v 7.537985 5.271998 -1.476392
v 7.536301 5.282790 -1.500985
v 7.534010 5.287917 -1.527411
v 7.532282 5.283493 -1.549769
v 7.531284 5.269671 -1.565112
v 7.530613 5.249490 -1.575461
v 7.530231 5.225554 -1.581333
v 7.530212 5.200153 -1.581689
v 7.530537 5.175823 -1.576820
v 7.531191 5.154906 -1.567166
v 7.532148 5.139282 -1.551240
v 7.533352 5.130332 -1.528912
v 7.534670 5.128992 -1.503666
v 7.536350 5.134933 -1.479174
v 7.913616 5.279058 -1.448538
v 7.915314 5.301023 -1.441929
v 7.915840 5.323780 -1.440780
v 7.915529 5.344756 -1.445468
v 7.915222 5.362221 -1.456566
v 7.914787 5.375519 -1.474275
v 7.913551 5.385351 -1.496799
v 7.911606 5.389868 -1.520715
v 7.909811 5.385591 -1.541020
v 7.908325 5.372721 -1.555125
v 7.906923 5.353990 -1.564617
v 7.905670 5.331813 -1.569997
v 7.904709 5.308308 -1.570318
v 7.904129 5.285825 -1.565819
v 7.903992 5.266526 -1.556932
v 7.904346 5.252163 -1.542271
v 7.905186 5.244041 -1.521813
v 7.906427 5.242972 -1.498677
v 7.908253 5.248650 -1.476340
v 7.910872 5.260892 -1.459679
v 0.537235 14.633073 0.599476
v 0.560062 14.616862 0.563066
v 0.588936 14.619642 0.527715
v 0.621437 14.636733 0.494848
v 0.654516 14.664767 0.466667
v 0.684622 14.701618 0.446731
v 0.708961 14.743396 0.436619
v 0.725225 14.785836 0.437084
v 0.730495 14.827014 0.451299
v 0.723444 14.864303 0.479850
v 0.705452 14.893043 0.518248
v 0.679314 14.909427 0.559501
v 0.648182 14.909101 0.595258
v 0.613789 14.893077 0.626295
v 0.579704 14.866019 0.654831
v 0.550434 14.831568 0.676694
v 0.528790 14.793611 0.688507
v 0.516312 14.753423 0.685314
v 0.514641 14.710647 0.665130
v 0.521864 14.667977 0.634949
v 0.248188 14.744941 0.268311
v 0.270870 14.729204 0.232349
v 0.298641 14.734998 0.200025
v 0.329594 14.756269 0.171379
v 0.361197 14.788351 0.147257
v 0.389997 14.829144 0.131382
v 0.413364 14.874088 0.124584
v 0.428976 14.918763 0.127370
v 0.433769 14.961273 0.142901
v 0.426407 14.998917 0.171634
v 0.408356 15.027089 0.209242
v 0.382519 15.042044 0.248901
v 0.352085 15.039636 0.282542
v 0.318836 15.020635 0.310668
v 0.286337 14.989572 0.335278
v 0.258747 14.950717 0.352778
v 0.238592 14.908759 0.360556
v 0.227123 14.865807 0.354587
v 0.225533 14.822721 0.334138
v 0.232809 14.779855 0.303789
v 0.044029 15.059712 -0.007667
v 0.076637 15.038831 -0.042568
v 0.116611 15.041900 -0.069672
v 0.161047 15.062394 -0.089991
v 0.206425 15.094933 -0.104208
v 0.247564 15.137254 -0.110075
v 0.280598 15.184874 -0.107475
v 0.302372 15.232718 -0.097251
v 0.308144 15.279799 -0.076103
v 0.296257 15.322757 -0.044485
v 0.269070 15.356267 -0.006979
v 0.231401 15.375871 0.029698
v 0.188562 15.376708 0.057511
v 0.142836 15.358735 0.077008
v 0.097984 15.326577 0.091675
v 0.059505 15.285352 0.099749
v 0.031080 15.240164 0.099355
v 0.014957 15.193894 0.087022
v 0.012829 15.147117 0.062122
v 0.022812 15.099620 0.028798
v 0.109583 15.697806 -0.371387
v 0.140850 15.675673 -0.395279
v 0.180420 15.669436 -0.410218
v 0.224930 15.675056 -0.417819
v 0.270699 15.689516 -0.419345
v 0.312870 15.711911 -0.414098
v 0.347534 15.739744 -0.402909
v 0.371384 15.770200 -0.386982
v 0.379885 15.803027 -0.365005
v 0.370808 15.836800 -0.337276
v 0.346432 15.866533 -0.308329
v 0.310902 15.888876 -0.282780
v 0.270027 15.898239 -0.267750
v 0.225014 15.894731 -0.261776
v 0.178730 15.881234 -0.260393
v 0.137466 15.859639 -0.264044
v 0.105988 15.832229 -0.273643
v 0.087309 15.801713 -0.290380
v 0.082912 15.768443 -0.314110
v 0.090187 15.732333 -0.342114
v 0.045925 16.193098 -0.777335
v 0.070356 16.174927 -0.798807
v 0.101383 16.171883 -0.810522
v 0.136942 16.178816 -0.815479
v 0.173933 16.193064 -0.814942
v 0.208462 16.213690 -0.808458
v 0.237335 16.238298 -0.797087
v 0.257639 16.264774 -0.781683
v 0.265717 16.292795 -0.761167
v 0.260010 16.320482 -0.736410
v 0.241764 16.344503 -0.710654
v 0.214256 16.361902 -0.688327
v 0.181442 16.369078 -0.674846
v 0.144577 16.365847 -0.669479
v 0.106564 16.353704 -0.669082
v 0.072664 16.334057 -0.673910
v 0.046545 16.309769 -0.683963
v 0.030811 16.282698 -0.700885
v 0.026569 16.253241 -0.724058
v 0.031425 16.222149 -0.750539
v -0.167912 16.364298 -0.984928
v -0.156124 16.357113 -1.009903
v -0.143776 16.364458 -1.031443
v -0.130787 16.381416 -1.050623
v -0.118076 16.404886 -1.066839
v -0.107071 16.432877 -1.078032
v -0.098728 16.462376 -1.083466
v -0.093880 16.490608 -1.082569
v -0.093822 16.516191 -1.072980
v -0.099165 16.537806 -1.053777
v -0.108892 16.552485 -1.028311
v -0.121958 16.558950 -1.000536
v -0.136501 16.554237 -0.976742
v -0.151651 16.539433 -0.956331
v -0.165356 16.517227 -0.938774
v -0.175930 16.490747 -0.926486
v -0.182491 16.462790 -0.921528
v -0.185268 16.435518 -0.925536
v -0.183655 16.409410 -0.939217
v -0.177790 16.384481 -0.959814
v -1.248167 16.473019 -1.373724
v -1.239986 16.468512 -1.390085
v -1.230417 16.473139 -1.404324
v -1.219992 16.484285 -1.416576
v -1.209494 16.499809 -1.426612
v -1.200060 16.518385 -1.433144
v -1.192558 16.538084 -1.435695
v -1.187714 16.556982 -1.434046
v -1.186573 16.574238 -1.426608
v -1.189568 16.588715 -1.413091
v -1.196161 16.598633 -1.395623
v -1.205437 16.602854 -1.377202
v -1.216320 16.599897 -1.361630
v -1.228020 16.590057 -1.348854
v -1.239082 16.575201 -1.338181
v -1.248066 16.557346 -1.331142
v -1.254230 16.538576 -1.328825
v -1.257454 16.520170 -1.332597
v -1.257362 16.502623 -1.342664
v -1.254129 16.485884 -1.357153
v -1.418997 16.796829 -1.661520
v -0.583315 16.509726 -1.064725
v -0.595612 16.497892 -1.048208
v -0.606770 16.479918 -1.034173
v -0.615389 16.458307 -1.024589
v -0.620787 16.435415 -1.020998
v -0.623091 16.412880 -1.024853
v -0.621849 16.391180 -1.036615
v -0.617168 16.370359 -1.054015
v -0.609432 16.353716 -1.074687
v -0.600006 16.347572 -1.095192
v -0.589931 16.353117 -1.112949
v -0.579330 16.366644 -1.128561
v -0.568939 16.385569 -1.141598
v -0.559917 16.408300 -1.150407
v -0.553055 16.432423 -1.154387
v -0.549040 16.455626 -1.153137
v -0.548922 16.476866 -1.144706
v -0.553165 16.494936 -1.128494
v -0.561007 16.507448 -1.107209
v -0.571518 16.513144 -1.084295
v -0.977482 16.475885 -1.158901
v -0.988598 16.459333 -1.146397
v -0.997383 16.439436 -1.137976
v -1.003132 16.418421 -1.134965
v -1.005852 16.397770 -1.138782
v -1.005135 16.377958 -1.149770
v -1.001114 16.358999 -1.165846
v -0.994186 16.344076 -1.184645
v -0.985329 16.338682 -1.203266
v -0.975485 16.343809 -1.219418
v -0.964962 16.356249 -1.233500
v -0.954525 16.373621 -1.245167
v -0.945313 16.394461 -1.252937
v -0.938162 16.416567 -1.256265
v -0.933769 16.437811 -1.254836
v -0.933182 16.457235 -1.246858
v -0.936859 16.473665 -1.231874
v -0.944130 16.484995 -1.212329
v -0.954075 16.490019 -1.191461
v -0.965458 16.486813 -1.173714
v 0.122433 16.092823 -0.581088
v 0.115826 16.094290 -0.602187
v 0.114674 16.103609 -0.622148
v 0.117851 16.118460 -0.640438
v 0.124500 16.136900 -0.655872
v 0.134211 16.157202 -0.666500
v 0.145926 16.177345 -0.671487
v 0.158417 16.195337 -0.670467
v 0.171402 16.209629 -0.661795
v 0.184200 16.218964 -0.645244
v 0.195084 16.222387 -0.623324
v 0.202152 16.219883 -0.599631
v 0.203098 16.211508 -0.578369
v 0.198902 16.197523 -0.559768
v 0.192200 16.179413 -0.543724
v 0.183762 16.159695 -0.532462
v 0.174095 16.140797 -0.527342
v 0.162361 16.124395 -0.530134
v 0.148420 16.110794 -0.542048
v 0.134277 16.099543 -0.559972
v -0.057465 16.214933 -0.556495
v -0.063900 16.216499 -0.577340
v -0.063969 16.226408 -0.595568
v -0.059282 16.242071 -0.611441
v -0.051180 16.261305 -0.624550
v -0.039970 16.282354 -0.632929
v -0.027016 16.303087 -0.636122
v -0.013641 16.321497 -0.633853
v -0.000177 16.336054 -0.624426
v 0.012634 16.345499 -0.607657
v 0.023159 16.348860 -0.586032
v 0.029587 16.346111 -0.563129
v 0.029755 16.337336 -0.543048
v 0.024532 16.322748 -0.526157
v 0.016455 16.303835 -0.512430
v 0.006474 16.283243 -0.503709
v -0.004631 16.263567 -0.500903
v -0.017359 16.246626 -0.505285
v -0.031410 16.232954 -0.517352
v -0.045618 16.221657 -0.535374
v -0.158720 16.411024 -0.514313
v -0.162422 16.410191 -0.539173
v -0.157310 16.417789 -0.560647
v -0.145727 16.431267 -0.579022
v -0.129934 16.448479 -0.594086
v -0.111298 16.467939 -0.603717
v -0.091789 16.487698 -0.607210
v -0.073542 16.505783 -0.604487
v -0.057243 16.521006 -0.593074
v -0.044132 16.532040 -0.573041
v -0.035751 16.537668 -0.547374
v -0.033361 16.537539 -0.520411
v -0.038546 16.531431 -0.497107
v -0.050392 16.519209 -0.478117
v -0.065807 16.502058 -0.463049
v -0.082699 16.482571 -0.453555
v -0.099606 16.463358 -0.450677
v -0.116402 16.446440 -0.455761
v -0.132631 16.432211 -0.469497
v -0.147652 16.419630 -0.490058
v -0.145641 16.765415 -0.542265
v -0.146542 16.761538 -0.563678
v -0.139290 16.762405 -0.582966
v -0.126160 16.766663 -0.600035
v -0.109255 16.773298 -0.614419
v -0.090094 16.781755 -0.624337
v -0.070633 16.791149 -0.629035
v -0.052795 16.800547 -0.628129
v -0.037701 16.809528 -0.619676
v -0.026405 16.817549 -0.603194
v -0.020409 16.823528 -0.581577
v -0.020350 16.827105 -0.558145
v -0.027485 16.827541 -0.537878
v -0.040939 16.824551 -0.520769
v -0.057899 16.818357 -0.506093
v -0.076130 16.809879 -0.495912
v -0.093979 16.800312 -0.491818
v -0.110386 16.791090 -0.494798
v -0.124760 16.782331 -0.505278
v -0.137119 16.773375 -0.521566
v -0.211723 17.068300 -0.558968
v -0.213451 17.065535 -0.576644
v -0.207460 17.067001 -0.591479
v -0.196218 17.071188 -0.604412
v -0.181578 17.077234 -0.615127
v -0.164825 17.084635 -0.622259
v -0.147738 17.092600 -0.625358
v -0.131886 17.100412 -0.623972
v -0.118179 17.107681 -0.616541
v -0.107716 17.113802 -0.603061
v -0.101656 17.118097 -0.585427
v -0.100796 17.120329 -0.566537
v -0.106138 17.120211 -0.549914
v -0.117065 17.117502 -0.535821
v -0.131401 17.112135 -0.524146
v -0.147268 17.104774 -0.516606
v -0.162989 17.096655 -0.514052
v -0.177917 17.088949 -0.517589
v -0.191435 17.081686 -0.527367
v -0.203278 17.074509 -0.541575
v -0.318474 17.187731 -0.516164
v -0.323624 17.190397 -0.528650
v -0.325111 17.198465 -0.538070
v -0.324059 17.210083 -0.545534
v -0.321091 17.223795 -0.551026
v -0.316362 17.238281 -0.553761
v -0.310455 17.252089 -0.553659
v -0.303917 17.263906 -0.550696
v -0.296665 17.272604 -0.543953
v -0.288828 17.277405 -0.533151
v -0.281610 17.277821 -0.520080
v -0.276123 17.274206 -0.506448
v -0.274216 17.266739 -0.495189
v -0.275232 17.255749 -0.486270
v -0.277897 17.242266 -0.479842
v -0.281891 17.228174 -0.476708
v -0.287109 17.215136 -0.477336
v -0.293783 17.204443 -0.481777
v -0.301857 17.196459 -0.490372
v -0.310509 17.190565 -0.502279
v -0.776115 17.319231 -0.228449
v -0.779305 17.321066 -0.236760
v -0.779865 17.326303 -0.243521
v -0.778444 17.333866 -0.248994
v -0.775581 17.342787 -0.253168
v -0.771465 17.352201 -0.255479
v -0.766550 17.361183 -0.255785
v -0.761320 17.368858 -0.254067
v -0.755764 17.374506 -0.249629
v -0.750118 17.377577 -0.242413
v -0.745167 17.377798 -0.233498
v -0.741739 17.375368 -0.224253
v -0.740917 17.370533 -0.216380
v -0.742374 17.363403 -0.210102
v -0.745113 17.354620 -0.205440
v -0.748802 17.345398 -0.203028
v -0.753201 17.336868 -0.203119
v -0.758480 17.329889 -0.205944
v -0.764505 17.324720 -0.211621
v -0.770752 17.320911 -0.219556
v -0.868660 17.521959 -0.200056
v -0.455490 17.266491 -0.369242
v -0.456303 17.257660 -0.361988
v -0.458534 17.246788 -0.356812
v -0.461931 17.235388 -0.354386
v -0.466358 17.224817 -0.355026
v -0.472046 17.216105 -0.358848
v -0.478912 17.209558 -0.366071
v -0.486271 17.204679 -0.375994
v -0.492964 17.202333 -0.387289
v -0.497314 17.204420 -0.397489
v -0.498657 17.210850 -0.405298
v -0.497837 17.220190 -0.411426
v -0.495388 17.231239 -0.415894
v -0.491432 17.242939 -0.418063
v -0.486441 17.254126 -0.417861
v -0.480898 17.263720 -0.415290
v -0.474707 17.270834 -0.409581
v -0.468033 17.274813 -0.400584
v -0.461864 17.275265 -0.389723
v -0.457191 17.272438 -0.378516
v -0.619698 17.272352 -0.262049
v -0.622162 17.262432 -0.257106
v -0.625690 17.252026 -0.254688
v -0.630104 17.242384 -0.255076
v -0.635605 17.234463 -0.258445
v -0.642090 17.228542 -0.264963
v -0.648941 17.224154 -0.273981
v -0.655025 17.222107 -0.284181
v -0.658848 17.224081 -0.293520
v -0.659836 17.229969 -0.300851
v -0.658741 17.238499 -0.306681
v -0.656105 17.248575 -0.311015
v -0.652073 17.259235 -0.313249
v -0.647118 17.269415 -0.313277
v -0.641718 17.278139 -0.311095
v -0.635817 17.284584 -0.305966
v -0.629610 17.288149 -0.297780
v -0.623997 17.288492 -0.287807
v -0.619888 17.285847 -0.277493
v -0.618591 17.280409 -0.268858
v 0.678963 12.556752 0.594531
v 0.729519 12.525179 0.470443
v 0.825857 12.481957 0.383057
v 0.952810 12.430823 0.327509
v 1.096140 12.376880 0.303580
v 1.241457 12.325681 0.316762
v 1.374725 12.282086 0.364305
v 1.482994 12.250353 0.440654
v 1.553614 12.234704 0.550496
v 1.578476 12.237370 0.690621
v 1.556599 12.257574 0.841242
v 1.494665 12.293460 0.978043
v 1.400944 12.343387 1.072470
v 1.277878 12.402058 1.127243
v 1.135143 12.458758 1.154450
v 0.992462 12.506434 1.149751
v 0.867111 12.542020 1.111986
v 0.772230 12.566754 1.032076
v 0.712114 12.577981 0.904081
v 0.678410 12.574718 0.749607
v 1.371933 11.395338 0.722987
v 1.346163 11.418256 0.881189
v 1.345325 11.393852 0.567748
v 1.212608 11.315837 0.457783
v 1.037258 11.258148 0.384184
v 0.835323 11.230912 0.340374
v 0.628380 11.199325 0.332332
v 0.414368 11.160905 0.367466
v 0.306515 11.167934 0.431280
v 0.171339 11.144834 0.550096
v 0.019232 11.154967 0.719068
v 0.045429 11.182754 0.890782
v 0.079048 11.184066 1.045707
v 0.245836 11.195146 1.160053
v 0.349184 11.228095 1.237943
v 0.439529 11.225222 1.284218
v 0.655907 11.264484 1.275703
v 0.862442 11.293012 1.232466
v 1.054720 11.313482 1.154930
v 1.218700 11.359455 1.037028
v 1.160950 13.351848 0.385174
v 1.201891 13.326409 0.286525
v 1.279911 13.292274 0.226573
v 1.382690 13.252051 0.196514
v 1.498756 13.209515 0.191479
v 1.616360 13.168761 0.216181
v 1.724171 13.133826 0.265936
v 1.811798 13.108324 0.335581
v 1.868980 13.096021 0.428995
v 1.889208 13.098816 0.543245
v 1.871613 13.115779 0.662672
v 1.821552 13.145038 0.767973
v 1.745686 13.185010 0.836892
v 1.646000 13.231451 0.870736
v 1.530380 13.275886 0.878674
v 1.414803 13.313066 0.859388
v 1.313324 13.340743 0.814691
v 1.236492 13.360017 0.740355
v 1.187809 13.369046 0.635940
v 1.160509 13.366377 0.510496
v 1.906887 14.001882 0.505861
v 1.939205 13.958850 0.411760
v 2.003376 13.901504 0.359596
v 2.088762 13.834685 0.339965
v 2.185675 13.764462 0.345788
v 2.284508 13.698737 0.379342
v 2.375727 13.643885 0.436122
v 2.450562 13.605444 0.509086
v 2.500328 13.590016 0.603684
v 2.519365 13.600349 0.715240
v 2.506706 13.633935 0.828586
v 2.466957 13.685206 0.925571
v 2.406063 13.748502 0.985318
v 2.324741 13.818997 1.007701
v 2.228193 13.887967 1.002878
v 2.130016 13.947207 0.973117
v 2.042751 13.992113 0.921213
v 1.976601 14.021476 0.845044
v 1.934315 14.032599 0.743797
v 1.909199 14.026123 0.624146
v 3.382307 14.283414 0.814576
v 3.398144 14.234799 0.735831
v 3.432617 14.167361 0.689269
v 3.479366 14.087840 0.668196
v 3.532955 14.003572 0.667980
v 3.588003 13.923259 0.690322
v 3.639175 13.854505 0.732050
v 3.681526 13.803923 0.788759
v 3.710114 13.779302 0.863846
v 3.721678 13.784854 0.955765
v 3.715672 13.818248 1.049920
v 3.695351 13.873984 1.133113
v 3.664728 13.944613 1.184640
v 3.622925 14.026765 1.206381
v 3.570662 14.112360 1.207913
v 3.515448 14.189952 1.188724
v 3.464996 14.251491 1.148727
v 3.426888 14.292618 1.088693
v 3.402447 14.310434 1.008754
v 3.386469 14.308036 0.913897
v 4.607599 14.812559 0.913013
v 4.622110 14.776383 0.846055
v 4.651981 14.723931 0.812094
v 4.691698 14.660169 0.800312
v 4.736740 14.591385 0.806336
v 4.782606 14.524592 0.831085
v 4.824873 14.466186 0.870901
v 4.859474 14.421926 0.922707
v 4.882217 14.398062 0.989122
v 4.890297 14.397797 1.066847
v 4.883430 14.420274 1.145913
v 4.864683 14.461624 1.214293
v 4.837814 14.517230 1.257316
v 4.802437 14.584086 1.275342
v 4.758806 14.654674 1.274025
v 4.712790 14.719287 1.252875
v 4.671150 14.771486 1.214412
v 4.640469 14.807833 1.157708
v 4.621292 14.825833 1.083815
v 4.609575 14.828193 0.999124
v 4.991316 15.415508 0.920841
v 5.018929 15.408897 0.868734
v 5.064966 15.402105 0.841649
v 5.123255 15.394599 0.831144
v 5.187683 15.387027 0.834199
v 5.251715 15.380207 0.851728
v 5.309183 15.374769 0.881044
v 5.354582 15.371277 0.919503
v 5.382010 15.370222 0.969246
v 5.387899 15.371822 1.030080
v 5.372517 15.375830 1.092474
v 5.339491 15.382749 1.148301
v 5.293280 15.392796 1.183270
v 5.235378 15.404098 1.199446
v 5.170584 15.412933 1.200541
v 5.107790 15.418483 1.186579
v 5.054428 15.421166 1.157979
v 5.015715 15.423096 1.115361
v 4.993647 15.423726 1.058084
v 4.984730 15.421337 0.990365
v 4.946619 17.813236 0.908543
v 4.965315 17.808064 0.874505
v 4.996300 17.800789 0.855735
v 5.035387 17.791945 0.848624
v 5.078491 17.782391 0.850869
v 5.121243 17.773092 0.863017
v 5.159523 17.764944 0.883460
v 5.189634 17.758755 0.910152
v 5.207636 17.755213 0.944734
v 5.211143 17.754686 0.986237
v 5.200411 17.757246 1.028796
v 5.178009 17.762999 1.065965
v 5.147087 17.772253 1.089564
v 5.108536 17.783491 1.099764
v 5.065300 17.793840 1.099621
v 5.023317 17.802071 1.089059
v 4.987617 17.808002 1.069021
v 4.961946 17.812693 1.039182
v 4.947559 17.815659 0.999759
v 4.941938 17.815899 0.953575
v 5.692358 18.425682 0.989727
v 5.046661 16.311596 1.164132
v 5.000008 16.320848 1.177438
v 4.947739 16.328255 1.178085
v 4.897053 16.333082 1.166018
v 4.853926 16.335665 1.141904
v 4.822601 16.337669 1.105875
v 4.804682 16.338659 1.057716
v 4.797340 16.337233 1.000946
v 4.802458 16.333189 0.943830
v 4.824596 16.328194 0.900813
v 4.861692 16.322676 0.877819
v 4.908730 16.316452 0.868875
v 4.960728 16.310041 0.871344
v 5.012432 16.304140 0.885969
v 5.058876 16.299284 0.910622
v 5.095570 16.295982 0.942989
v 5.117800 16.294632 0.984965
v 5.122671 16.295431 1.035977
v 5.110374 16.298273 1.088348
v 5.083857 16.303547 1.134799
v 4.858042 17.135263 1.129830
v 4.809887 17.144014 1.130121
v 4.763176 17.150396 1.118739
v 4.723429 17.154507 1.096483
v 4.694685 17.157730 1.063275
v 4.678370 17.159622 1.019096
v 4.671818 17.158953 0.967149
v 4.676729 17.155539 0.915540
v 4.697309 17.150461 0.876616
v 4.731619 17.144150 0.855549
v 4.775032 17.136728 0.847437
v 4.822968 17.128883 0.849803
v 4.870596 17.121428 0.863303
v 4.913313 17.115078 0.886038
v 4.947016 17.110464 0.915820
v 4.967321 17.108112 0.954423
v 4.971567 17.108309 1.001102
v 4.959984 17.111019 1.049000
v 4.935339 17.116510 1.091222
v 4.901005 17.125109 1.117942
v 1.867607 13.435042 0.597382
v 1.846252 13.416856 0.671653
v 1.795128 13.396979 0.728569
v 1.723505 13.376155 0.769716
v 1.639877 13.356133 0.794143
v 1.552406 13.339112 0.797639
v 1.469650 13.326636 0.780706
v 1.399727 13.319896 0.745524
v 1.349766 13.320441 0.688455
v 1.324793 13.328778 0.610703
v 1.326874 13.343708 0.523448
v 1.354008 13.363873 0.441073
v 1.403662 13.388024 0.380513
v 1.473787 13.413432 0.340304
v 1.557049 13.435185 0.314120
v 1.642061 13.450702 0.305928
v 1.718887 13.459587 0.317768
v 1.780939 13.463294 0.355944
v 1.826036 13.460452 0.424142
v 1.857094 13.450568 0.509323
v 1.670643 14.146438 0.860035
v 1.649071 14.128380 0.932485
v 1.596853 14.109529 0.980575
v 1.523741 14.090125 1.009185
v 1.438635 14.071477 1.020629
v 1.349709 14.055508 1.010651
v 1.265772 14.043729 0.981872
v 1.194973 14.037438 0.937495
v 1.144503 14.038434 0.874488
v 1.119400 14.047283 0.795009
v 1.121714 14.062573 0.710325
v 1.149405 14.082702 0.634153
v 1.199844 14.106265 0.582088
v 1.271072 14.130527 0.553057
v 1.355782 14.150681 0.540822
v 1.442381 14.164563 0.546754
v 1.520634 14.172067 0.570943
v 1.583693 14.174841 0.617128
v 1.628962 14.171914 0.686339
v 1.660126 14.161975 0.772170
v 1.174137 14.779744 0.811745
v 1.153370 14.743482 0.890749
v 1.100109 14.701238 0.935056
v 1.024689 14.655287 0.952702
v 0.936546 14.609138 0.950503
v 0.844212 14.568281 0.925986
v 0.756733 14.536622 0.882716
v 0.682743 14.517346 0.826228
v 0.629490 14.515136 0.751359
v 0.602451 14.531362 0.661996
v 0.603853 14.563098 0.570632
v 0.631348 14.605409 0.490737
v 0.681795 14.653295 0.438200
v 0.754038 14.702876 0.415713
v 0.841614 14.748088 0.415148
v 0.932194 14.783881 0.435237
v 1.014675 14.808068 0.474414
v 1.080856 14.820737 0.534556
v 1.128258 14.819951 0.615879
v 1.161644 14.805786 0.713317
v -0.028187 15.197706 0.560822
v -0.037979 15.155705 0.626141
v -0.068933 15.101998 0.666230
v -0.114281 15.041051 0.686474
v -0.168171 14.978032 0.690161
v -0.225353 14.919549 0.675617
v -0.280193 14.871072 0.645019
v -0.327351 14.837241 0.601622
v -0.362246 14.824053 0.542309
v -0.381527 14.834509 0.468148
v -0.383364 14.865911 0.391018
v -0.369564 14.913463 0.321673
v -0.341925 14.970485 0.277640
v -0.300358 15.034200 0.256926
v -0.247538 15.098530 0.251893
v -0.190914 15.154914 0.263643
v -0.137741 15.197632 0.293020
v -0.094809 15.224022 0.339831
v -0.063562 15.231862 0.403491
v -0.039965 15.223338 0.479951
v -0.972523 15.779637 0.686773
v -0.981068 15.748286 0.744090
v -1.007893 15.706980 0.774708
v -1.046658 15.658625 0.786697
v -1.092415 15.607642 0.784402
v -1.140747 15.559319 0.766819
v -1.186855 15.518215 0.736668
v -1.226372 15.488437 0.696127
v -1.255419 15.474761 0.642887
v -1.270947 15.479330 0.579601
v -1.271683 15.500916 0.514256
v -1.259220 15.536098 0.457046
v -1.235497 15.580792 0.420254
v -1.200603 15.632504 0.403344
v -1.156313 15.685363 0.400556
v -1.108536 15.732057 0.413807
v -1.063854 15.768201 0.442086
v -1.027931 15.791691 0.486839
v -1.001648 15.800593 0.546828
v -0.982101 15.796976 0.615740
v -1.212263 16.319965 0.842659
v -1.229572 16.315163 0.891149
v -1.264778 16.313587 0.923168
v -1.311947 16.313671 0.944427
v -1.365677 16.315084 0.956065
v -1.420652 16.317785 0.955867
v -1.471470 16.321445 0.944693
v -1.513269 16.325754 0.923552
v -1.541437 16.330538 0.889588
v -1.553017 16.335548 0.842264
v -1.547161 16.340143 0.787837
v -1.525831 16.344759 0.733622
v -1.490993 16.349377 0.693079
v -1.444328 16.352737 0.665928
v -1.390621 16.352526 0.649703
v -1.337217 16.349100 0.646883
v -1.290161 16.343691 0.658855
v -1.253517 16.338667 0.686243
v -1.228903 16.333784 0.729459
v -1.214165 16.327433 0.783956
v -0.881887 18.284098 1.045118
v -0.893835 18.280333 1.075178
v -0.917797 18.277025 1.094105
v -0.949884 18.273947 1.104378
v -0.986401 18.271215 1.107423
v -1.023739 18.269144 1.102297
v -1.058245 18.267908 1.089852
v -1.086578 18.267643 1.071349
v -1.105635 18.268536 1.044987
v -1.113316 18.270567 1.011286
v -1.109146 18.273531 0.975100
v -1.094471 18.277494 0.942039
v -1.070873 18.282675 0.919215
v -1.039284 18.287935 0.906547
v -1.002804 18.291409 0.901784
v -0.966406 18.292772 0.905665
v -0.934319 18.292507 0.918017
v -0.909420 18.291899 0.939592
v -0.892822 18.290714 0.970350
v -0.882917 18.287970 1.007633
v -1.423637 18.877911 1.088275
v -1.175892 17.074656 0.774883
v -1.138306 17.077494 0.755744
v -1.094921 17.077541 0.745944
v -1.051680 17.075022 0.747155
v -1.013485 17.070940 0.760132
v -0.983604 17.067163 0.785627
v -0.963367 17.063511 0.823295
v -0.951050 17.058676 0.869067
v -0.949158 17.053118 0.916363
v -0.962856 17.049456 0.954077
v -0.991096 17.048094 0.976959
v -1.029127 17.048000 0.989636
v -1.072527 17.048895 0.993820
v -1.117023 17.050776 0.988380
v -1.158257 17.053402 0.974316
v -1.192249 17.056555 0.953185
v -1.215328 17.060106 0.922682
v -1.225050 17.063854 0.883304
v -1.220699 17.067356 0.841107
v -1.203793 17.070910 0.802152
v -0.917883 17.727757 0.830397
v -0.877644 17.729368 0.824474
v -0.837526 17.728621 0.828123
v -0.802109 17.726280 0.841750
v -0.774506 17.723944 0.865677
v -0.755920 17.721416 0.900155
v -0.744709 17.717533 0.942031
v -0.743204 17.712742 0.984924
v -0.756113 17.709034 1.019150
v -0.782402 17.706789 1.040345
v -0.817722 17.705336 1.052008
v -0.857979 17.704573 1.055394
v -0.899216 17.704649 1.049732
v -0.937378 17.705519 1.035997
v -0.968800 17.707117 1.015439
v -0.990047 17.709455 0.986162
v -0.998835 17.712423 0.948521
v -0.994568 17.715675 0.907981
v -0.978676 17.719416 0.870739
v -0.952738 17.723816 0.845020
v 15.272333 9.770737 1.199886
v 15.266428 9.791862 1.160336
v 15.260550 9.825703 1.128392
v 15.255293 9.868934 1.107331
v 15.251171 9.917361 1.099323
v 15.248575 9.966213 1.104808
v 15.247818 10.010716 1.123908
v 15.248993 10.046542 1.154895
v 15.251995 10.070194 1.194792
v 15.256527 10.079325 1.239696
v 15.261940 10.073008 1.283454
v 15.267918 10.051889 1.323639
v 15.273884 10.018080 1.356250
v 15.279211 9.974868 1.377894
v 15.283377 9.926457 1.386342
v 15.285881 9.877576 1.380051
v 15.286474 9.833027 1.359476
v 15.285225 9.797174 1.327882
v 15.282110 9.773494 1.286981
v 15.277678 9.764400 1.242918
v 15.815929 10.008043 1.269261
v 15.802544 10.021653 1.235069
v 15.784363 10.043612 1.206025
v 15.763243 10.071781 1.185126
v 15.741226 10.103413 1.174511
v 15.720451 10.135381 1.175000
v 15.703012 10.164596 1.186995
v 15.690615 10.188187 1.209379
v 15.684484 10.203855 1.239919
v 15.685041 10.210010 1.274384
v 15.692215 10.206038 1.308893
v 15.705353 10.192350 1.340752
v 15.723322 10.170331 1.367969
v 15.744320 10.142127 1.387773
v 15.766340 10.110507 1.398370
v 15.787125 10.078526 1.398011
v 15.804621 10.049335 1.386536
v 15.817228 10.025804 1.366024
v 15.823568 10.010204 1.337352
v 15.823246 10.004121 1.305028
v 16.254463 10.652741 1.382737
v 16.233505 10.663213 1.346950
v 16.203983 10.680393 1.319138
v 16.168793 10.702618 1.302005
v 16.131392 10.727704 1.297256
v 16.095383 10.753180 1.305018
v 16.064388 10.776601 1.325125
v 16.041416 10.795630 1.355707
v 16.028713 10.808429 1.393622
v 16.027550 10.813745 1.435214
v 16.037786 10.810992 1.474490
v 16.058681 10.800511 1.509657
v 16.088169 10.783320 1.537162
v 16.123344 10.761079 1.554260
v 16.160782 10.736004 1.559242
v 16.196739 10.710509 1.550992
v 16.227661 10.687081 1.530200
v 16.250687 10.668065 1.500042
v 16.263401 10.655271 1.462452
v 16.264805 10.650012 1.422862
v 16.755348 10.877103 1.328157
v 16.745192 10.886789 1.306174
v 16.731253 10.902419 1.288788
v 16.714909 10.922452 1.277727
v 16.697758 10.944939 1.274117
v 16.681463 10.967665 1.278117
v 16.667671 10.988417 1.289741
v 16.657730 11.005172 1.307979
v 16.652626 11.016299 1.331051
v 16.652866 11.020688 1.356803
v 16.658360 11.017922 1.382163
v 16.668636 11.008252 1.405188
v 16.682678 10.992661 1.423574
v 16.699108 10.972646 1.435393
v 16.716299 10.950177 1.439404
v 16.732529 10.927429 1.434787
v 16.746185 10.906637 1.421902
v 16.756016 10.889849 1.402719
v 16.760975 10.878692 1.378314
v 16.760738 10.874299 1.352637
v 17.122707 11.188875 1.265642
v 17.114700 11.195043 1.250252
v 17.103579 11.205015 1.238337
v 17.090431 11.217830 1.231100
v 17.076550 11.232230 1.229223
v 17.063276 11.246802 1.232769
v 17.051952 11.260123 1.241668
v 17.043667 11.270905 1.255125
v 17.039257 11.278087 1.271817
v 17.039150 11.280951 1.290132
v 17.043304 11.279229 1.307893
v 17.051369 11.273082 1.323777
v 17.062557 11.263123 1.336222
v 17.075745 11.250324 1.343914
v 17.089661 11.235932 1.346050
v 17.102894 11.221350 1.342131
v 17.114138 11.207994 1.332455
v 17.122360 11.197206 1.318521
v 17.126694 11.190003 1.301130
v 17.126814 11.187139 1.282932
v 17.193474 11.811561 1.252281
v 3.506603 10.835441 2.003111
v 3.544598 10.777043 1.997908
v 3.563154 10.712260 2.015137
v 3.565783 10.645173 2.048477
v 3.554546 10.581328 2.093035
v 3.529390 10.528030 2.144852
v 3.493305 10.489993 2.198673
v 3.450176 10.470661 2.249129
v 3.399799 10.476206 2.292561
v 3.344366 10.508716 2.325550
v 3.291512 10.562770 2.344414
v 3.250130 10.629219 2.347774
v 3.230820 10.697383 2.334301
v 3.230774 10.765616 2.304234
v 3.241562 10.831089 2.261077
v 3.262171 10.884851 2.210883
v 3.291645 10.920787 2.160088
v 3.333633 10.933156 2.113135
v 3.389549 10.918269 2.070305
v 3.450720 10.884073 2.031194
v 3.997616 10.968886 2.469054
v 4.034843 10.911035 2.464230
v 4.048468 10.850131 2.483834
v 4.044231 10.788458 2.520453
v 4.026371 10.729814 2.568203
v 3.994545 10.681479 2.623007
v 3.952995 10.647373 2.679168
v 3.906004 10.630755 2.731276
v 3.853466 10.637981 2.775770
v 3.797770 10.671052 2.809215
v 3.746277 10.724561 2.827868
v 3.707567 10.789342 2.830283
v 3.691744 10.854897 2.815209
v 3.696445 10.919286 2.782726
v 3.713606 10.979527 2.736311
v 3.741310 11.027576 2.682593
v 3.777340 11.058322 2.628650
v 3.823858 11.067138 2.579520
v 3.880253 11.051932 2.536426
v 3.941725 11.017531 2.497148
v 4.217220 11.040765 3.138760
v 4.250305 10.970443 3.123028
v 4.251694 10.897323 3.131405
v 4.229370 10.824194 3.156891
v 4.190506 10.754957 3.194002
v 4.137741 10.698047 3.240012
v 4.076916 10.658464 3.290212
v 4.014898 10.639513 3.339507
v 3.951897 10.649909 3.386015
v 3.892048 10.691346 3.426143
v 3.842926 10.757025 3.455059
v 3.812214 10.835309 3.469645
v 3.809063 10.912899 3.466958
v 3.831329 10.987206 3.445800
v 3.869041 11.056108 3.408719
v 3.916662 11.111238 3.361797
v 3.970034 11.146529 3.311793
v 4.029434 11.156500 3.264058
v 4.094006 11.138465 3.219193
v 4.160465 11.098052 3.174817
v 4.112991 10.703943 4.203544
v 4.135372 10.643703 4.179327
v 4.130089 10.579984 4.167449
v 4.104275 10.515824 4.164766
v 4.064114 10.454982 4.169363
v 4.012787 10.404346 4.181236
v 3.955765 10.368340 4.198948
v 3.898754 10.350283 4.220693
v 3.843536 10.357131 4.246813
v 3.793032 10.391541 4.276371
v 3.754553 10.446858 4.304979
v 3.733030 10.513979 4.329831
v 3.736776 10.579614 4.346241
v 3.763218 10.643286 4.352973
v 3.803179 10.704739 4.349924
v 3.851471 10.755422 4.337750
v 3.904202 10.788460 4.318460
v 3.958660 10.799090 4.295409
v 4.013407 10.785485 4.268463
v 4.067192 10.753147 4.236600
v 4.250929 10.499353 5.150836
v 4.272264 10.450120 5.132603
v 4.266750 10.400230 5.125740
v 4.243042 10.349919 5.126101
v 4.206663 10.302196 5.132041
v 4.160446 10.262496 5.143351
v 4.109550 10.234123 5.158643
v 4.058508 10.220172 5.176660
v 4.008816 10.226274 5.197513
v 3.963921 10.253737 5.219816
v 3.929150 10.298323 5.240869
v 3.909510 10.352229 5.258557
v 3.911158 10.405982 5.270343
v 3.932537 10.458474 5.275068
v 3.966988 10.508342 5.271648
v 4.010162 10.548512 5.260327
v 4.057442 10.574274 5.243653
v 4.107544 10.581024 5.224290
v 4.158718 10.567794 5.201983
v 4.208687 10.540001 5.176592
v 4.505859 10.630112 5.588134
v 4.531631 10.595313 5.591102
v 4.542313 10.562978 5.610887
v 4.542725 10.531980 5.641644
v 4.535114 10.503871 5.679173
v 4.519581 10.482012 5.719964
v 4.498180 10.468097 5.759850
v 4.472881 10.463548 5.795063
v 4.442913 10.471802 5.822642
v 4.408611 10.494313 5.840435
v 4.375309 10.527082 5.846382
v 4.347752 10.565666 5.841044
v 4.334044 10.602715 5.824008
v 4.332098 10.637578 5.796029
v 4.337921 10.668069 5.759626
v 4.350788 10.690254 5.719971
v 4.370377 10.701524 5.681836
v 4.397091 10.701020 5.649253
v 4.430979 10.687434 5.623116
v 4.468975 10.663035 5.601665
v 5.603510 11.761533 6.357627
v 5.619932 11.738139 6.359682
v 5.626204 11.714902 6.371975
v 5.624784 11.692311 6.391314
v 5.617542 11.671493 6.414972
v 5.604761 11.654860 6.440723
v 5.587925 11.643843 6.465988
v 5.568712 11.639489 6.488318
v 5.546640 11.644344 6.505903
v 5.522522 11.659153 6.517190
v 5.499739 11.681519 6.521041
v 5.481926 11.707907 6.517617
v 5.473789 11.733958 6.507107
v 5.474506 11.758676 6.489588
v 5.480913 11.780752 6.466587
v 5.492273 11.797207 6.441306
v 5.507772 11.806318 6.416970
v 5.527939 11.806948 6.396146
v 5.552383 11.798457 6.379492
v 5.579128 11.782506 6.365766
v 5.807173 11.780905 7.035784
v 4.771540 11.122409 5.975402
v 4.769882 11.150675 5.952967
v 4.774839 11.175308 5.923643
v 4.785841 11.193062 5.891570
v 4.802431 11.201966 5.860662
v 4.825134 11.201153 5.834099
v 4.853811 11.189690 5.812665
v 4.885921 11.169453 5.794956
v 4.916571 11.142869 5.783909
v 4.938082 11.114619 5.786111
v 4.947338 11.088079 5.801777
v 4.947861 11.062802 5.826436
v 4.941582 11.039978 5.856626
v 4.928591 11.022328 5.889537
v 4.910534 11.011250 5.921834
v 4.889137 11.007857 5.950424
v 4.863672 11.014976 5.972983
v 4.834665 11.033626 5.987681
v 4.806454 11.060641 5.992875
v 4.783268 11.092134 5.988860
v 5.172325 11.568500 6.127108
v 5.177944 11.591972 6.100666
v 5.189110 11.609132 6.071694
v 5.205204 11.618134 6.043779
v 5.226748 11.617973 6.019833
v 5.253498 11.607868 6.000574
v 5.283161 11.589580 5.984682
v 5.310955 11.565556 5.974956
v 5.330147 11.539515 5.977098
v 5.338043 11.514484 5.991228
v 5.337683 11.490430 6.013460
v 5.330965 11.468521 6.040667
v 5.318064 11.451334 6.070316
v 5.300568 11.440289 6.099407
v 5.280165 11.436456 6.125151
v 5.256247 11.442539 6.145442
v 5.229469 11.459440 6.158585
v 5.203730 11.484335 6.163165
v 5.182993 11.513504 6.159419
v 5.172901 11.541853 6.147305
v 4.231438 10.937079 3.705811
v 4.247808 10.921561 3.677865
v 4.263363 10.894513 3.660406
v 4.277431 10.859736 3.651613
v 4.289131 10.821037 3.650930
v 4.296921 10.782321 3.659147
v 4.300220 10.747314 3.675129
v 4.298834 10.719421 3.697106
v 4.291302 10.701977 3.725672
v 4.277378 10.697050 3.759741
v 4.259291 10.704738 3.794643
v 4.240639 10.723332 3.825111
v 4.225788 10.750822 3.845063
v 4.213739 10.785896 3.854741
v 4.202221 10.824878 3.856500
v 4.193043 10.862507 3.850044
v 4.188049 10.894620 3.836042
v 4.190331 10.918607 3.813496
v 4.200703 10.933145 3.781085
v 4.215166 10.939869 3.743040
v 4.088745 10.615241 3.665148
v 4.069698 10.624163 3.701778
v 4.104565 10.620717 3.627624
v 4.086462 10.637424 3.584856
v 4.061991 10.666277 3.549415
v 4.035976 10.705364 3.521999
v 4.003981 10.744868 3.501940
v 3.964336 10.784856 3.490526
v 3.943474 10.808955 3.498029
v 3.906460 10.834380 3.513003
v 3.867125 10.868390 3.541640
v 3.854092 10.866934 3.585614
v 3.839199 10.859932 3.623556
v 3.848686 10.825935 3.662866
v 3.858559 10.808767 3.691525
v 3.864021 10.789023 3.708325
v 3.900774 10.748653 3.726077
v 3.938612 10.708782 3.734081
v 3.977402 10.670756 3.732389
v 4.022350 10.642596 3.722071
v 4.469696 10.953012 3.775043
v 4.482742 10.940467 3.752846
v 4.494135 10.918694 3.741268
v 4.503864 10.890713 3.737674
v 4.511744 10.859545 3.740514
v 4.516407 10.828314 3.750440
v 4.517715 10.800039 3.765980
v 4.515636 10.777493 3.785579
v 4.509039 10.763424 3.809772
v 4.497795 10.759509 3.837609
v 4.483604 10.765796 3.865363
v 4.469238 10.780860 3.888813
v 4.458084 10.803051 3.903200
v 4.449446 10.831302 3.908524
v 4.441616 10.862657 3.906573
v 4.435865 10.892920 3.897663
v 4.433392 10.918754 3.882982
v 4.436310 10.938064 3.862452
v 4.444794 10.949825 3.836025
v 4.456549 10.955272 3.805130
v 4.673750 10.890812 3.923717
v 4.681803 10.877475 3.900120
v 4.686062 10.855187 3.886915
v 4.687220 10.826947 3.881696
v 4.686043 10.795730 3.882768
v 4.682461 10.764771 3.890778
v 4.676983 10.737066 3.904666
v 4.670391 10.715317 3.922760
v 4.662090 10.702365 3.946360
v 4.652441 10.699835 3.974275
v 4.642769 10.707554 4.002717
v 4.634920 10.723709 4.027290
v 4.631245 10.746186 4.043078
v 4.630959 10.774110 4.049599
v 4.631824 10.805061 4.048651
v 4.633801 10.834909 4.040885
v 4.637321 10.860279 4.027370
v 4.643761 10.878816 4.008231
v 4.653074 10.889525 3.983205
v 4.663668 10.893934 3.953400
v 4.880692 10.617568 4.129947
v 4.883606 10.606916 4.108085
v 4.881380 10.589467 4.092973
v 4.875286 10.567583 4.083315
v 4.866570 10.543523 4.078430
v 4.855936 10.519745 4.079206
v 4.844515 10.498520 4.085323
v 4.833447 10.481896 4.096103
v 4.823112 10.472097 4.112770
v 4.814068 10.470450 4.135168
v 4.807653 10.476720 4.159684
v 4.804924 10.489391 4.182977
v 4.807621 10.506501 4.199831
v 4.814774 10.527721 4.210269
v 4.823746 10.551692 4.215690
v 4.833450 10.575100 4.215340
v 4.843399 10.595094 4.208926
v 4.853672 10.609393 4.196714
v 4.863888 10.617290 4.178538
v 4.873314 10.620353 4.155473
v 5.127720 10.434833 4.295687
v 5.131298 10.426328 4.277704
v 5.129683 10.412102 4.266688
v 5.124445 10.394077 4.260273
v 5.116716 10.374159 4.257794
v 5.107109 10.354364 4.259855
v 5.096695 10.336592 4.265962
v 5.086414 10.322572 4.275717
v 5.076550 10.314137 4.290055
v 5.067753 10.312363 4.308365
v 5.061085 10.317187 4.328243
v 5.057739 10.327373 4.346778
v 5.059195 10.341430 4.360408
v 5.064793 10.358988 4.368883
v 5.072449 10.378873 4.372724
v 5.081177 10.398372 4.371251
v 5.090338 10.415085 4.364855
v 5.100273 10.427084 4.353445
v 5.110447 10.433882 4.337049
v 5.120037 10.436745 4.317109
v 5.289768 10.443011 4.387541
v 5.298719 10.436129 4.376956
v 5.306894 10.425275 4.373396
v 5.314447 10.411698 4.374435
v 5.321085 10.396792 4.379005
v 5.325983 10.382087 4.386932
v 5.328794 10.368988 4.397219
v 5.329235 10.358761 4.408919
v 5.326357 10.352734 4.422151
v 5.319754 10.351708 4.436631
v 5.310616 10.355595 4.450182
v 5.300543 10.363684 4.461258
v 5.291960 10.375058 4.466942
v 5.284451 10.389122 4.467619
v 5.277479 10.404292 4.464102
v 5.272057 10.418543 4.456945
v 5.269176 10.430353 4.446836
v 5.269842 10.438923 4.434507
v 5.274296 10.443734 4.419898
v 5.281223 10.445289 4.403545
v 5.733963 10.811220 4.629403
v 5.739737 10.806452 4.622448
v 5.744801 10.798743 4.619651
v 5.749165 10.789067 4.619936
v 5.752739 10.778425 4.622577
v 5.755068 10.767897 4.627476
v 5.755976 10.758496 4.634069
v 5.755394 10.751132 4.641704
v 5.752728 10.746753 4.650534
v 5.747852 10.745922 4.660205
v 5.741558 10.748594 4.669415
v 5.735010 10.754240 4.676879
v 5.729713 10.762229 4.680990
v 5.725485 10.772149 4.681694
v 5.721775 10.782939 4.679607
v 5.719147 10.793142 4.675014
v 5.718111 10.801662 4.668468
v 5.719387 10.807853 4.660287
v 5.723034 10.811374 4.650548
v 5.728168 10.812613 4.639626
v 5.935946 10.743440 4.765159
v 5.433941 10.565202 4.539743
v 5.427881 10.576558 4.540363
v 5.422340 10.588836 4.537502
v 5.418129 10.600390 4.531581
v 5.416002 10.609999 4.523225
v 5.416822 10.616993 4.512943
v 5.420734 10.620976 4.500753
v 5.426670 10.622335 4.487112
v 5.433786 10.620644 4.474023
v 5.441177 10.615169 4.465283
v 5.447906 10.606415 4.462143
v 5.454029 10.595433 4.462857
v 5.459328 10.583361 4.466514
v 5.463150 10.571425 4.472981
v 5.465214 10.560772 4.481467
v 5.465319 10.552434 4.491165
v 5.462683 10.547478 4.502219
v 5.457035 10.546552 4.514301
v 5.449352 10.549600 4.525664
v 5.441006 10.556052 4.534900
v 5.567635 10.728721 4.603436
v 5.562929 10.740322 4.600926
v 5.559437 10.751262 4.595613
v 5.557810 10.760371 4.588081
v 5.558838 10.767001 4.578755
v 5.562628 10.770774 4.567685
v 5.568197 10.772079 4.555280
v 5.574713 10.770520 4.543498
v 5.581367 10.765368 4.535572
v 5.587337 10.757092 4.532589
v 5.592659 10.746705 4.533104
v 5.597170 10.735287 4.536300
v 5.600309 10.723992 4.542055
v 5.601851 10.713907 4.549676
v 5.601643 10.706015 4.558435
v 5.598991 10.701320 4.568475
v 5.593697 10.700437 4.579457
v 5.586643 10.703317 4.589840
v 5.579119 10.709400 4.598266
v 5.572859 10.718022 4.602778
vt 0.804000 0.444085
vt 0.814824 0.439307
vt 0.817423 0.446160
vt 0.805734 0.450021
vt 0.822011 0.434058
vt 0.825406 0.440714
vt 0.830817 0.423967
vt 0.835837 0.429269
vt 0.838255 0.413080
vt 0.842340 0.418365
vt 0.853052 0.411399
vt 0.855619 0.418059
vt 0.861349 0.406913
vt 0.863768 0.414284
vt 0.869650 0.398296
vt 0.872678 0.404756
vt 0.878581 0.380945
vt 0.880305 0.388756
vt 0.893116 0.390462
vt 0.894404 0.399200
vt 0.905921 0.375442
vt 0.906744 0.387308
vt 0.924851 0.396768
vt 0.922252 0.404542
vt 0.931909 0.395712
vt 0.930310 0.404337
vt 0.953559 0.400803
vt 0.947870 0.407146
vt 0.959193 0.417906
vt 0.952455 0.422288
vt 0.963773 0.427128
vt 0.958880 0.432752
vt 0.970423 0.434613
vt 0.966620 0.441029
vt 0.979047 0.441116
vt 0.975248 0.447221
vt 0.993146 0.451100
vt 0.987244 0.453656
vt 0.788110 0.443084
vt 0.793888 0.452111
vt 0.813099 0.474311
vt 0.820793 0.470682
vt 0.828801 0.487404
vt 0.821485 0.490859
vt 0.830413 0.464705
vt 0.836627 0.483520
vt 0.843882 0.455092
vt 0.846178 0.478321
vt 0.855865 0.445352
vt 0.855684 0.472641
vt 0.863072 0.439933
vt 0.863480 0.467890
vt 0.869702 0.435911
vt 0.871218 0.463909
vt 0.877775 0.431818
vt 0.879117 0.460662
vt 0.887723 0.427942
vt 0.887255 0.458164
vt 0.896658 0.426086
vt 0.896185 0.457625
vt 0.906330 0.427071
vt 0.906701 0.460449
vt 0.914418 0.428257
vt 0.914044 0.460550
vt 0.921353 0.430842
vt 0.921097 0.463397
vt 0.928960 0.436557
vt 0.928994 0.467557
vt 0.939902 0.446878
vt 0.938590 0.473853
vt 0.952088 0.458423
vt 0.947735 0.479731
vt 0.960982 0.466260
vt 0.955142 0.484263
vt 0.968249 0.471340
vt 0.961960 0.488198
vt 0.976185 0.475468
vt 0.967659 0.491834
vt 0.804133 0.477451
vt 0.812862 0.494698
vt 0.913013 0.487669
vt 0.905102 0.486834
vt 0.896367 0.485949
vt 0.888242 0.485686
vt 0.880559 0.486896
vt 0.872782 0.488914
vt 0.865255 0.491329
vt 0.858020 0.493911
vt 0.851009 0.496555
vt 0.843965 0.499278
vt 0.836794 0.502061
vt 0.829584 0.504881
vt 0.822385 0.507839
vt 0.814920 0.510948
vt 0.953573 0.502123
vt 0.947026 0.499072
vt 0.940189 0.496078
vt 0.932742 0.493103
vt 0.925471 0.490398
vt 0.919493 0.488638
vt 0.928183 0.412092
vt 0.940402 0.414499
vt 0.920248 0.411490
vt 0.908792 0.404641
vt 0.895877 0.408659
vt 0.883471 0.405948
vt 0.874582 0.412988
vt 0.865483 0.420598
vt 0.858129 0.423985
vt 0.848070 0.425628
vt 0.838805 0.436337
vt 0.827276 0.447411
vt 0.818529 0.453031
vt 0.806497 0.455816
vt 0.794519 0.458740
vt 0.983053 0.457597
vt 0.972710 0.453505
vt 0.964257 0.447842
vt 0.955803 0.439290
vt 0.947315 0.427639
vt 0.847451 0.527732
vt 0.841429 0.529607
vt 0.853496 0.526015
vt 0.859487 0.524481
vt 0.865487 0.523159
vt 0.871645 0.521980
vt 0.877901 0.520888
vt 0.884147 0.519944
vt 0.890093 0.519324
vt 0.896260 0.519251
vt 0.903014 0.519346
vt 0.909138 0.519537
vt 0.914140 0.519877
vt 0.918865 0.520542
vt 0.924725 0.521693
vt 0.930758 0.523135
vt 0.936336 0.524783
vt 0.941654 0.526664
vt 0.829629 0.534174
vt 0.835567 0.531760
vt 0.856957 0.552360
vt 0.852324 0.552892
vt 0.861645 0.552026
vt 0.866327 0.551891
vt 0.871061 0.551906
vt 0.875993 0.551928
vt 0.881073 0.551829
vt 0.886183 0.551549
vt 0.891057 0.551112
vt 0.896040 0.550325
vt 0.901315 0.549636
vt 0.906119 0.549218
vt 0.910067 0.549029
vt 0.913772 0.548878
vt 0.918289 0.548795
vt 0.922893 0.548916
vt 0.927137 0.549297
vt 0.931272 0.549903
vt 0.843187 0.554649
vt 0.847722 0.553661
vt 0.858370 0.578691
vt 0.853367 0.578021
vt 0.863387 0.579627
vt 0.868366 0.580780
vt 0.873137 0.582015
vt 0.877674 0.583129
vt 0.881957 0.583834
vt 0.886231 0.583873
vt 0.890320 0.583088
vt 0.894904 0.581383
vt 0.900064 0.579536
vt 0.904819 0.578155
vt 0.908692 0.577256
vt 0.912290 0.576493
vt 0.916604 0.575697
vt 0.921084 0.575142
vt 0.925371 0.574949
vt 0.929819 0.575039
vt 0.843105 0.577610
vt 0.848327 0.577690
vt 0.856418 0.593808
vt 0.851120 0.592685
vt 0.861577 0.595159
vt 0.866491 0.596667
vt 0.871077 0.598158
vt 0.875449 0.599343
vt 0.879872 0.599948
vt 0.884352 0.599815
vt 0.888931 0.598747
vt 0.894146 0.596723
vt 0.899888 0.594614
vt 0.905068 0.592964
vt 0.909358 0.591795
vt 0.913339 0.590892
vt 0.917933 0.590191
vt 0.922433 0.589844
vt 0.926549 0.589870
vt 0.930604 0.590225
vt 0.935068 0.590705
vt 0.846264 0.591914
vt 0.848725 0.608724
vt 0.854623 0.610162
vt 0.854726 0.643484
vt 0.849475 0.642661
vt 0.860329 0.611903
vt 0.859961 0.644365
vt 0.865618 0.613837
vt 0.864825 0.645160
vt 0.870413 0.615761
vt 0.869320 0.645700
vt 0.874877 0.617341
vt 0.873605 0.645877
vt 0.879299 0.618239
vt 0.877951 0.645569
vt 0.883787 0.618252
vt 0.882474 0.644679
vt 0.888386 0.617113
vt 0.887055 0.643258
vt 0.893484 0.614587
vt 0.891918 0.641500
vt 0.899108 0.611914
vt 0.896883 0.639936
vt 0.904161 0.609898
vt 0.901513 0.638708
vt 0.908365 0.608464
vt 0.905479 0.637890
vt 0.912265 0.607255
vt 0.909323 0.637530
vt 0.916771 0.606263
vt 0.913851 0.637702
vt 0.921157 0.605763
vt 0.918072 0.638323
vt 0.925011 0.605858
vt 0.921593 0.639367
vt 0.928677 0.606472
vt 0.924669 0.640738
vt 0.932643 0.607385
vt 0.840575 0.641375
vt 0.843866 0.607799
vt 0.844536 0.641960
vt 0.855401 0.662880
vt 0.850941 0.663090
vt 0.859868 0.662572
vt 0.864193 0.662121
vt 0.868380 0.661412
vt 0.872708 0.660391
vt 0.877241 0.659056
vt 0.881991 0.657571
vt 0.886895 0.656048
vt 0.891337 0.654855
vt 0.895874 0.654142
vt 0.900120 0.653811
vt 0.903729 0.653781
vt 0.907236 0.654181
vt 0.911437 0.655305
vt 0.915598 0.656907
vt 0.919209 0.658773
vt 0.922579 0.660894
vt 0.842297 0.663307
vt 0.846585 0.663243
vt 0.858539 0.676862
vt 0.854655 0.677373
vt 0.862332 0.676472
vt 0.866008 0.676126
vt 0.869637 0.675715
vt 0.873462 0.675088
vt 0.877570 0.674259
vt 0.882073 0.673279
vt 0.886699 0.672329
vt 0.890431 0.671449
vt 0.894212 0.670713
vt 0.897762 0.670431
vt 0.900767 0.670434
vt 0.903734 0.670515
vt 0.907425 0.670974
vt 0.911155 0.671925
vt 0.914516 0.673362
vt 0.917687 0.675326
vt 0.920944 0.677713
vt 0.850765 0.678189
vt 0.860776 0.691752
vt 0.864164 0.690653
vt 0.865920 0.701370
vt 0.862866 0.702355
vt 0.867440 0.689613
vt 0.868858 0.700396
vt 0.870561 0.688654
vt 0.871673 0.699490
vt 0.873632 0.687748
vt 0.874479 0.698680
vt 0.876799 0.686860
vt 0.877412 0.697955
vt 0.880106 0.686060
vt 0.880388 0.697323
vt 0.883453 0.685444
vt 0.883200 0.696824
vt 0.886621 0.685067
vt 0.885868 0.696466
vt 0.889417 0.684586
vt 0.888578 0.696307
vt 0.891997 0.684268
vt 0.891498 0.696293
vt 0.894563 0.684253
vt 0.894074 0.696387
vt 0.896769 0.684457
vt 0.896096 0.696595
vt 0.898998 0.684787
vt 0.898095 0.697002
vt 0.901949 0.685523
vt 0.900695 0.697729
vt 0.905122 0.686697
vt 0.903462 0.698698
vt 0.908139 0.688187
vt 0.906069 0.699831
vt 0.911005 0.689979
vt 0.908691 0.701069
vt 0.914034 0.692000
vt 0.911651 0.702354
vt 0.857327 0.693017
vt 0.859749 0.703336
vt 0.864309 0.715919
vt 0.867021 0.715016
vt 0.869257 0.737840
vt 0.866887 0.738379
vt 0.869651 0.714013
vt 0.871566 0.737210
vt 0.872197 0.713009
vt 0.873813 0.736569
vt 0.874728 0.712095
vt 0.876051 0.735992
vt 0.877344 0.711306
vt 0.878360 0.735508
vt 0.880024 0.710649
vt 0.880723 0.735125
vt 0.882720 0.710148
vt 0.883094 0.734860
vt 0.885301 0.709864
vt 0.885347 0.734735
vt 0.887975 0.709931
vt 0.887678 0.734788
vt 0.890819 0.710165
vt 0.890181 0.734960
vt 0.893395 0.710447
vt 0.892447 0.735196
vt 0.895498 0.710793
vt 0.894301 0.735480
vt 0.897446 0.711365
vt 0.896047 0.735864
vt 0.899840 0.712255
vt 0.898230 0.736381
vt 0.902337 0.713276
vt 0.900518 0.736927
vt 0.904726 0.714284
vt 0.902704 0.737425
vt 0.907160 0.715198
vt 0.904903 0.737822
vt 0.909925 0.715984
vt 0.861887 0.739035
vt 0.861505 0.716644
vt 0.864449 0.738789
vt 0.870801 0.756951
vt 0.868425 0.757115
vt 0.873033 0.756615
vt 0.875123 0.756176
vt 0.877166 0.755749
vt 0.879274 0.755400
vt 0.881431 0.755125
vt 0.883617 0.754931
vt 0.885713 0.754846
vt 0.887780 0.754989
vt 0.889996 0.755197
vt 0.892033 0.755374
vt 0.893707 0.755554
vt 0.895276 0.755840
vt 0.897298 0.756170
vt 0.899517 0.756404
vt 0.901720 0.756486
vt 0.903955 0.756380
vt 0.863348 0.756851
vt 0.865938 0.757083
vt 0.867991 0.774202
vt 0.865591 0.773954
vt 0.870443 0.774443
vt 0.872873 0.774668
vt 0.875289 0.774900
vt 0.877742 0.775118
vt 0.880317 0.775278
vt 0.882977 0.775326
vt 0.885597 0.775267
vt 0.888217 0.775142
vt 0.891007 0.774909
vt 0.893558 0.774614
vt 0.895632 0.774388
vt 0.897528 0.774251
vt 0.899851 0.774058
vt 0.902221 0.773840
vt 0.904435 0.773623
vt 0.906679 0.773339
vt 0.860572 0.773347
vt 0.863121 0.773678
vt 0.867973 0.783898
vt 0.865423 0.783588
vt 0.870510 0.784308
vt 0.872874 0.784758
vt 0.875120 0.785237
vt 0.877435 0.785689
vt 0.879813 0.785993
vt 0.882407 0.786079
vt 0.885021 0.785916
vt 0.887849 0.785422
vt 0.890787 0.784849
vt 0.893388 0.784385
vt 0.895341 0.784043
vt 0.897175 0.783696
vt 0.899310 0.783387
vt 0.901439 0.783185
vt 0.903381 0.783128
vt 0.905285 0.783194
vt 0.907475 0.783323
vt 0.862939 0.783425
vt 0.867240 0.795269
vt 0.869527 0.795789
vt 0.871933 0.816623
vt 0.869878 0.816572
vt 0.871711 0.796511
vt 0.873900 0.816561
vt 0.873753 0.797366
vt 0.875774 0.816349
vt 0.875691 0.798203
vt 0.877598 0.815995
vt 0.877698 0.798860
vt 0.879426 0.815514
vt 0.879863 0.799247
vt 0.881260 0.814951
vt 0.882210 0.799322
vt 0.883082 0.814361
vt 0.884697 0.799072
vt 0.884773 0.813754
vt 0.887376 0.798223
vt 0.886478 0.813192
vt 0.890050 0.797272
vt 0.888288 0.812752
vt 0.892190 0.796569
vt 0.889978 0.812470
vt 0.893705 0.796027
vt 0.891338 0.812359
vt 0.895298 0.795426
vt 0.892693 0.812468
vt 0.897172 0.794788
vt 0.894507 0.812889
vt 0.899075 0.794388
vt 0.896430 0.813562
vt 0.900868 0.794331
vt 0.898205 0.814425
vt 0.902563 0.794563
vt 0.899879 0.815443
vt 0.904406 0.794977
vt 0.865657 0.816364
vt 0.864946 0.795029
vt 0.867757 0.816474
vt 0.875501 0.834350
vt 0.874055 0.834352
vt 0.876847 0.834199
vt 0.878117 0.833897
vt 0.879384 0.833470
vt 0.880702 0.832947
vt 0.882068 0.832382
vt 0.883438 0.831837
vt 0.884752 0.831377
vt 0.886025 0.831106
vt 0.887352 0.830960
vt 0.888587 0.830852
vt 0.889596 0.830825
vt 0.890537 0.831011
vt 0.891752 0.831478
vt 0.893004 0.832112
vt 0.894135 0.832832
vt 0.895166 0.833594
vt 0.871483 0.834152
vt 0.872725 0.834276
vt 0.876523 0.844735
vt 0.875071 0.844634
vt 0.877860 0.844649
vt 0.879033 0.844364
vt 0.880101 0.843919
vt 0.881175 0.843384
vt 0.882293 0.842826
vt 0.883440 0.842301
vt 0.884550 0.841888
vt 0.885661 0.841674
vt 0.886876 0.841576
vt 0.888029 0.841498
vt 0.888975 0.841494
vt 0.889822 0.841690
vt 0.890855 0.842157
vt 0.891941 0.842731
vt 0.892985 0.843304
vt 0.894018 0.843814
vt 0.895138 0.844219
vt 0.873796 0.844423
vt 0.874553 0.856896
vt 0.875953 0.857059
vt 0.876690 0.864854
vt 0.875520 0.864689
vt 0.877320 0.857131
vt 0.877814 0.865102
vt 0.878599 0.857099
vt 0.878881 0.865435
vt 0.879800 0.856952
vt 0.879905 0.865794
vt 0.880985 0.856708
vt 0.880978 0.866096
vt 0.882188 0.856386
vt 0.882129 0.866285
vt 0.883380 0.856033
vt 0.883356 0.866335
vt 0.884553 0.855698
vt 0.884594 0.866229
vt 0.885831 0.855472
vt 0.885912 0.865910
vt 0.887257 0.855264
vt 0.887253 0.865511
vt 0.888564 0.855060
vt 0.888386 0.865182
vt 0.889597 0.854944
vt 0.889269 0.864924
vt 0.890551 0.854985
vt 0.890093 0.864616
vt 0.891719 0.855185
vt 0.891090 0.864256
vt 0.892906 0.855459
vt 0.892120 0.864002
vt 0.893983 0.855763
vt 0.893100 0.863933
vt 0.895040 0.856046
vt 0.894068 0.864019
vt 0.896210 0.856269
vt 0.895125 0.864184
vt 0.873163 0.856640
vt 0.874351 0.864633
vt 0.878189 0.875601
vt 0.879072 0.875893
vt 0.879116 0.894617
vt 0.878259 0.894348
vt 0.879875 0.876318
vt 0.879910 0.894996
vt 0.880595 0.876826
vt 0.880636 0.895442
vt 0.881288 0.877355
vt 0.881339 0.895894
vt 0.882032 0.877847
vt 0.882085 0.896293
vt 0.882846 0.878254
vt 0.882884 0.896608
vt 0.883716 0.878532
vt 0.883719 0.896820
vt 0.884573 0.878608
vt 0.884542 0.896891
vt 0.885427 0.878339
vt 0.885374 0.896725
vt 0.886305 0.877927
vt 0.886241 0.896457
vt 0.887112 0.877569
vt 0.887035 0.896226
vt 0.887765 0.877265
vt 0.887687 0.896030
vt 0.888333 0.876869
vt 0.888260 0.895737
vt 0.889012 0.876331
vt 0.888939 0.895295
vt 0.889756 0.875834
vt 0.889675 0.894862
vt 0.890518 0.875500
vt 0.890429 0.894548
vt 0.891315 0.875353
vt 0.891227 0.894374
vt 0.892210 0.875340
vt 0.876401 0.894298
vt 0.877254 0.875511
vt 0.877348 0.894247
vt 0.878420 0.907551
vt 0.877524 0.907575
vt 0.879305 0.907557
vt 0.880172 0.907584
vt 0.881034 0.907626
vt 0.881914 0.907670
vt 0.882807 0.907705
vt 0.883694 0.907727
vt 0.884533 0.907732
vt 0.885401 0.907700
vt 0.886338 0.907660
vt 0.887192 0.907642
vt 0.887895 0.907644
vt 0.888563 0.907639
vt 0.889396 0.907615
vt 0.890262 0.907600
vt 0.891080 0.907620
vt 0.891891 0.907680
vt 0.875683 0.907774
vt 0.876618 0.907652
vt 0.881189 0.926944
vt 0.880688 0.927177
vt 0.881654 0.926666
vt 0.882084 0.926366
vt 0.882514 0.926078
vt 0.882978 0.925830
vt 0.883477 0.925634
vt 0.883999 0.925500
vt 0.884514 0.925446
vt 0.885044 0.925507
vt 0.885601 0.925631
vt 0.886105 0.925758
vt 0.886513 0.925888
vt 0.886866 0.926078
vt 0.887274 0.926366
vt 0.887700 0.926669
vt 0.888123 0.926936
vt 0.888574 0.927154
vt 0.879580 0.927488
vt 0.880152 0.927358
vt 0.884623 0.942530
vt 0.276971 0.324037
vt 0.273419 0.324057
vt 0.273611 0.324033
vt 0.273805 0.324015
vt 0.273989 0.324002
vt 0.274158 0.323994
vt 0.274330 0.323990
vt 0.274513 0.323989
vt 0.274698 0.323992
vt 0.274877 0.323997
vt 0.275042 0.324003
vt 0.275193 0.324009
vt 0.275361 0.324016
vt 0.275558 0.324023
vt 0.275758 0.324027
vt 0.275937 0.324029
vt 0.276102 0.324032
vt 0.276272 0.324040
vt 0.276451 0.324046
vt 0.276632 0.324045
vt 0.276802 0.324038
vt 0.275509 0.326514
vt 0.275684 0.326536
vt 0.275839 0.326567
vt 0.275976 0.326618
vt 0.276108 0.326692
vt 0.276243 0.326780
vt 0.276381 0.326868
vt 0.276513 0.326947
vt 0.276644 0.327020
vt 0.273710 0.327017
vt 0.273882 0.327003
vt 0.274053 0.326980
vt 0.274210 0.326944
vt 0.274349 0.326894
vt 0.274487 0.326831
vt 0.274632 0.326759
vt 0.274780 0.326685
vt 0.274925 0.326616
vt 0.275061 0.326558
vt 0.275190 0.326519
vt 0.275211 0.330122
vt 0.275337 0.326505
vt 0.275597 0.320942
vt 0.275818 0.320946
vt 0.276015 0.320935
vt 0.276196 0.320915
vt 0.276383 0.320888
vt 0.276579 0.320853
vt 0.276775 0.320810
vt 0.276958 0.320765
vt 0.277139 0.320735
vt 0.273255 0.320793
vt 0.273458 0.320731
vt 0.273667 0.320689
vt 0.273870 0.320669
vt 0.274057 0.320671
vt 0.274247 0.320692
vt 0.274449 0.320725
vt 0.274653 0.320766
vt 0.274848 0.320813
vt 0.275027 0.320858
vt 0.275191 0.320897
vt 0.275376 0.320926
vt 0.275680 0.317129
vt 0.275967 0.317152
vt 0.276221 0.317176
vt 0.276451 0.317207
vt 0.276682 0.317251
vt 0.276920 0.317292
vt 0.277158 0.317324
vt 0.277379 0.317343
vt 0.277594 0.317365
vt 0.272815 0.317408
vt 0.273062 0.317366
vt 0.273311 0.317328
vt 0.273550 0.317291
vt 0.273768 0.317257
vt 0.273990 0.317222
vt 0.274227 0.317186
vt 0.274472 0.317152
vt 0.274711 0.317123
vt 0.274935 0.317104
vt 0.275144 0.317096
vt 0.275387 0.317106
vt 0.275801 0.314045
vt 0.276144 0.314098
vt 0.276458 0.314130
vt 0.276750 0.314146
vt 0.277047 0.314152
vt 0.277361 0.314135
vt 0.277677 0.314094
vt 0.277972 0.314042
vt 0.278261 0.314004
vt 0.272120 0.313915
vt 0.272426 0.313830
vt 0.272742 0.313763
vt 0.273044 0.313714
vt 0.273331 0.313687
vt 0.273625 0.313684
vt 0.273941 0.313700
vt 0.274265 0.313733
vt 0.274580 0.313782
vt 0.274873 0.313839
vt 0.275142 0.313900
vt 0.275450 0.313971
vt 0.275966 0.308448
vt 0.276339 0.308560
vt 0.276663 0.308668
vt 0.276964 0.308790
vt 0.277285 0.308922
vt 0.277643 0.309041
vt 0.278021 0.309128
vt 0.278387 0.309171
vt 0.278751 0.309177
vt 0.271601 0.309076
vt 0.271999 0.309037
vt 0.272383 0.308971
vt 0.272730 0.308879
vt 0.273032 0.308770
vt 0.273341 0.308651
vt 0.273688 0.308533
vt 0.274061 0.308427
vt 0.274446 0.308347
vt 0.274820 0.308297
vt 0.275180 0.308290
vt 0.275561 0.308344
vt 0.276017 0.302735
vt 0.276431 0.302880
vt 0.276785 0.303042
vt 0.277084 0.303250
vt 0.277372 0.303510
vt 0.277687 0.303784
vt 0.278034 0.304030
vt 0.278397 0.304203
vt 0.278791 0.304288
vt 0.271406 0.304291
vt 0.271863 0.304283
vt 0.272324 0.304198
vt 0.272742 0.304040
vt 0.273097 0.303824
vt 0.273426 0.303564
vt 0.273771 0.303288
vt 0.274128 0.303030
vt 0.274490 0.302820
vt 0.274843 0.302668
vt 0.275194 0.302596
vt 0.275590 0.302626
vt 0.276115 0.299266
vt 0.276595 0.299340
vt 0.277024 0.299442
vt 0.277411 0.299598
vt 0.277799 0.299809
vt 0.278216 0.300047
vt 0.278645 0.300277
vt 0.279058 0.300464
vt 0.279463 0.300618
vt 0.271141 0.300798
vt 0.271606 0.300733
vt 0.272067 0.300629
vt 0.272485 0.300482
vt 0.272856 0.300299
vt 0.273223 0.300090
vt 0.273620 0.299872
vt 0.274036 0.299665
vt 0.274454 0.299487
vt 0.274853 0.299350
vt 0.275232 0.299261
vt 0.275642 0.299232
vt 0.268783 0.293343
vt 0.269721 0.297141
vt 0.280839 0.296857
vt 0.281795 0.292988
vt 0.280311 0.296702
vt 0.281186 0.292412
vt 0.279766 0.296556
vt 0.280508 0.291900
vt 0.279195 0.296383
vt 0.279821 0.291360
vt 0.278644 0.296209
vt 0.279120 0.290791
vt 0.278142 0.296062
vt 0.278731 0.290638
vt 0.277667 0.295966
vt 0.278271 0.290342
vt 0.277123 0.295907
vt 0.277507 0.290015
vt 0.276510 0.295868
vt 0.276857 0.289975
vt 0.275899 0.295852
vt 0.276146 0.289864
vt 0.275359 0.295884
vt 0.275246 0.290117
vt 0.274820 0.295948
vt 0.274583 0.290456
vt 0.274239 0.296037
vt 0.274098 0.290631
vt 0.273631 0.296152
vt 0.273361 0.291155
vt 0.273028 0.296282
vt 0.272654 0.291648
vt 0.272454 0.296417
vt 0.271943 0.292123
vt 0.271930 0.296549
vt 0.271337 0.292665
vt 0.271430 0.296678
vt 0.270802 0.293224
vt 0.269582 0.293557
vt 0.270305 0.296972
vt 0.270889 0.296819
vt 0.270196 0.293376
vt 0.388692 0.294582
vt 0.389244 0.294570
vt 0.389802 0.294578
vt 0.390332 0.294598
vt 0.390819 0.294629
vt 0.391314 0.294671
vt 0.391839 0.294724
vt 0.392370 0.294784
vt 0.392880 0.294845
vt 0.393348 0.294903
vt 0.393776 0.294955
vt 0.394248 0.295007
vt 0.394805 0.295064
vt 0.384664 0.294883
vt 0.385226 0.294858
vt 0.385731 0.294825
vt 0.386201 0.294797
vt 0.386687 0.294778
vt 0.387200 0.294747
vt 0.387720 0.294697
vt 0.388208 0.294630
vt 0.393959 0.302215
vt 0.385213 0.302054
vt 0.385703 0.301958
vt 0.386150 0.301905
vt 0.386570 0.301918
vt 0.386996 0.301991
vt 0.387443 0.302093
vt 0.387894 0.302196
vt 0.388317 0.302279
vt 0.388728 0.302353
vt 0.389183 0.302422
vt 0.389645 0.302467
vt 0.390085 0.302469
vt 0.390494 0.302428
vt 0.390912 0.302353
vt 0.391363 0.302261
vt 0.391825 0.302167
vt 0.392276 0.302083
vt 0.392695 0.302023
vt 0.393084 0.302008
vt 0.389404 0.311308
vt 0.393498 0.302069
vt 0.395274 0.286598
vt 0.384527 0.286385
vt 0.385142 0.286372
vt 0.385689 0.286319
vt 0.386192 0.286235
vt 0.386708 0.286127
vt 0.387248 0.285987
vt 0.387786 0.285819
vt 0.388285 0.285646
vt 0.388786 0.285509
vt 0.389370 0.285429
vt 0.389965 0.285399
vt 0.390533 0.285422
vt 0.391053 0.285495
vt 0.391576 0.285614
vt 0.392129 0.285766
vt 0.392685 0.285937
vt 0.393218 0.286113
vt 0.393707 0.286278
vt 0.394154 0.286417
vt 0.394662 0.286526
vt 0.396352 0.276291
vt 0.383816 0.276055
vt 0.384553 0.276037
vt 0.385210 0.276022
vt 0.385814 0.276034
vt 0.386429 0.276074
vt 0.387067 0.276103
vt 0.387701 0.276102
vt 0.388290 0.276068
vt 0.388866 0.276042
vt 0.389526 0.276038
vt 0.390188 0.276039
vt 0.390821 0.276034
vt 0.391401 0.276028
vt 0.391988 0.276017
vt 0.392615 0.276006
vt 0.393257 0.275998
vt 0.393883 0.275999
vt 0.394464 0.276015
vt 0.395000 0.276055
vt 0.395615 0.276148
vt 0.398120 0.268084
vt 0.382460 0.267721
vt 0.383369 0.267719
vt 0.384187 0.267674
vt 0.384936 0.267601
vt 0.385695 0.267500
vt 0.386487 0.267333
vt 0.387275 0.267104
vt 0.388006 0.266856
vt 0.388730 0.266648
vt 0.389549 0.266493
vt 0.390387 0.266387
vt 0.391182 0.266329
vt 0.391926 0.266331
vt 0.392680 0.266400
vt 0.393479 0.266531
vt 0.394293 0.266717
vt 0.395079 0.266945
vt 0.395804 0.267192
vt 0.396471 0.267448
vt 0.397236 0.267752
vt 0.400126 0.252964
vt 0.381217 0.252550
vt 0.382222 0.252715
vt 0.383098 0.252895
vt 0.383914 0.253126
vt 0.384782 0.253387
vt 0.385735 0.253611
vt 0.386731 0.253754
vt 0.387682 0.253798
vt 0.388622 0.253760
vt 0.389656 0.253657
vt 0.390660 0.253491
vt 0.391571 0.253272
vt 0.392374 0.253017
vt 0.393204 0.252749
vt 0.394136 0.252498
vt 0.395141 0.252299
vt 0.396175 0.252182
vt 0.397175 0.252157
vt 0.398125 0.252254
vt 0.399108 0.252530
vt 0.402550 0.237535
vt 0.379474 0.237194
vt 0.380742 0.237484
vt 0.381844 0.237833
vt 0.382803 0.238325
vt 0.383743 0.238966
vt 0.384770 0.239650
vt 0.385882 0.240262
vt 0.387017 0.240688
vt 0.388224 0.240879
vt 0.389619 0.240859
vt 0.391044 0.240663
vt 0.392356 0.240280
vt 0.393495 0.239742
vt 0.394565 0.239092
vt 0.395693 0.238413
vt 0.396851 0.237799
vt 0.398011 0.237321
vt 0.399118 0.237006
vt 0.400186 0.236914
vt 0.401344 0.237106
vt 0.404030 0.228188
vt 0.406833 0.219157
vt 0.376813 0.219166
vt 0.378355 0.228227
vt 0.378471 0.219030
vt 0.379724 0.228302
vt 0.379936 0.218951
vt 0.380975 0.228441
vt 0.381233 0.218981
vt 0.382151 0.228725
vt 0.382619 0.219125
vt 0.383373 0.229140
vt 0.384135 0.219286
vt 0.384711 0.229607
vt 0.385688 0.219396
vt 0.386102 0.230033
vt 0.387137 0.219413
vt 0.387438 0.230335
vt 0.388533 0.219420
vt 0.388756 0.230529
vt 0.390054 0.219464
vt 0.390204 0.230630
vt 0.391583 0.219498
vt 0.391655 0.230588
vt 0.393015 0.219484
vt 0.392986 0.230383
vt 0.394354 0.219436
vt 0.394182 0.230040
vt 0.395767 0.219353
vt 0.395367 0.229628
vt 0.397320 0.219252
vt 0.396632 0.229192
vt 0.398959 0.219143
vt 0.397932 0.228780
vt 0.400616 0.219048
vt 0.399213 0.228433
vt 0.402203 0.218983
vt 0.400414 0.228173
vt 0.403679 0.218959
vt 0.401527 0.228023
vt 0.402704 0.228026
vt 0.405159 0.219003
vt 0.263705 0.332284
vt 0.261487 0.323976
vt 0.261201 0.324043
vt 0.260919 0.324136
vt 0.260425 0.324398
vt 0.260662 0.324254
vt 0.266058 0.324074
vt 0.265777 0.324108
vt 0.265496 0.324156
vt 0.265207 0.324202
vt 0.264910 0.324237
vt 0.264607 0.324255
vt 0.264304 0.324257
vt 0.263999 0.324243
vt 0.263704 0.324211
vt 0.263422 0.324162
vt 0.263151 0.324098
vt 0.262883 0.324031
vt 0.262613 0.323972
vt 0.262337 0.323933
vt 0.261770 0.323936
vt 0.262055 0.323921
vt 0.260328 0.317352
vt 0.259913 0.317403
vt 0.259485 0.317450
vt 0.258652 0.317541
vt 0.259068 0.317495
vt 0.267051 0.317243
vt 0.266650 0.317142
vt 0.266237 0.317056
vt 0.265808 0.316986
vt 0.265370 0.316932
vt 0.264927 0.316896
vt 0.264488 0.316877
vt 0.264050 0.316873
vt 0.263623 0.316886
vt 0.263203 0.316918
vt 0.262788 0.316965
vt 0.262373 0.317025
vt 0.261959 0.317092
vt 0.261546 0.317163
vt 0.260729 0.317296
vt 0.261135 0.317232
vt 0.258756 0.309338
vt 0.258105 0.309471
vt 0.257444 0.309546
vt 0.256160 0.309503
vt 0.256800 0.309553
vt 0.268433 0.308712
vt 0.267866 0.308526
vt 0.267290 0.308332
vt 0.266699 0.308154
vt 0.266097 0.307996
vt 0.265493 0.307867
vt 0.264899 0.307769
vt 0.264287 0.307709
vt 0.263691 0.307705
vt 0.263109 0.307771
vt 0.262536 0.307916
vt 0.261961 0.308131
vt 0.261367 0.308389
vt 0.260746 0.308662
vt 0.259428 0.309150
vt 0.260097 0.308920
vt 0.258085 0.297752
vt 0.257348 0.289888
vt 0.257587 0.297906
vt 0.256673 0.289944
vt 0.257106 0.298068
vt 0.255980 0.290037
vt 0.256155 0.298355
vt 0.256643 0.298222
vt 0.255299 0.290161
vt 0.254610 0.290312
vt 0.267444 0.297611
vt 0.268248 0.289910
vt 0.266928 0.297704
vt 0.267523 0.289982
vt 0.266354 0.297745
vt 0.266796 0.290062
vt 0.265734 0.297748
vt 0.266078 0.290137
vt 0.265094 0.297718
vt 0.265367 0.290199
vt 0.264466 0.297659
vt 0.264673 0.290239
vt 0.263852 0.297575
vt 0.264003 0.290252
vt 0.263257 0.297472
vt 0.263326 0.290235
vt 0.262692 0.297357
vt 0.262667 0.290191
vt 0.262163 0.297255
vt 0.262017 0.290128
vt 0.261635 0.297190
vt 0.261366 0.290057
vt 0.261081 0.297184
vt 0.260705 0.289989
vt 0.260494 0.297233
vt 0.260032 0.289932
vt 0.259879 0.297323
vt 0.259359 0.289890
vt 0.258653 0.297596
vt 0.259258 0.297449
vt 0.258682 0.289866
vt 0.258009 0.289864
vt 0.478577 0.396055
vt 0.479204 0.396040
vt 0.479839 0.396050
vt 0.480442 0.396073
vt 0.480997 0.396108
vt 0.481559 0.396156
vt 0.482157 0.396216
vt 0.482761 0.396284
vt 0.483342 0.396354
vt 0.483874 0.396420
vt 0.484361 0.396478
vt 0.484899 0.396538
vt 0.485532 0.396603
vt 0.473992 0.396397
vt 0.474631 0.396369
vt 0.475207 0.396331
vt 0.475741 0.396299
vt 0.476294 0.396277
vt 0.476878 0.396242
vt 0.477470 0.396185
vt 0.478025 0.396109
vt 0.484569 0.404741
vt 0.474617 0.404558
vt 0.475175 0.404448
vt 0.475684 0.404388
vt 0.476161 0.404402
vt 0.476646 0.404486
vt 0.477155 0.404601
vt 0.477668 0.404719
vt 0.478149 0.404814
vt 0.478617 0.404897
vt 0.479135 0.404977
vt 0.479661 0.405027
vt 0.480161 0.405030
vt 0.480627 0.404983
vt 0.481103 0.404897
vt 0.481615 0.404793
vt 0.482141 0.404686
vt 0.482654 0.404591
vt 0.483132 0.404523
vt 0.483574 0.404505
vt 0.479387 0.415089
vt 0.484045 0.404575
vt 0.486066 0.386968
vt 0.473836 0.386726
vt 0.474536 0.386711
vt 0.475159 0.386651
vt 0.475731 0.386555
vt 0.476318 0.386433
vt 0.476932 0.386273
vt 0.477544 0.386083
vt 0.478113 0.385885
vt 0.478683 0.385729
vt 0.479347 0.385638
vt 0.480024 0.385605
vt 0.480671 0.385631
vt 0.481263 0.385713
vt 0.481858 0.385849
vt 0.482487 0.386022
vt 0.483120 0.386217
vt 0.483727 0.386417
vt 0.484282 0.386605
vt 0.484791 0.386763
vt 0.485369 0.386887
vt 0.487292 0.375239
vt 0.473027 0.374971
vt 0.473866 0.374950
vt 0.474614 0.374933
vt 0.475300 0.374947
vt 0.476000 0.374992
vt 0.476726 0.375026
vt 0.477449 0.375024
vt 0.478118 0.374985
vt 0.478774 0.374956
vt 0.479525 0.374952
vt 0.480278 0.374952
vt 0.480998 0.374947
vt 0.481659 0.374940
vt 0.482326 0.374928
vt 0.483041 0.374915
vt 0.483771 0.374906
vt 0.484483 0.374907
vt 0.485144 0.374925
vt 0.485755 0.374971
vt 0.486455 0.375077
vt 0.489305 0.365900
vt 0.471484 0.365486
vt 0.472518 0.365484
vt 0.473449 0.365433
vt 0.474302 0.365350
vt 0.475166 0.365235
vt 0.476067 0.365045
vt 0.476963 0.364785
vt 0.477795 0.364502
vt 0.478619 0.364266
vt 0.479552 0.364090
vt 0.480505 0.363968
vt 0.481409 0.363903
vt 0.482256 0.363905
vt 0.483114 0.363984
vt 0.484024 0.364133
vt 0.484950 0.364344
vt 0.485845 0.364603
vt 0.486669 0.364884
vt 0.487428 0.365176
vt 0.488299 0.365522
vt 0.491588 0.348694
vt 0.470070 0.348222
vt 0.471213 0.348410
vt 0.472210 0.348615
vt 0.473138 0.348877
vt 0.474126 0.349175
vt 0.475211 0.349430
vt 0.476345 0.349593
vt 0.477426 0.349643
vt 0.478496 0.349600
vt 0.479673 0.349483
vt 0.480815 0.349293
vt 0.481852 0.349044
vt 0.482766 0.348754
vt 0.483711 0.348449
vt 0.484771 0.348163
vt 0.485915 0.347937
vt 0.487091 0.347804
vt 0.488230 0.347775
vt 0.489310 0.347886
vt 0.490429 0.348200
vt 0.494346 0.331135
vt 0.468087 0.330748
vt 0.469529 0.331077
vt 0.470783 0.331475
vt 0.471874 0.332035
vt 0.472944 0.332763
vt 0.474113 0.333543
vt 0.475378 0.334239
vt 0.476670 0.334724
vt 0.478043 0.334941
vt 0.479631 0.334918
vt 0.481253 0.334694
vt 0.482746 0.334259
vt 0.484042 0.333647
vt 0.485260 0.332907
vt 0.486543 0.332135
vt 0.487861 0.331436
vt 0.489181 0.330892
vt 0.490440 0.330534
vt 0.491656 0.330428
vt 0.492974 0.330647
vt 0.496031 0.320498
vt 0.499220 0.310222
vt 0.465057 0.310232
vt 0.466813 0.320543
vt 0.466945 0.310077
vt 0.468371 0.320628
vt 0.468612 0.309987
vt 0.469794 0.320787
vt 0.470088 0.310021
vt 0.471132 0.321110
vt 0.471665 0.310185
vt 0.472523 0.321582
vt 0.473390 0.310368
vt 0.474045 0.322113
vt 0.475157 0.310494
vt 0.475629 0.322598
vt 0.476806 0.310512
vt 0.477149 0.322941
vt 0.478394 0.310521
vt 0.478649 0.323162
vt 0.480126 0.310571
vt 0.480297 0.323278
vt 0.481866 0.310609
vt 0.481948 0.323230
vt 0.483496 0.310593
vt 0.483463 0.322996
vt 0.485019 0.310539
vt 0.484824 0.322606
vt 0.486627 0.310444
vt 0.486173 0.322138
vt 0.488394 0.310329
vt 0.487612 0.321640
vt 0.490260 0.310206
vt 0.489091 0.321172
vt 0.492145 0.310097
vt 0.490549 0.320777
vt 0.493952 0.310023
vt 0.491915 0.320482
vt 0.495631 0.309996
vt 0.493182 0.320311
vt 0.494521 0.320314
vt 0.497316 0.310046
vt 0.356697 0.438679
vt 0.357475 0.438662
vt 0.358262 0.438674
vt 0.359009 0.438702
vt 0.359697 0.438745
vt 0.360394 0.438805
vt 0.361135 0.438879
vt 0.361884 0.438964
vt 0.362604 0.439050
vt 0.363263 0.439132
vt 0.363866 0.439205
vt 0.364533 0.439279
vt 0.365318 0.439359
vt 0.351016 0.439104
vt 0.351808 0.439069
vt 0.352521 0.439021
vt 0.353184 0.438982
vt 0.353868 0.438955
vt 0.354593 0.438912
vt 0.355326 0.438841
vt 0.356014 0.438747
vt 0.364124 0.449444
vt 0.351790 0.449217
vt 0.352482 0.449082
vt 0.353112 0.449006
vt 0.353704 0.449025
vt 0.354305 0.449129
vt 0.354936 0.449272
vt 0.355571 0.449417
vt 0.356167 0.449535
vt 0.356747 0.449638
vt 0.357389 0.449737
vt 0.358041 0.449799
vt 0.358661 0.449803
vt 0.359238 0.449744
vt 0.359829 0.449638
vt 0.360463 0.449510
vt 0.361115 0.449376
vt 0.361751 0.449258
vt 0.362343 0.449174
vt 0.362891 0.449152
vt 0.357701 0.462269
vt 0.363474 0.449239
vt 0.365979 0.427418
vt 0.350822 0.427118
vt 0.351689 0.427100
vt 0.352462 0.427025
vt 0.353171 0.426906
vt 0.353899 0.426755
vt 0.354660 0.426556
vt 0.355418 0.426321
vt 0.356123 0.426076
vt 0.356830 0.425883
vt 0.357653 0.425769
vt 0.358492 0.425728
vt 0.359294 0.425760
vt 0.360026 0.425863
vt 0.360764 0.426031
vt 0.361543 0.426246
vt 0.362329 0.426487
vt 0.363081 0.426735
vt 0.363769 0.426968
vt 0.364400 0.427164
vt 0.365116 0.427317
vt 0.367499 0.412882
vt 0.349820 0.412549
vt 0.350859 0.412524
vt 0.351786 0.412503
vt 0.352637 0.412520
vt 0.353505 0.412576
vt 0.354405 0.412617
vt 0.355300 0.412616
vt 0.356130 0.412567
vt 0.356942 0.412531
vt 0.357872 0.412526
vt 0.358806 0.412526
vt 0.359699 0.412520
vt 0.360517 0.412511
vt 0.361345 0.412496
vt 0.362230 0.412481
vt 0.363135 0.412469
vt 0.364018 0.412471
vt 0.364837 0.412493
vt 0.365593 0.412549
vt 0.366461 0.412681
vt 0.369993 0.401308
vt 0.347908 0.400795
vt 0.349189 0.400793
vt 0.350343 0.400729
vt 0.351400 0.400627
vt 0.352470 0.400483
vt 0.353587 0.400248
vt 0.354698 0.399926
vt 0.355729 0.399575
vt 0.356750 0.399282
vt 0.357906 0.399064
vt 0.359087 0.398914
vt 0.360208 0.398833
vt 0.361258 0.398835
vt 0.362321 0.398933
vt 0.363449 0.399118
vt 0.364596 0.399379
vt 0.365705 0.399700
vt 0.366727 0.400049
vt 0.367668 0.400411
vt 0.368747 0.400840
vt 0.372823 0.379983
vt 0.346155 0.379399
vt 0.347571 0.379632
vt 0.348808 0.379886
vt 0.349958 0.380211
vt 0.351182 0.380580
vt 0.352527 0.380895
vt 0.353932 0.381098
vt 0.355272 0.381160
vt 0.356598 0.381106
vt 0.358056 0.380961
vt 0.359472 0.380726
vt 0.360757 0.380417
vt 0.361890 0.380058
vt 0.363061 0.379680
vt 0.364374 0.379325
vt 0.365792 0.379045
vt 0.367250 0.378881
vt 0.368661 0.378845
vt 0.370000 0.378982
vt 0.371387 0.379371
vt 0.376241 0.358223
vt 0.343697 0.357742
vt 0.345485 0.358150
vt 0.347038 0.358643
vt 0.348391 0.359337
vt 0.349717 0.360240
vt 0.351165 0.361206
vt 0.352733 0.362069
vt 0.354334 0.362670
vt 0.356037 0.362939
vt 0.358004 0.362911
vt 0.360015 0.362634
vt 0.361865 0.362094
vt 0.363471 0.361336
vt 0.364980 0.360419
vt 0.366571 0.359462
vt 0.368204 0.358595
vt 0.369839 0.357921
vt 0.371401 0.357477
vt 0.372907 0.357346
vt 0.374540 0.357618
vt 0.378329 0.345040
vt 0.342118 0.345095
vt 0.344049 0.345201
vt 0.345812 0.345398
vt 0.347471 0.345798
vt 0.349195 0.346383
vt 0.351082 0.347041
vt 0.353044 0.347643
vt 0.354929 0.348068
vt 0.356787 0.348342
vt 0.358829 0.348485
vt 0.360875 0.348425
vt 0.362753 0.348135
vt 0.364440 0.347652
vt 0.366111 0.347071
vt 0.367895 0.346455
vt 0.369728 0.345875
vt 0.371535 0.345385
vt 0.373228 0.345020
vt 0.374798 0.344808
vt 0.376458 0.344812
vt 0.356472 0.332674
vt 0.356646 0.317570
vt 0.354503 0.332664
vt 0.354195 0.315931
vt 0.352460 0.332641
vt 0.351530 0.314541
vt 0.350270 0.332485
vt 0.348787 0.313009
vt 0.348132 0.332258
vt 0.345937 0.311340
vt 0.346177 0.332055
vt 0.344458 0.310998
vt 0.344348 0.332013
vt 0.342619 0.310152
vt 0.337270 0.309509
vt 0.339943 0.332317
vt 0.342282 0.332124
vt 0.339655 0.309341
vt 0.382282 0.332304
vt 0.385806 0.309821
vt 0.379922 0.332086
vt 0.383243 0.309203
vt 0.377834 0.332025
vt 0.379875 0.309874
vt 0.375752 0.332058
vt 0.377352 0.310912
vt 0.373513 0.332150
vt 0.375552 0.311382
vt 0.371177 0.332284
vt 0.372722 0.313023
vt 0.368865 0.332437
vt 0.370045 0.314507
vt 0.366675 0.332580
vt 0.367395 0.315861
vt 0.364682 0.332697
vt 0.365090 0.317469
vt 0.362794 0.332764
vt 0.363053 0.319123
vt 0.359022 0.319224
vt 0.358617 0.332737
vt 0.360774 0.332784
vt 0.361064 0.319159
vt 0.299807 0.313851
vt 0.299981 0.313847
vt 0.300158 0.313849
vt 0.300326 0.313856
vt 0.300481 0.313865
vt 0.300638 0.313879
vt 0.300804 0.313896
vt 0.300973 0.313915
vt 0.301135 0.313934
vt 0.301283 0.313953
vt 0.301419 0.313969
vt 0.301569 0.313985
vt 0.301745 0.314004
vt 0.298529 0.313946
vt 0.298707 0.313938
vt 0.298867 0.313928
vt 0.299017 0.313919
vt 0.299170 0.313913
vt 0.299333 0.313903
vt 0.299498 0.313887
vt 0.299653 0.313866
vt 0.301477 0.316271
vt 0.298703 0.316220
vt 0.298858 0.316190
vt 0.299000 0.316173
vt 0.299133 0.316177
vt 0.299269 0.316201
vt 0.299410 0.316233
vt 0.299553 0.316265
vt 0.299687 0.316292
vt 0.299818 0.316315
vt 0.299962 0.316337
vt 0.300109 0.316351
vt 0.300248 0.316352
vt 0.300378 0.316339
vt 0.300511 0.316315
vt 0.300653 0.316286
vt 0.300800 0.316256
vt 0.300943 0.316230
vt 0.301076 0.316211
vt 0.301199 0.316206
vt 0.300032 0.319155
vt 0.301331 0.316225
vt 0.301894 0.311318
vt 0.298485 0.311251
vt 0.298680 0.311247
vt 0.298854 0.311230
vt 0.299013 0.311203
vt 0.299177 0.311169
vt 0.299348 0.311125
vt 0.299519 0.311072
vt 0.299677 0.311017
vt 0.299836 0.310973
vt 0.300021 0.310948
vt 0.300210 0.310938
vt 0.300390 0.310946
vt 0.300555 0.310969
vt 0.300721 0.311007
vt 0.300896 0.311055
vt 0.301073 0.311109
vt 0.301242 0.311165
vt 0.301397 0.311217
vt 0.301538 0.311261
vt 0.301700 0.311296
vt 0.302236 0.308049
vt 0.298260 0.307975
vt 0.298494 0.307969
vt 0.298702 0.307964
vt 0.298893 0.307968
vt 0.299089 0.307981
vt 0.299291 0.307990
vt 0.299492 0.307990
vt 0.299679 0.307979
vt 0.299862 0.307970
vt 0.300071 0.307969
vt 0.300281 0.307970
vt 0.300481 0.307968
vt 0.300666 0.307966
vt 0.300852 0.307963
vt 0.301051 0.307959
vt 0.301254 0.307957
vt 0.301453 0.307957
vt 0.301637 0.307962
vt 0.301807 0.307975
vt 0.302002 0.308004
vt 0.302796 0.305447
vt 0.297830 0.305332
vt 0.298118 0.305331
vt 0.298378 0.305317
vt 0.298615 0.305294
vt 0.298856 0.305261
vt 0.299107 0.305209
vt 0.299357 0.305136
vt 0.299589 0.305057
vt 0.299818 0.304991
vt 0.300078 0.304942
vt 0.300344 0.304908
vt 0.300596 0.304890
vt 0.300832 0.304891
vt 0.301071 0.304913
vt 0.301325 0.304954
vt 0.301583 0.305013
vt 0.301832 0.305085
vt 0.302062 0.305164
vt 0.302274 0.305245
vt 0.302516 0.305342
vt 0.303433 0.300652
vt 0.297436 0.300520
vt 0.297754 0.300573
vt 0.298032 0.300630
vt 0.298291 0.300703
vt 0.298566 0.300786
vt 0.298869 0.300857
vt 0.299185 0.300902
vt 0.299486 0.300916
vt 0.299784 0.300904
vt 0.300112 0.300871
vt 0.300430 0.300818
vt 0.300720 0.300749
vt 0.300974 0.300668
vt 0.301237 0.300583
vt 0.301533 0.300504
vt 0.301852 0.300441
vt 0.302180 0.300404
vt 0.302497 0.300396
vt 0.302798 0.300426
vt 0.303110 0.300514
vt 0.304201 0.295758
vt 0.296883 0.295650
vt 0.297285 0.295742
vt 0.297634 0.295853
vt 0.297938 0.296009
vt 0.298237 0.296212
vt 0.298563 0.296429
vt 0.298915 0.296623
vt 0.299275 0.296758
vt 0.299658 0.296819
vt 0.300100 0.296812
vt 0.300552 0.296750
vt 0.300969 0.296629
vt 0.301330 0.296458
vt 0.301669 0.296252
vt 0.302027 0.296037
vt 0.302394 0.295842
vt 0.302762 0.295690
vt 0.303113 0.295590
vt 0.303452 0.295561
vt 0.303819 0.295622
vt 0.304671 0.292794
vt 0.305560 0.289930
vt 0.296039 0.289932
vt 0.296528 0.292806
vt 0.296565 0.289889
vt 0.296962 0.292830
vt 0.297030 0.289864
vt 0.297359 0.292874
vt 0.297441 0.289874
vt 0.297732 0.292964
vt 0.297880 0.289919
vt 0.298120 0.293096
vt 0.298361 0.289970
vt 0.298544 0.293244
vt 0.298854 0.290005
vt 0.298985 0.293379
vt 0.299313 0.290011
vt 0.299409 0.293475
vt 0.299756 0.290013
vt 0.299827 0.293536
vt 0.300238 0.290027
vt 0.300286 0.293568
vt 0.300723 0.290038
vt 0.300746 0.293555
vt 0.301178 0.290033
vt 0.301168 0.293490
vt 0.301602 0.290018
vt 0.301548 0.293381
vt 0.302050 0.289992
vt 0.301924 0.293250
vt 0.302543 0.289959
vt 0.302325 0.293112
vt 0.303062 0.289925
vt 0.302737 0.292981
vt 0.303588 0.289895
vt 0.303143 0.292871
vt 0.304091 0.289874
vt 0.303524 0.292789
vt 0.304559 0.289867
vt 0.303877 0.292741
vt 0.304250 0.292742
vt 0.305029 0.289881
vt 0.259220 0.474966
vt 0.259582 0.474958
vt 0.259949 0.474964
vt 0.260298 0.474977
vt 0.260618 0.474997
vt 0.260943 0.475024
vt 0.261288 0.475059
vt 0.261638 0.475099
vt 0.261973 0.475139
vt 0.262281 0.475177
vt 0.262562 0.475211
vt 0.262872 0.475246
vt 0.263238 0.475283
vt 0.256572 0.475164
vt 0.256941 0.475148
vt 0.257273 0.475126
vt 0.257582 0.475107
vt 0.257901 0.475095
vt 0.258239 0.475075
vt 0.258581 0.475042
vt 0.258901 0.474998
vt 0.262682 0.479984
vt 0.256933 0.479878
vt 0.257255 0.479815
vt 0.257549 0.479780
vt 0.257825 0.479789
vt 0.258105 0.479837
vt 0.258399 0.479904
vt 0.258695 0.479972
vt 0.258973 0.480026
vt 0.259243 0.480075
vt 0.259543 0.480120
vt 0.259846 0.480150
vt 0.260136 0.480151
vt 0.260404 0.480124
vt 0.260680 0.480075
vt 0.260976 0.480015
vt 0.261279 0.479952
vt 0.261576 0.479897
vt 0.261852 0.479858
vt 0.262107 0.479848
vt 0.259688 0.485962
vt 0.262379 0.479889
vt 0.263547 0.469717
vt 0.256481 0.469577
vt 0.256886 0.469568
vt 0.257246 0.469533
vt 0.257576 0.469478
vt 0.257916 0.469408
vt 0.258270 0.469315
vt 0.258624 0.469205
vt 0.258952 0.469091
vt 0.259282 0.469001
vt 0.259665 0.468948
vt 0.260057 0.468929
vt 0.260430 0.468944
vt 0.260772 0.468992
vt 0.261116 0.469070
vt 0.261479 0.469170
vt 0.261845 0.469283
vt 0.262196 0.469398
vt 0.262516 0.469507
vt 0.262810 0.469598
vt 0.263144 0.469670
vt 0.264255 0.462941
vt 0.256014 0.462786
vt 0.256499 0.462774
vt 0.256931 0.462764
vt 0.257327 0.462772
vt 0.257732 0.462798
vt 0.258151 0.462818
vt 0.258569 0.462817
vt 0.258955 0.462794
vt 0.259334 0.462777
vt 0.259768 0.462775
vt 0.260203 0.462775
vt 0.260619 0.462772
vt 0.261001 0.462768
vt 0.261386 0.462761
vt 0.261799 0.462754
vt 0.262221 0.462748
vt 0.262632 0.462749
vt 0.263014 0.462760
vt 0.263367 0.462786
vt 0.263771 0.462847
vt 0.265418 0.457546
vt 0.255123 0.457307
vt 0.255720 0.457305
vt 0.256258 0.457276
vt 0.256751 0.457228
vt 0.257250 0.457161
vt 0.257770 0.457052
vt 0.258288 0.456901
vt 0.258769 0.456738
vt 0.259244 0.456601
vt 0.259783 0.456500
vt 0.260334 0.456430
vt 0.260857 0.456392
vt 0.261346 0.456393
vt 0.261841 0.456439
vt 0.262367 0.456525
vt 0.262902 0.456647
vt 0.263419 0.456796
vt 0.263895 0.456959
vt 0.264334 0.457128
vt 0.264837 0.457327
vt 0.266737 0.447605
vt 0.254306 0.447333
vt 0.254966 0.447442
vt 0.255542 0.447560
vt 0.256079 0.447712
vt 0.256649 0.447884
vt 0.257276 0.448031
vt 0.257931 0.448125
vt 0.258556 0.448154
vt 0.259174 0.448129
vt 0.259854 0.448061
vt 0.260513 0.447951
vt 0.261113 0.447808
vt 0.261640 0.447640
vt 0.262186 0.447464
vt 0.262799 0.447299
vt 0.263460 0.447168
vt 0.264139 0.447091
vt 0.264797 0.447075
vt 0.265421 0.447139
vt 0.266067 0.447320
vt 0.268330 0.437462
vt 0.253160 0.437238
vt 0.253993 0.437428
vt 0.254718 0.437658
vt 0.255348 0.437981
vt 0.255966 0.438402
vt 0.256641 0.438852
vt 0.257372 0.439255
vt 0.258118 0.439535
vt 0.258912 0.439660
vt 0.259829 0.439647
vt 0.260766 0.439518
vt 0.261629 0.439266
vt 0.262378 0.438913
vt 0.263081 0.438486
vt 0.263822 0.438039
vt 0.264584 0.437635
vt 0.265346 0.437321
vt 0.266074 0.437114
vt 0.266776 0.437053
vt 0.267537 0.437180
vt 0.269304 0.431317
vt 0.271146 0.425380
vt 0.251410 0.425386
vt 0.252424 0.431342
vt 0.252500 0.425296
vt 0.253324 0.431392
vt 0.253464 0.425244
vt 0.254146 0.431483
vt 0.254316 0.425264
vt 0.254919 0.431670
vt 0.255227 0.425359
vt 0.255723 0.431943
vt 0.256224 0.425465
vt 0.256602 0.432250
vt 0.257245 0.425537
vt 0.257517 0.432530
vt 0.258197 0.425548
vt 0.258396 0.432728
vt 0.259115 0.425553
vt 0.259262 0.432856
vt 0.260115 0.425582
vt 0.260214 0.432922
vt 0.261121 0.425604
vt 0.261168 0.432895
vt 0.262062 0.425595
vt 0.262043 0.432760
vt 0.262942 0.425563
vt 0.262829 0.432535
vt 0.263871 0.425509
vt 0.263608 0.432264
vt 0.264892 0.425442
vt 0.264440 0.431977
vt 0.265969 0.425371
vt 0.265294 0.431706
vt 0.267059 0.425308
vt 0.266136 0.431478
vt 0.268102 0.425265
vt 0.266926 0.431307
vt 0.269073 0.425250
vt 0.267658 0.431209
vt 0.268432 0.431211
vt 0.270046 0.425278
vt 0.279757 0.473836
vt 0.280111 0.473828
vt 0.280470 0.473833
vt 0.280810 0.473846
vt 0.281123 0.473866
vt 0.281441 0.473893
vt 0.281778 0.473927
vt 0.282119 0.473965
vt 0.282447 0.474005
vt 0.282748 0.474042
vt 0.283023 0.474075
vt 0.283326 0.474109
vt 0.283684 0.474146
vt 0.277169 0.474029
vt 0.277530 0.474013
vt 0.277854 0.473992
vt 0.278156 0.473974
vt 0.278468 0.473962
vt 0.278798 0.473942
vt 0.279132 0.473909
vt 0.279445 0.473867
vt 0.283140 0.478740
vt 0.277521 0.478636
vt 0.277836 0.478575
vt 0.278124 0.478540
vt 0.278393 0.478549
vt 0.278667 0.478596
vt 0.278954 0.478661
vt 0.279244 0.478727
vt 0.279515 0.478781
vt 0.279780 0.478828
vt 0.280072 0.478873
vt 0.280369 0.478901
vt 0.280652 0.478903
vt 0.280914 0.478876
vt 0.281183 0.478828
vt 0.281472 0.478770
vt 0.281769 0.478709
vt 0.282059 0.478655
vt 0.282329 0.478617
vt 0.282578 0.478607
vt 0.280214 0.484582
vt 0.282844 0.478646
vt 0.283985 0.468706
vt 0.277081 0.468569
vt 0.277476 0.468561
vt 0.277827 0.468527
vt 0.278150 0.468473
vt 0.278482 0.468404
vt 0.278829 0.468313
vt 0.460021 0.345962
vt 0.462077 0.346780
vt 0.459516 0.353502
vt 0.457766 0.352918
vt 0.458063 0.345078
vt 0.456147 0.352271
vt 0.456661 0.343079
vt 0.454645 0.351584
vt 0.455109 0.341040
vt 0.453088 0.350825
vt 0.453225 0.339087
vt 0.451386 0.350017
vt 0.451352 0.337114
vt 0.449602 0.349215
vt 0.449344 0.335079
vt 0.447812 0.348479
vt 0.447858 0.334270
vt 0.446106 0.347861
vt 0.445770 0.332980
vt 0.444528 0.347401
vt 0.442838 0.331820
vt 0.442938 0.347148
vt 0.440354 0.332118
vt 0.441129 0.347139
vt 0.438095 0.332285
vt 0.439311 0.347266
vt 0.435671 0.333576
vt 0.437695 0.347514
vt 0.434196 0.334598
vt 0.436286 0.347970
vt 0.432991 0.335256
vt 0.434833 0.348662
vt 0.431068 0.337375
vt 0.433242 0.349488
vt 0.429202 0.339447
vt 0.431585 0.350334
vt 0.427336 0.341469
vt 0.430001 0.351081
vt 0.425650 0.343609
vt 0.428478 0.351802
vt 0.464805 0.346509
vt 0.461257 0.354019
vt 0.444662 0.357144
vt 0.443357 0.356947
vt 0.445852 0.357558
vt 0.447115 0.358130
vt 0.448444 0.358815
vt 0.449767 0.359560
vt 0.451022 0.360306
vt 0.452159 0.360994
vt 0.453247 0.361608
vt 0.454451 0.362160
vt 0.455798 0.362667
vt 0.457208 0.363130
vt 0.432155 0.360919
vt 0.430905 0.361582
vt 0.433471 0.360219
vt 0.434868 0.359422
vt 0.436246 0.358628
vt 0.437551 0.357939
vt 0.438847 0.357456
vt 0.440262 0.357169
vt 0.441829 0.356987
vt 0.443635 0.368158
vt 0.442748 0.368144
vt 0.444466 0.368310
vt 0.445352 0.368571
vt 0.446289 0.368909
vt 0.447225 0.369300
vt 0.448114 0.369713
vt 0.448913 0.370115
vt 0.449675 0.370511
vt 0.450497 0.370910
vt 0.451393 0.371301
vt 0.452290 0.371668
vt 0.435592 0.370153
vt 0.434710 0.370367
vt 0.436499 0.369901
vt 0.437446 0.369574
vt 0.438356 0.369215
vt 0.439189 0.368875
vt 0.439980 0.368610
vt 0.440831 0.368418
vt 0.441788 0.368253
vt 0.442837 0.380376
vt 0.442150 0.380393
vt 0.443495 0.380428
vt 0.444198 0.380535
vt 0.444939 0.380682
vt 0.445676 0.380860
vt 0.446373 0.381056
vt 0.447000 0.381257
vt 0.447593 0.381463
vt 0.448247 0.381681
vt 0.448959 0.381899
vt 0.449690 0.382108
vt 0.436722 0.381208
vt 0.436028 0.381229
vt 0.437431 0.381160
vt 0.438173 0.381056
vt 0.438883 0.380914
vt 0.439522 0.380765
vt 0.440109 0.380648
vt 0.440724 0.380560
vt 0.441415 0.380470
vt 0.442245 0.392705
vt 0.441746 0.392698
vt 0.442691 0.392761
vt 0.443177 0.392850
vt 0.443699 0.392962
vt 0.444229 0.393089
vt 0.444739 0.393221
vt 0.445206 0.393349
vt 0.445654 0.393474
vt 0.446125 0.393596
vt 0.446627 0.393713
vt 0.447130 0.393826
vt 0.437606 0.393167
vt 0.437128 0.393192
vt 0.438106 0.393134
vt 0.438638 0.393069
vt 0.439163 0.392977
vt 0.439655 0.392881
vt 0.440130 0.392813
vt 0.440634 0.392769
vt 0.441183 0.392729
vt 0.441398 0.404558
vt 0.441091 0.404559
vt 0.441680 0.404582
vt 0.441994 0.404622
vt 0.442337 0.404674
vt 0.442688 0.404735
vt 0.443027 0.404800
vt 0.443336 0.404864
vt 0.443628 0.404929
vt 0.443939 0.404998
vt 0.444266 0.405069
vt 0.444598 0.405144
vt 0.438406 0.404701
vt 0.438098 0.404689
vt 0.438729 0.404709
vt 0.439079 0.404699
vt 0.439425 0.404671
vt 0.439747 0.404637
vt 0.440051 0.404612
vt 0.440373 0.404597
vt 0.440729 0.404579
vt 0.440656 0.415096
vt 0.440412 0.415116
vt 0.440888 0.415074
vt 0.441143 0.415053
vt 0.441421 0.415036
vt 0.441705 0.415026
vt 0.441980 0.415027
vt 0.442232 0.415039
vt 0.442472 0.415070
vt 0.442722 0.415124
vt 0.442983 0.415200
vt 0.443236 0.415294
vt 0.438277 0.414954
vt 0.438028 0.414917
vt 0.438533 0.415006
vt 0.438809 0.415051
vt 0.439082 0.415084
vt 0.439340 0.415105
vt 0.439584 0.415122
vt 0.439844 0.415133
vt 0.440131 0.415131
vt 0.439864 0.425432
vt 0.335876 0.327921
vt 0.336523 0.335390
vt 0.335687 0.335338
vt 0.335038 0.328046
vt 0.334936 0.335504
vt 0.334299 0.328370
vt 0.334170 0.335839
vt 0.333555 0.328844
vt 0.333376 0.336293
vt 0.332804 0.329421
vt 0.332586 0.336834
vt 0.332085 0.330054
vt 0.331814 0.337405
vt 0.331418 0.330683
vt 0.331074 0.337935
vt 0.330812 0.331249
vt 0.330274 0.338374
vt 0.330200 0.331711
vt 0.329337 0.338687
vt 0.329488 0.332025
vt 0.328308 0.338845
vt 0.328687 0.332142
vt 0.327298 0.338851
vt 0.327878 0.332059
vt 0.326423 0.338696
vt 0.327149 0.331788
vt 0.325605 0.338358
vt 0.326427 0.331352
vt 0.324813 0.337873
vt 0.325686 0.330779
vt 0.324091 0.337329
vt 0.324973 0.330156
vt 0.323437 0.336811
vt 0.324308 0.329564
vt 0.322771 0.336390
vt 0.323628 0.329056
vt 0.322003 0.336055
vt 0.322838 0.328624
vt 0.321113 0.335754
vt 0.321923 0.328224
vt 0.320209 0.335534
vt 0.320995 0.327922
vt 0.335224 0.347089
vt 0.334517 0.346907
vt 0.333834 0.346859
vt 0.333115 0.346901
vt 0.332371 0.347010
vt 0.331645 0.347174
vt 0.330971 0.347372
vt 0.330369 0.347578
vt 0.329786 0.347771
vt 0.329123 0.347937
vt 0.328392 0.348065
vt 0.327639 0.348146
vt 0.326954 0.348178
vt 0.326261 0.348148
vt 0.325535 0.348044
vt 0.324840 0.347880
vt 0.324209 0.347686
vt 0.323617 0.347513
vt 0.322982 0.347375
vt 0.322257 0.347246
vt 0.321474 0.347150
vt 0.333928 0.358158
vt 0.333372 0.357944
vt 0.332888 0.357763
vt 0.332363 0.357590
vt 0.331794 0.357430
vt 0.331205 0.357301
vt 0.330627 0.357210
vt 0.330082 0.357163
vt 0.329545 0.357164
vt 0.328970 0.357208
vt 0.328366 0.357287
vt 0.327774 0.357400
vt 0.327252 0.357551
vt 0.326725 0.357732
vt 0.326157 0.357898
vt 0.325586 0.358019
vt 0.325040 0.358093
vt 0.324501 0.358146
vt 0.323913 0.358179
vt 0.323262 0.358182
vt 0.322587 0.358155
vt 0.332724 0.364233
vt 0.332280 0.364165
vt 0.331894 0.364135
vt 0.331474 0.364123
vt 0.331023 0.364122
vt 0.330559 0.364128
vt 0.330106 0.364137
vt 0.329682 0.364145
vt 0.329263 0.364150
vt 0.328806 0.364154
vt 0.328328 0.364154
vt 0.327853 0.364157
vt 0.327437 0.364176
vt 0.327012 0.364201
vt 0.326554 0.364201
vt 0.326093 0.364180
vt 0.325649 0.364151
vt 0.325213 0.364141
vt 0.324738 0.364150
vt 0.324205 0.364161
vt 0.323663 0.364170
vt 0.332052 0.371681
vt 0.331688 0.371605
vt 0.331366 0.371506
vt 0.331016 0.371389
vt 0.330632 0.371264
vt 0.330232 0.371143
vt 0.329834 0.371036
vt 0.329458 0.370951
vt 0.329084 0.370901
vt 0.328675 0.370886
vt 0.328248 0.370909
vt 0.327829 0.370968
vt 0.327469 0.371068
vt 0.327111 0.371195
vt 0.326725 0.371317
vt 0.326337 0.371420
vt 0.325967 0.371499
vt 0.325605 0.371562
vt 0.325212 0.371603
vt 0.324769 0.371615
vt 0.324325 0.371595
vt 0.331331 0.382899
vt 0.328217 0.389528
vt 0.331032 0.382853
vt 0.330750 0.382863
vt 0.330446 0.382904
vt 0.330119 0.382962
vt 0.329784 0.383028
vt 0.329458 0.383092
vt 0.329155 0.383144
vt 0.328860 0.383171
vt 0.328543 0.383168
vt 0.328210 0.383134
vt 0.327884 0.383081
vt 0.327589 0.383026
vt 0.327286 0.382964
vt 0.326964 0.382888
vt 0.326645 0.382812
vt 0.326340 0.382758
vt 0.326039 0.382746
vt 0.325719 0.382782
vt 0.325367 0.382849
vt 0.325029 0.382940
vt 0.327479 0.377532
vt 0.327128 0.377582
vt 0.326755 0.377621
vt 0.326385 0.377645
vt 0.326036 0.377661
vt 0.325697 0.377684
vt 0.325333 0.377711
vt 0.324928 0.377733
vt 0.324527 0.377744
vt 0.331821 0.377774
vt 0.331482 0.377740
vt 0.331175 0.377706
vt 0.330839 0.377668
vt 0.330472 0.377626
vt 0.330090 0.377586
vt 0.329712 0.377550
vt 0.329357 0.377522
vt 0.329006 0.377502
vt 0.328625 0.377489
vt 0.328224 0.377485
vt 0.327828 0.377496
vt 0.292457 0.425246
vt 0.293556 0.435635
vt 0.292974 0.435590
vt 0.291748 0.425244
vt 0.306229 0.425591
vt 0.304075 0.435834
vt 0.303609 0.435629
vt 0.305573 0.425445
vt 0.303101 0.435425
vt 0.304860 0.425352
vt 0.302550 0.435232
vt 0.304096 0.425297
vt 0.301979 0.435068
vt 0.303321 0.425285
vt 0.301418 0.434943
vt 0.302576 0.425312
vt 0.300890 0.434866
vt 0.301892 0.425371
vt 0.300368 0.434839
vt 0.301230 0.425453
vt 0.299810 0.434855
vt 0.300492 0.425545
vt 0.299221 0.434907
vt 0.299691 0.425629
vt 0.298644 0.434997
vt 0.298870 0.425708
vt 0.298131 0.435129
vt 0.298127 0.425771
vt 0.297613 0.435290
vt 0.297379 0.425804
vt 0.297056 0.435438
vt 0.296598 0.425779
vt 0.296496 0.435546
vt 0.295857 0.425701
vt 0.295959 0.435610
vt 0.295190 0.425590
vt 0.295430 0.435655
vt 0.294578 0.425489
vt 0.294853 0.435680
vt 0.293940 0.425405
vt 0.294215 0.435673
vt 0.293223 0.425318
vt 0.294314 0.441495
vt 0.293878 0.441502
vt 0.302737 0.441850
vt 0.302360 0.441802
vt 0.301951 0.441769
vt 0.301509 0.441746
vt 0.301056 0.441730
vt 0.300613 0.441717
vt 0.300198 0.441706
vt 0.299789 0.441692
vt 0.299343 0.441676
vt 0.298877 0.441657
vt 0.298413 0.441640
vt 0.298006 0.441642
vt 0.297591 0.441650
vt 0.297144 0.441634
vt 0.296695 0.441595
vt 0.296261 0.441550
vt 0.295835 0.441525
vt 0.295369 0.441516
vt 0.294846 0.441507
vt 0.294713 0.448783
vt 0.294351 0.448723
vt 0.301871 0.449056
vt 0.301563 0.448947
vt 0.301227 0.448819
vt 0.300858 0.448682
vt 0.300474 0.448548
vt 0.300091 0.448427
vt 0.299728 0.448330
vt 0.299367 0.448266
vt 0.298970 0.448236
vt 0.298553 0.448242
vt 0.298144 0.448285
vt 0.297791 0.448369
vt 0.297438 0.448480
vt 0.297058 0.448586
vt 0.296678 0.448674
vt 0.296314 0.448739
vt 0.295961 0.448789
vt 0.295576 0.448817
vt 0.295145 0.448816
vt 0.295025 0.459818
vt 0.297691 0.466401
vt 0.294756 0.459925
vt 0.300881 0.460030
vt 0.300604 0.460027
vt 0.300303 0.460052
vt 0.299980 0.460093
vt 0.299648 0.460141
vt 0.299326 0.460187
vt 0.299027 0.460223
vt 0.298736 0.460236
vt 0.298427 0.460216
vt 0.298105 0.460167
vt 0.297790 0.460100
vt 0.297507 0.460031
vt 0.297216 0.459956
vt 0.296907 0.459865
vt 0.296601 0.459776
vt 0.296308 0.459707
vt 0.296017 0.459681
vt 0.295703 0.459700
vt 0.295358 0.459747
vt 0.297603 0.454675
vt 0.297260 0.454711
vt 0.296896 0.454735
vt 0.296535 0.454746
vt 0.296195 0.454750
vt 0.295865 0.454761
vt 0.295509 0.454775
vt 0.295113 0.454784
vt 0.294722 0.454783
vt 0.294390 0.454779
vt 0.301483 0.455019
vt 0.301186 0.454977
vt 0.300861 0.454928
vt 0.300506 0.454875
vt 0.300137 0.454823
vt 0.299771 0.454774
vt 0.299427 0.454734
vt 0.299087 0.454701
vt 0.298718 0.454675
vt 0.298328 0.454656
vt 0.297943 0.454652
vt 0.436451 0.228301
vt 0.437848 0.228499
vt 0.433652 0.235861
vt 0.432856 0.235288
vt 0.435023 0.228315
vt 0.432039 0.234852
vt 0.433576 0.228493
vt 0.431184 0.234580
vt 0.432118 0.228766
vt 0.430295 0.234474
vt 0.430650 0.229079
vt 0.429391 0.234520
vt 0.429195 0.229390
vt 0.428487 0.234688
vt 0.427736 0.229683
vt 0.427562 0.234968
vt 0.426321 0.229937
vt 0.426663 0.235338
vt 0.425040 0.230092
vt 0.425792 0.235785
vt 0.423839 0.230095
vt 0.424938 0.236276
vt 0.422692 0.229940
vt 0.424061 0.236752
vt 0.421571 0.229655
vt 0.423120 0.237147
vt 0.420453 0.229294
vt 0.422104 0.237412
vt 0.419324 0.228922
vt 0.421020 0.237537
vt 0.418176 0.228598
vt 0.419896 0.237548
vt 0.417000 0.228382
vt 0.418883 0.237466
vt 0.415771 0.228311
vt 0.417829 0.237280
vt 0.414499 0.228419
vt 0.416779 0.236997
vt 0.413229 0.228749
vt 0.415808 0.236644
vt 0.412061 0.229321
vt 0.414900 0.236257
vt 0.421020 0.246800
vt 0.420100 0.246705
vt 0.421957 0.246819
vt 0.422903 0.246772
vt 0.423846 0.246665
vt 0.424783 0.246500
vt 0.425714 0.246286
vt 0.426653 0.246041
vt 0.427613 0.245790
vt 0.428603 0.245556
vt 0.429581 0.245369
vt 0.430586 0.245239
vt 0.431604 0.245178
vt 0.432615 0.245204
vt 0.433602 0.245318
vt 0.434562 0.245512
vt 0.416471 0.245864
vt 0.415540 0.245646
vt 0.417381 0.246109
vt 0.418304 0.246351
vt 0.419208 0.246556
vt 0.421590 0.257134
vt 0.420679 0.257131
vt 0.422507 0.257166
vt 0.423418 0.257222
vt 0.424329 0.257300
vt 0.425224 0.257392
vt 0.426106 0.257488
vt 0.426985 0.257573
vt 0.427877 0.257633
vt 0.428793 0.257656
vt 0.429701 0.257638
vt 0.430640 0.257583
vt 0.431603 0.257500
vt 0.432575 0.257399
vt 0.433559 0.257290
vt 0.434540 0.257192
vt 0.417011 0.257532
vt 0.416078 0.257736
vt 0.417932 0.257364
vt 0.418870 0.257239
vt 0.419785 0.257163
vt 0.422370 0.267399
vt 0.421551 0.267597
vt 0.423211 0.267228
vt 0.424044 0.267107
vt 0.424838 0.267039
vt 0.425588 0.267049
vt 0.426302 0.267136
vt 0.427019 0.267275
vt 0.427784 0.267429
vt 0.428590 0.267569
vt 0.429420 0.267683
vt 0.430271 0.267763
vt 0.431137 0.267803
vt 0.431977 0.267799
vt 0.432753 0.267743
vt 0.433452 0.267618
vt 0.418830 0.268445
vt 0.418169 0.268625
vt 0.419457 0.268237
vt 0.420108 0.268017
vt 0.420782 0.267809
vt 0.423505 0.282928
vt 0.422601 0.283238
vt 0.424385 0.282577
vt 0.425226 0.282209
vt 0.426029 0.281859
vt 0.426808 0.281568
vt 0.427583 0.281372
vt 0.428371 0.281282
vt 0.429178 0.281288
vt 0.430006 0.281369
vt 0.430811 0.281502
vt 0.431628 0.281677
vt 0.432443 0.281890
vt 0.433243 0.282131
vt 0.434023 0.282394
vt 0.434791 0.282645
vt 0.419043 0.283784
vt 0.418176 0.283716
vt 0.419914 0.283775
vt 0.420810 0.283673
vt 0.421690 0.283493
vt 0.424911 0.294180
vt 0.424362 0.294266
vt 0.425467 0.294086
vt 0.426026 0.293991
vt 0.426587 0.293899
vt 0.427149 0.293818
vt 0.427710 0.293754
vt 0.428279 0.293712
vt 0.428858 0.293694
vt 0.429451 0.293699
vt 0.430044 0.293725
vt 0.430644 0.293774
vt 0.431238 0.293846
vt 0.431817 0.293941
vt 0.432377 0.294058
vt 0.432920 0.294195
vt 0.422113 0.294535
vt 0.421549 0.294598
vt 0.422677 0.294475
vt 0.423257 0.294411
vt 0.423819 0.294342
vt 0.426156 0.303235
vt 0.425770 0.303255
vt 0.426538 0.303251
vt 0.426912 0.303303
vt 0.427278 0.303383
vt 0.427640 0.303475
vt 0.428007 0.303561
vt 0.428389 0.303628
vt 0.428788 0.303670
vt 0.429201 0.303689
vt 0.429612 0.303687
vt 0.430021 0.303662
vt 0.430424 0.303615
vt 0.430814 0.303552
vt 0.431195 0.303488
vt 0.431576 0.303442
vt 0.424271 0.303686
vt 0.423950 0.303880
vt 0.424619 0.303526
vt 0.425001 0.303399
vt 0.425388 0.303309
vt 0.428390 0.314556
vt 0.285138 0.289909
vt 0.285689 0.299878
vt 0.285125 0.299807
vt 0.284496 0.289864
vt 0.284630 0.299746
vt 0.283887 0.289899
vt 0.284095 0.299696
vt 0.283238 0.289991
vt 0.283519 0.299663
vt 0.282553 0.290123
vt 0.282930 0.299659
vt 0.281866 0.290290
vt 0.294961 0.289865
vt 0.293966 0.299365
vt 0.293416 0.299261
vt 0.294280 0.289937
vt 0.292898 0.299201
vt 0.293656 0.290029
vt 0.292386 0.299186
vt 0.293053 0.290138
vt 0.291838 0.299211
vt 0.292383 0.290252
vt 0.291260 0.299268
vt 0.291654 0.290357
vt 0.290691 0.299358
vt 0.290910 0.290450
vt 0.290185 0.299484
vt 0.290237 0.290521
vt 0.289673 0.299638
vt 0.289560 0.290556
vt 0.289121 0.299777
vt 0.288856 0.290531
vt 0.288568 0.299874
vt 0.288190 0.290450
vt 0.288039 0.299926
vt 0.287591 0.290334
vt 0.287518 0.299958
vt 0.287044 0.290224
vt 0.286952 0.299968
vt 0.286472 0.290124
vt 0.286330 0.299940
vt 0.285827 0.290014
vt 0.286204 0.305532
vt 0.285767 0.305544
vt 0.285396 0.305583
vt 0.285002 0.305644
vt 0.284581 0.305724
vt 0.284153 0.305813
vt 0.292871 0.305832
vt 0.292437 0.305805
vt 0.292030 0.305783
vt 0.291629 0.305759
vt 0.291191 0.305733
vt 0.290732 0.305703
vt 0.290275 0.305679
vt 0.289874 0.305675
vt 0.289464 0.305678
vt 0.289022 0.305658
vt 0.288577 0.305618
vt 0.288147 0.305573
vt 0.287723 0.305549
vt 0.287258 0.305541
vt 0.286736 0.305537
vt 0.286781 0.312486
vt 0.286440 0.312450
vt 0.286137 0.312392
vt 0.285805 0.312323
vt 0.285444 0.312254
vt 0.285069 0.312193
vt 0.292163 0.312238
vt 0.291808 0.312111
vt 0.291469 0.312009
vt 0.291131 0.311940
vt 0.290760 0.311904
vt 0.290370 0.311904
vt 0.289986 0.311941
vt 0.289656 0.312019
vt 0.289327 0.312124
vt 0.288973 0.312227
vt 0.288619 0.312315
vt 0.288280 0.312384
vt 0.287950 0.312441
vt 0.287590 0.312480
vt 0.287186 0.312496
vt 0.287291 0.322729
vt 0.288808 0.329192
vt 0.287031 0.322804
vt 0.286812 0.322920
vt 0.286589 0.323075
vt 0.286355 0.323256
vt 0.286116 0.323450
vt 0.291596 0.323370
vt 0.291280 0.323393
vt 0.290989 0.323408
vt 0.290710 0.323401
vt 0.290417 0.323361
vt 0.290116 0.323293
vt 0.289826 0.323207
vt 0.289567 0.323122
vt 0.289304 0.323029
vt 0.289026 0.322920
vt 0.288751 0.322813
vt 0.288487 0.322726
vt 0.288220 0.322679
vt 0.287929 0.322673
vt 0.287605 0.322690
vt 0.289672 0.318000
vt 0.289358 0.318034
vt 0.289023 0.318058
vt 0.288691 0.318070
vt 0.288376 0.318077
vt 0.288070 0.318091
vt 0.287740 0.318111
vt 0.287372 0.318128
vt 0.287006 0.318138
vt 0.286696 0.318146
vt 0.286417 0.318151
vt 0.286113 0.318158
vt 0.285783 0.318167
vt 0.285440 0.318180
vt 0.292008 0.318140
vt 0.291669 0.318097
vt 0.291351 0.318059
vt 0.291037 0.318029
vt 0.290696 0.318003
vt 0.290337 0.317984
vt 0.289983 0.317979
vt 0.025953 0.258787
vt 0.027081 0.258948
vt 0.023691 0.264895
vt 0.023048 0.264433
vt 0.024799 0.258799
vt 0.022388 0.264080
vt 0.023629 0.258943
vt 0.021697 0.263861
vt 0.022452 0.259163
vt 0.020979 0.263775
vt 0.021265 0.259416
vt 0.020248 0.263813
vt 0.020090 0.259667
vt 0.019518 0.263948
vt 0.018912 0.259904
vt 0.018770 0.264174
vt 0.017768 0.260109
vt 0.018044 0.264473
vt 0.016733 0.260234
vt 0.017341 0.264834
vt 0.015762 0.260237
vt 0.016651 0.265231
vt 0.014836 0.260112
vt 0.015942 0.265616
vt 0.013930 0.259881
vt 0.015182 0.265935
vt 0.013027 0.259590
vt 0.014361 0.266149
vt 0.012115 0.259289
vt 0.013485 0.266250
vt 0.011187 0.259028
vt 0.012577 0.266258
vt 0.010237 0.258853
vt 0.011758 0.266193
vt 0.009244 0.258796
vt 0.010907 0.266042
vt 0.008216 0.258883
vt 0.010058 0.265813
vt 0.007190 0.259149
vt 0.009274 0.265529
vt 0.006246 0.259612
vt 0.008541 0.265216
vt 0.013485 0.273734
vt 0.012742 0.273658
vt 0.014242 0.273749
vt 0.015006 0.273711
vt 0.015769 0.273625
vt 0.016526 0.273492
vt 0.017278 0.273319
vt 0.018036 0.273121
vt 0.018812 0.272918
vt 0.019611 0.272729
vt 0.020402 0.272578
vt 0.021214 0.272473
vt 0.022036 0.272424
vt 0.022853 0.272444
vt 0.023650 0.272536
vt 0.024426 0.272694
vt 0.009810 0.272978
vt 0.009057 0.272802
vt 0.010545 0.273175
vt 0.011291 0.273371
vt 0.012021 0.273536
vt 0.013946 0.282083
vt 0.013210 0.282081
vt 0.014687 0.282109
vt 0.015423 0.282154
vt 0.016158 0.282217
vt 0.016882 0.282292
vt 0.017594 0.282369
vt 0.018304 0.282438
vt 0.019025 0.282487
vt 0.019765 0.282505
vt 0.020499 0.282491
vt 0.021258 0.282447
vt 0.022036 0.282379
vt 0.022821 0.282297
vt 0.023616 0.282210
vt 0.024409 0.282130
vt 0.010246 0.282405
vt 0.009492 0.282570
vt 0.010990 0.282269
vt 0.011748 0.282168
vt 0.012487 0.282107
vt 0.014576 0.290377
vt 0.013914 0.290537
vt 0.015255 0.290239
vt 0.015928 0.290141
vt 0.016570 0.290086
vt 0.017176 0.290094
vt 0.017753 0.290164
vt 0.018332 0.290276
vt 0.018950 0.290401
vt 0.019601 0.290515
vt 0.020272 0.290606
vt 0.020960 0.290671
vt 0.021659 0.290704
vt 0.022337 0.290700
vt 0.022965 0.290655
vt 0.023529 0.290554
vt 0.011716 0.291222
vt 0.011182 0.291367
vt 0.012222 0.291054
vt 0.012748 0.290877
vt 0.013293 0.290708
vt 0.015493 0.302923
vt 0.014762 0.303174
vt 0.016203 0.302640
vt 0.016883 0.302343
vt 0.017532 0.302060
vt 0.018162 0.301824
vt 0.018788 0.301666
vt 0.019424 0.301594
vt 0.020076 0.301599
vt 0.020745 0.301664
vt 0.021395 0.301771
vt 0.022056 0.301913
vt 0.022714 0.302085
vt 0.023361 0.302279
vt 0.023991 0.302492
vt 0.024612 0.302695
vt 0.011887 0.303615
vt 0.011187 0.303561
vt 0.012592 0.303608
vt 0.013315 0.303525
vt 0.014027 0.303380
vt 0.016629 0.312014
vt 0.016185 0.312084
vt 0.017078 0.311939
vt 0.017530 0.311862
vt 0.017983 0.311788
vt 0.018437 0.311722
vt 0.018891 0.311671
vt 0.019350 0.311636
vt 0.019817 0.311622
vt 0.020297 0.311626
vt 0.020776 0.311647
vt 0.021261 0.311686
vt 0.021740 0.311745
vt 0.022209 0.311822
vt 0.022661 0.311916
vt 0.023100 0.312027
vt 0.014368 0.312302
vt 0.013913 0.312353
vt 0.014824 0.312253
vt 0.015292 0.312201
vt 0.015746 0.312146
vt 0.017635 0.319331
vt 0.017323 0.319347
vt 0.017943 0.319344
vt 0.018245 0.319386
vt 0.018541 0.319450
vt 0.018834 0.319525
vt 0.019130 0.319594
vt 0.019439 0.319648
vt 0.019761 0.319683
vt 0.020095 0.319698
vt 0.020427 0.319696
vt 0.020757 0.319676
vt 0.021083 0.319638
vt 0.021398 0.319587
vt 0.021706 0.319535
vt 0.022013 0.319498
vt 0.016112 0.319695
vt 0.015852 0.319852
vt 0.016393 0.319566
vt 0.016701 0.319463
vt 0.017014 0.319391
vt 0.019440 0.328478
vt 0.309655 0.425280
vt 0.310101 0.433335
vt 0.309645 0.433278
vt 0.309136 0.425244
vt 0.309245 0.433228
vt 0.308644 0.425273
vt 0.308813 0.433188
vt 0.308120 0.425346
vt 0.308347 0.433161
vt 0.307566 0.425453
vt 0.307871 0.433158
vt 0.307012 0.425588
vt 0.317592 0.425245
vt 0.316788 0.432920
vt 0.316343 0.432837
vt 0.317042 0.425303
vt 0.315925 0.432788
vt 0.316538 0.425378
vt 0.315511 0.432776
vt 0.316050 0.425465
vt 0.315069 0.432796
vt 0.315509 0.425558
vt 0.314601 0.432842
vt 0.314920 0.425642
vt 0.314142 0.432915
vt 0.314319 0.425718
vt 0.313733 0.433017
vt 0.313775 0.425775
vt 0.313319 0.433141
vt 0.313228 0.425803
vt 0.312874 0.433254
vt 0.312660 0.425783
vt 0.312426 0.433332
vt 0.312121 0.425718
vt 0.311999 0.433374
vt 0.311638 0.425624
vt 0.311578 0.433400
vt 0.311195 0.425535
vt 0.311121 0.433407
vt 0.310733 0.425455
vt 0.310618 0.433385
vt 0.310212 0.425365
vt 0.310517 0.437903
vt 0.310164 0.437913
vt 0.309864 0.437944
vt 0.309545 0.437994
vt 0.309205 0.438058
vt 0.308860 0.438130
vt 0.315903 0.438145
vt 0.315553 0.438124
vt 0.315224 0.438106
vt 0.314899 0.438087
vt 0.314546 0.438065
vt 0.314175 0.438042
vt 0.313806 0.438022
vt 0.313482 0.438019
vt 0.313150 0.438021
vt 0.312793 0.438005
vt 0.312434 0.437973
vt 0.312086 0.437937
vt 0.311744 0.437917
vt 0.311368 0.437910
vt 0.310947 0.437908
vt 0.310982 0.443522
vt 0.310708 0.443493
vt 0.310462 0.443446
vt 0.310195 0.443390
vt 0.309903 0.443334
vt 0.309600 0.443285
vt 0.315332 0.443321
vt 0.315044 0.443219
vt 0.314771 0.443136
vt 0.314498 0.443080
vt 0.314198 0.443052
vt 0.313882 0.443052
vt 0.313573 0.443081
vt 0.313306 0.443145
vt 0.313040 0.443229
vt 0.312754 0.443312
vt 0.312468 0.443383
vt 0.312194 0.443439
vt 0.311927 0.443485
vt 0.311637 0.443517
vt 0.311310 0.443529
vt 0.311395 0.451798
vt 0.312621 0.457019
vt 0.311185 0.451858
vt 0.311008 0.451952
vt 0.310828 0.452077
vt 0.310639 0.452224
vt 0.310446 0.452380
vt 0.314873 0.452315
vt 0.314618 0.452334
vt 0.314383 0.452346
vt 0.314157 0.452340
vt 0.313920 0.452308
vt 0.313678 0.452253
vt 0.313443 0.452184
vt 0.313234 0.452115
vt 0.313021 0.452040
vt 0.312797 0.451952
vt 0.312575 0.451865
vt 0.312361 0.451795
vt 0.312146 0.451757
vt 0.311910 0.451753
vt 0.311649 0.451766
vt 0.313318 0.447977
vt 0.313065 0.448004
vt 0.312794 0.448023
vt 0.312526 0.448033
vt 0.312272 0.448039
vt 0.312025 0.448050
vt 0.311758 0.448066
vt 0.311460 0.448080
vt 0.311165 0.448088
vt 0.310914 0.448094
vt 0.310689 0.448099
vt 0.310443 0.448104
vt 0.310176 0.448112
vt 0.309900 0.448122
vt 0.315206 0.448089
vt 0.314932 0.448055
vt 0.314675 0.448025
vt 0.314421 0.448000
vt 0.314146 0.447979
vt 0.313856 0.447964
vt 0.313570 0.447960
vt 0.465768 0.230539
vt 0.466896 0.230700
vt 0.463506 0.236647
vt 0.462863 0.236185
vt 0.464614 0.230551
vt 0.462203 0.235832
vt 0.463445 0.230695
vt 0.461512 0.235613
vt 0.462267 0.230915
vt 0.460794 0.235527
vt 0.461081 0.231168
vt 0.460064 0.235565
vt 0.459905 0.231419
vt 0.459334 0.235700
vt 0.458727 0.231656
vt 0.458586 0.235926
vt 0.457583 0.231861
vt 0.457859 0.236225
vt 0.456548 0.231986
vt 0.457156 0.236586
vt 0.455578 0.231989
vt 0.456466 0.236983
vt 0.454651 0.231864
vt 0.455757 0.237368
vt 0.453745 0.231633
vt 0.454997 0.237687
vt 0.452842 0.231342
vt 0.454176 0.237901
vt 0.451930 0.231041
vt 0.453300 0.238002
vt 0.451002 0.230779
vt 0.452392 0.238010
vt 0.450053 0.230605
vt 0.451573 0.237945
vt 0.449059 0.230548
vt 0.450722 0.237794
vt 0.448031 0.230635
vt 0.449874 0.237565
vt 0.447005 0.230901
vt 0.449089 0.237280
vt 0.446061 0.231364
vt 0.448356 0.236968
vt 0.453300 0.245486
vt 0.452557 0.245410
vt 0.454057 0.245501
vt 0.454822 0.245463
vt 0.455584 0.245377
vt 0.456341 0.245244
vt 0.457093 0.245071
vt 0.457852 0.244873
vt 0.458627 0.244670
vt 0.459427 0.244481
vt 0.460217 0.244330
vt 0.461029 0.244225
vt 0.461851 0.244176
vt 0.462668 0.244196
vt 0.463465 0.244288
vt 0.464241 0.244446
vt 0.449625 0.244730
vt 0.448872 0.244554
vt 0.450360 0.244927
vt 0.451106 0.245123
vt 0.451836 0.245288
vt 0.453761 0.253835
vt 0.453025 0.253832
vt 0.454502 0.253861
vt 0.455238 0.253906
vt 0.455974 0.253969
vt 0.456697 0.254044
vt 0.457409 0.254121
vt 0.458120 0.254190
vt 0.458840 0.254239
vt 0.459580 0.254257
vt 0.460314 0.254243
vt 0.461073 0.254199
vt 0.461851 0.254131
vt 0.462636 0.254049
vt 0.463431 0.253962
vt 0.464224 0.253882
vt 0.450061 0.254157
vt 0.449307 0.254322
vt 0.450806 0.254021
vt 0.451563 0.253920
vt 0.452302 0.253859
vt 0.454391 0.262129
vt 0.453729 0.262289
vt 0.455070 0.261991
vt 0.455743 0.261893
vt 0.456385 0.261838
vt 0.456991 0.261846
vt 0.457568 0.261916
vt 0.458147 0.262028
vt 0.458765 0.262153
vt 0.459416 0.262266
vt 0.460087 0.262358
vt 0.460775 0.262423
vt 0.461474 0.262456
vt 0.462153 0.262452
vt 0.462780 0.262407
vt 0.463344 0.262306
vt 0.451531 0.262974
vt 0.450997 0.263119
vt 0.452038 0.262806
vt 0.452564 0.262629
vt 0.453108 0.262460
vt 0.455308 0.274675
vt 0.454577 0.274926
vt 0.456019 0.274392
vt 0.456698 0.274095
vt 0.457347 0.273812
vt 0.457977 0.273576
vt 0.458603 0.273418
vt 0.459239 0.273346
vt 0.459891 0.273351
vt 0.460560 0.273416
vt 0.461210 0.273523
vt 0.461871 0.273665
vt 0.462529 0.273837
vt 0.463176 0.274031
vt 0.463806 0.274244
vt 0.464427 0.274447
vt 0.451702 0.275367
vt 0.451002 0.275313
vt 0.452407 0.275360
vt 0.453130 0.275277
vt 0.453842 0.275132
vt 0.456444 0.283766
vt 0.456000 0.283836
vt 0.456893 0.283691
vt 0.457345 0.283614
vt 0.457798 0.283540
vt 0.458252 0.283474
vt 0.458706 0.283423
vt 0.459165 0.283388
vt 0.459632 0.283374
vt 0.460112 0.283378
vt 0.460591 0.283399
vt 0.461076 0.283438
vt 0.461556 0.283497
vt 0.462024 0.283574
vt 0.462476 0.283668
vt 0.462915 0.283779
vt 0.454183 0.284054
vt 0.453728 0.284105
vt 0.454639 0.284005
vt 0.455107 0.283953
vt 0.455562 0.283898
vt 0.457450 0.291083
vt 0.457138 0.291099
vt 0.457758 0.291096
vt 0.458061 0.291138
vt 0.458356 0.291202
vt 0.458649 0.291277
vt 0.458945 0.291346
vt 0.459254 0.291400
vt 0.459576 0.291434
vt 0.459910 0.291450
vt 0.460242 0.291447
vt 0.460573 0.291428
vt 0.460898 0.291390
vt 0.461214 0.291339
vt 0.461522 0.291287
vt 0.461829 0.291250
vt 0.455927 0.291447
vt 0.455667 0.291604
vt 0.456208 0.291318
vt 0.456517 0.291216
vt 0.456829 0.291143
vt 0.459255 0.300230
vt 0.320557 0.425280
vt 0.321003 0.433335
vt 0.320547 0.433278
vt 0.320038 0.425244
vt 0.320147 0.433228
vt 0.319547 0.425273
vt 0.319715 0.433188
vt 0.319023 0.425346
vt 0.319249 0.433161
vt 0.318469 0.425453
vt 0.318774 0.433158
vt 0.317914 0.425588
vt 0.328495 0.425245
vt 0.327691 0.432920
vt 0.327246 0.432837
vt 0.327944 0.425303
vt 0.326827 0.432788
vt 0.327440 0.425378
vt 0.326414 0.432776
vt 0.326953 0.425465
vt 0.325971 0.432796
vt 0.326411 0.425558
vt 0.325503 0.432842
vt 0.325823 0.425642
vt 0.325044 0.432915
vt 0.325221 0.425718
vt 0.324635 0.433017
vt 0.324677 0.425775
vt 0.324221 0.433141
vt 0.324131 0.425803
vt 0.323776 0.433254
vt 0.323562 0.425783
vt 0.323329 0.433332
vt 0.323023 0.425718
vt 0.322901 0.433374
vt 0.322540 0.425624
vt 0.322480 0.433400
vt 0.322097 0.425535
vt 0.322023 0.433407
vt 0.321635 0.425455
vt 0.321520 0.433385
vt 0.321115 0.425365
vt 0.321419 0.437903
vt 0.321066 0.437913
vt 0.320766 0.437944
vt 0.320447 0.437994
vt 0.320108 0.438058
vt 0.319762 0.438130
vt 0.326806 0.438145
vt 0.326455 0.438124
vt 0.326126 0.438106
vt 0.325802 0.438087
vt 0.325448 0.438065
vt 0.325078 0.438042
vt 0.324708 0.438022
vt 0.324384 0.438019
vt 0.324053 0.438021
vt 0.323695 0.438005
vt 0.323336 0.437973
vt 0.322989 0.437937
vt 0.322646 0.437917
vt 0.322271 0.437910
vt 0.321849 0.437908
vt 0.321885 0.443522
vt 0.321610 0.443493
vt 0.321365 0.443446
vt 0.321097 0.443390
vt 0.320805 0.443334
vt 0.320502 0.443285
vt 0.326234 0.443321
vt 0.325946 0.443219
vt 0.325673 0.443136
vt 0.325400 0.443080
vt 0.325100 0.443052
vt 0.324785 0.443052
vt 0.324475 0.443081
vt 0.324208 0.443145
vt 0.323942 0.443229
vt 0.323656 0.443312
vt 0.323370 0.443383
vt 0.323096 0.443439
vt 0.322829 0.443485
vt 0.322539 0.443517
vt 0.322213 0.443529
vt 0.322297 0.451798
vt 0.323523 0.457019
vt 0.322087 0.451858
vt 0.321910 0.451952
vt 0.321730 0.452077
vt 0.321541 0.452224
vt 0.321348 0.452380
vt 0.325775 0.452315
vt 0.325520 0.452334
vt 0.325285 0.452346
vt 0.325059 0.452340
vt 0.324823 0.452308
vt 0.324580 0.452253
vt 0.324345 0.452184
vt 0.324136 0.452115
vt 0.323923 0.452040
vt 0.323699 0.451952
vt 0.323477 0.451865
vt 0.323263 0.451795
vt 0.323048 0.451757
vt 0.322813 0.451753
vt 0.322551 0.451766
vt 0.324221 0.447977
vt 0.323967 0.448004
vt 0.323697 0.448023
vt 0.323428 0.448033
vt 0.323174 0.448039
vt 0.322927 0.448050
vt 0.322660 0.448066
vt 0.322362 0.448080
vt 0.322067 0.448088
vt 0.321817 0.448094
vt 0.321591 0.448099
vt 0.321345 0.448104
vt 0.321079 0.448112
vt 0.320802 0.448122
vt 0.326109 0.448089
vt 0.325835 0.448055
vt 0.325577 0.448025
vt 0.325323 0.448000
vt 0.325048 0.447979
vt 0.324758 0.447964
vt 0.324472 0.447960
vt 0.340145 0.544197
vt 0.336874 0.556214
vt 0.335307 0.556210
vt 0.338173 0.544139
vt 0.333824 0.556410
vt 0.336208 0.544171
vt 0.332225 0.556756
vt 0.334093 0.544257
vt 0.330519 0.557218
vt 0.331887 0.544384
vt 0.328788 0.557766
vt 0.329704 0.544528
vt 0.327104 0.558348
vt 0.327636 0.544663
vt 0.325525 0.558897
vt 0.325754 0.544774
vt 0.323932 0.559353
vt 0.323971 0.544837
vt 0.322159 0.559626
vt 0.322064 0.544856
vt 0.320227 0.559682
vt 0.320027 0.544812
vt 0.318299 0.559547
vt 0.318001 0.544753
vt 0.316544 0.559289
vt 0.316142 0.544743
vt 0.314764 0.558887
vt 0.314212 0.544721
vt 0.312911 0.558319
vt 0.312144 0.544574
vt 0.311130 0.557698
vt 0.310125 0.544360
vt 0.309502 0.557146
vt 0.308279 0.544168
vt 0.307935 0.556767
vt 0.306552 0.544128
vt 0.306270 0.556581
vt 0.304601 0.544233
vt 0.304447 0.556481
vt 0.302393 0.544415
vt 0.342373 0.544403
vt 0.338641 0.556430
vt 0.335063 0.568307
vt 0.333521 0.568051
vt 0.332098 0.568174
vt 0.330624 0.568593
vt 0.329080 0.569230
vt 0.327537 0.570048
vt 0.326035 0.570952
vt 0.324610 0.571818
vt 0.323094 0.572534
vt 0.321346 0.573043
vt 0.319448 0.573305
vt 0.317590 0.573332
vt 0.315982 0.573078
vt 0.314470 0.572510
vt 0.312990 0.571695
vt 0.311622 0.570784
vt 0.310370 0.569931
vt 0.309093 0.569275
vt 0.307626 0.568810
vt 0.305937 0.568425
vt 0.336669 0.568878
vt 0.332085 0.588849
vt 0.330776 0.588481
vt 0.329511 0.588352
vt 0.328179 0.588386
vt 0.326802 0.588541
vt 0.325463 0.588806
vt 0.324223 0.589141
vt 0.323117 0.589498
vt 0.322048 0.589837
vt 0.320834 0.590128
vt 0.319497 0.590350
vt 0.318120 0.590487
vt 0.316868 0.590538
vt 0.315602 0.590479
vt 0.314275 0.590288
vt 0.313006 0.589990
vt 0.311850 0.589642
vt 0.310764 0.589335
vt 0.309596 0.589095
vt 0.308259 0.588875
vt 0.333442 0.589427
vt 0.329593 0.609122
vt 0.328573 0.608717
vt 0.327685 0.608375
vt 0.326720 0.608046
vt 0.325673 0.607743
vt 0.324589 0.607495
vt 0.323524 0.607321
vt 0.322520 0.607229
vt 0.321529 0.607226
vt 0.320471 0.607303
vt 0.319355 0.607445
vt 0.318263 0.607651
vt 0.317300 0.607927
vt 0.316326 0.608259
vt 0.315277 0.608563
vt 0.314222 0.608785
vt 0.313211 0.608920
vt 0.312214 0.609018
vt 0.311124 0.609077
vt 0.309914 0.609080
vt 0.330770 0.609564
vt 0.327434 0.620303
vt 0.326615 0.620179
vt 0.325900 0.620126
vt 0.325127 0.620105
vt 0.324294 0.620103
vt 0.323438 0.620114
vt 0.322603 0.620129
vt 0.321821 0.620143
vt 0.321048 0.620151
vt 0.320205 0.620157
vt 0.319324 0.620157
vt 0.318445 0.620161
vt 0.317678 0.620196
vt 0.316894 0.620242
vt 0.316049 0.620243
vt 0.315199 0.620204
vt 0.314380 0.620151
vt 0.313577 0.620135
vt 0.312701 0.620155
vt 0.311720 0.620179
vt 0.328414 0.620493
vt 0.326164 0.634124
vt 0.325487 0.633980
vt 0.324892 0.633794
vt 0.324242 0.633575
vt 0.323531 0.633340
vt 0.322790 0.633112
vt 0.322054 0.632910
vt 0.321358 0.632751
vt 0.320666 0.632654
vt 0.319908 0.632624
vt 0.319116 0.632663
vt 0.318339 0.632770
vt 0.317672 0.632952
vt 0.317006 0.633183
vt 0.316290 0.633406
vt 0.315571 0.633593
vt 0.314884 0.633736
vt 0.314214 0.633848
vt 0.313485 0.633919
vt 0.312666 0.633936
vt 0.326979 0.634220
vt 0.324613 0.654825
vt 0.319162 0.667129
vt 0.324062 0.654743
vt 0.323545 0.654764
vt 0.322986 0.654844
vt 0.322385 0.654955
vt 0.321770 0.655081
vt 0.321171 0.655202
vt 0.320613 0.655302
vt 0.320068 0.655358
vt 0.319483 0.655354
vt 0.318867 0.655295
vt 0.318261 0.655202
vt 0.317714 0.655105
vt 0.317150 0.654994
vt 0.316550 0.654856
vt 0.315955 0.654721
vt 0.315387 0.654623
vt 0.314828 0.654606
vt 0.314233 0.654677
vt 0.313580 0.654805
vt 0.325227 0.655019
vt 0.317569 0.644917
vt 0.316919 0.645006
vt 0.316227 0.645074
vt 0.315542 0.645114
vt 0.314896 0.645140
vt 0.314270 0.645177
vt 0.313597 0.645222
vt 0.312849 0.645255
vt 0.326354 0.645496
vt 0.325613 0.645420
vt 0.324984 0.645350
vt 0.324414 0.645281
vt 0.323791 0.645204
vt 0.323111 0.645122
vt 0.322404 0.645043
vt 0.321705 0.644972
vt 0.321047 0.644916
vt 0.320397 0.644875
vt 0.319692 0.644849
vt 0.318948 0.644837
vt 0.318214 0.644854
vt 0.290337 0.425278
vt 0.288759 0.431075
vt 0.288003 0.431073
vt 0.289385 0.425250
vt 0.287288 0.431169
vt 0.288437 0.425265
vt 0.286516 0.431336
vt 0.287417 0.425307
vt 0.285693 0.431559
vt 0.286353 0.425368
vt 0.284858 0.431824
vt 0.285300 0.425437
vt 0.284045 0.432104
vt 0.284302 0.425503
vt 0.283284 0.432369
vt 0.283394 0.425556
vt 0.282516 0.432589
vt 0.282534 0.425587
vt 0.281660 0.432721
vt 0.281614 0.425595
vt 0.280728 0.432748
vt 0.280632 0.425574
vt 0.279798 0.432683
vt 0.279654 0.425546
vt 0.278951 0.432558
vt 0.278757 0.425541
vt 0.278093 0.432364
vt 0.277826 0.425530
vt 0.277199 0.432090
vt 0.276829 0.425460
vt 0.276339 0.431791
vt 0.275855 0.425356
vt 0.275554 0.431524
vt 0.274964 0.425264
vt 0.274798 0.431342
vt 0.274131 0.425244
vt 0.273995 0.431252
vt 0.273190 0.425295
vt 0.273115 0.431204
vt 0.272124 0.425383
vt 0.291412 0.425377
vt 0.289611 0.431179
vt 0.287885 0.436909
vt 0.287141 0.436785
vt 0.286455 0.436844
vt 0.285744 0.437046
vt 0.284999 0.437354
vt 0.284255 0.437748
vt 0.283530 0.438185
vt 0.282843 0.438602
vt 0.282111 0.438948
vt 0.281268 0.439193
vt 0.280352 0.439320
vt 0.279456 0.439332
vt 0.278680 0.439210
vt 0.277951 0.438936
vt 0.277237 0.438543
vt 0.276577 0.438103
vt 0.275973 0.437692
vt 0.275357 0.437376
vt 0.274649 0.437151
vt 0.273834 0.436965
vt 0.288660 0.437184
vt 0.286448 0.446818
vt 0.285817 0.446641
vt 0.285207 0.446579
vt 0.284564 0.446595
vt 0.283900 0.446670
vt 0.283254 0.446797
vt 0.282656 0.446959
vt 0.282122 0.447131
vt 0.281606 0.447295
vt 0.281021 0.447435
vt 0.280376 0.447542
vt 0.279712 0.447609
vt 0.279107 0.447633
vt 0.278497 0.447605
vt 0.277857 0.447512
vt 0.277244 0.447369
vt 0.276687 0.447201
vt 0.276163 0.447053
vt 0.275600 0.446937
vt 0.274954 0.446831
vt 0.287103 0.447097
vt 0.285246 0.456598
vt 0.284754 0.456403
vt 0.284326 0.456238
vt 0.283860 0.456079
vt 0.283355 0.455933
vt 0.282832 0.455814
vt 0.282319 0.455729
vt 0.281834 0.455685
vt 0.281356 0.455684
vt 0.280846 0.455721
vt 0.280307 0.455789
vt 0.279781 0.455889
vt 0.279316 0.456022
vt 0.278846 0.456182
vt 0.278340 0.456329
vt 0.277831 0.456436
vt 0.277344 0.456501
vt 0.276862 0.456548
vt 0.276336 0.456577
vt 0.275753 0.456578
vt 0.285814 0.456811
vt 0.284205 0.461992
vt 0.283809 0.461932
vt 0.283465 0.461907
vt 0.283092 0.461897
vt 0.282690 0.461896
vt 0.282277 0.461901
vt 0.281874 0.461908
vt 0.281497 0.461915
vt 0.281124 0.461919
vt 0.280718 0.461922
vt 0.280292 0.461922
vt 0.279868 0.461924
vt 0.279498 0.461941
vt 0.279120 0.461963
vt 0.278712 0.461963
vt 0.278302 0.461945
vt 0.277907 0.461919
vt 0.277520 0.461911
vt 0.277097 0.461921
vt 0.276624 0.461932
vt 0.284678 0.462084
vt 0.283592 0.468660
vt 0.283266 0.468590
vt 0.282978 0.468501
vt 0.282665 0.468395
vt 0.282322 0.468281
vt 0.281964 0.468172
vt 0.281609 0.468074
vt 0.281273 0.467997
vt 0.280940 0.467951
vt 0.280574 0.467936
vt 0.280192 0.467955
vt 0.279817 0.468006
vt 0.279495 0.468094
vt 0.279174 0.468206
vt 0.841558 0.591348
vt 0.839496 0.607258
vt 0.846874 0.679393
vt 0.853833 0.694467
vt 0.856537 0.704263
vt 0.858541 0.717143
vt 0.873199 0.864668
vt 0.876318 0.875613
vt 0.872631 0.844077
vt 0.871908 0.856319
vt 0.860521 0.783383
vt 0.862747 0.795012
vt 0.889096 0.927335
vt 0.892783 0.907751
vt 0.892118 0.894282
vt 0.896215 0.834348
vt 0.901594 0.816535
vt 0.909106 0.772932
vt 0.906435 0.756039
vt 0.907350 0.738065
vt 0.926258 0.663272
vt 0.927954 0.642309
vt 0.934715 0.575228
vt 0.935612 0.550658
vt 0.947503 0.528743
vt 0.960592 0.505273
vt 0.783381 0.461052
vt 0.785569 0.465436
vt 0.794948 0.481393
vt 0.804633 0.497718
vt 0.781119 0.455838
vn -0.697096 0.333645 0.634616
vn -0.600423 0.065018 0.797035
vn -0.662425 -0.040041 0.748057
vn -0.803847 0.185223 0.565263
vn -0.600423 0.065018 0.797035
vn -0.503856 0.101080 0.857853
vn -0.435018 0.072258 0.897518
vn -0.662425 -0.040041 0.748057
vn -0.503856 0.101080 0.857853
vn -0.440720 0.290468 0.849349
vn -0.369302 0.344992 0.862900
vn -0.435018 0.072258 0.897518
vn -0.440720 0.290468 0.849349
vn 0.365477 0.451808 0.813816
vn 0.447538 0.481559 0.753532
vn -0.369302 0.344992 0.862900
vn 0.365477 0.451808 0.813816
vn 0.859903 0.220455 0.460398
vn 0.838950 0.263182 0.476338
vn 0.447538 0.481559 0.753532
vn 0.859903 0.220455 0.460398
vn 0.569695 0.280573 0.772481
vn 0.613252 0.290370 0.734580
vn 0.838950 0.263182 0.476338
vn 0.569695 0.280573 0.772481
vn 0.422964 0.432467 0.796288
vn 0.488959 0.509806 0.707825
vn 0.613252 0.290370 0.734580
vn 0.422964 0.432467 0.796288
vn 0.640977 0.764544 0.067974
vn 0.611869 0.783513 0.108280
vn 0.488959 0.509806 0.707825
vn 0.640977 0.764544 0.067974
vn 0.657912 0.751122 0.054470
vn 0.581604 0.813385 0.011891
vn 0.611869 0.783513 0.108280
vn 0.657912 0.751122 0.054470
vn 0.584945 0.768486 -0.259362
vn 0.534981 0.768512 -0.350977
vn 0.581604 0.813385 0.011891
vn 0.584945 0.768486 -0.259362
vn 0.442510 0.488794 -0.751842
vn 0.479631 0.576342 -0.661652
vn 0.534981 0.768512 -0.350977
vn 0.442510 0.488794 -0.751842
vn 0.697205 0.535490 -0.476608
vn 0.651950 0.598332 -0.465791
vn 0.479631 0.576342 -0.661652
vn 0.697205 0.535490 -0.476608
vn 0.110975 0.609792 -0.784754
vn 0.113017 0.661495 -0.741385
vn 0.651950 0.598332 -0.465791
vn 0.110975 0.609792 -0.784754
vn -0.589632 0.372925 -0.716423
vn -0.491738 0.466964 -0.734941
vn 0.113017 0.661495 -0.741385
vn -0.589632 0.372925 -0.716423
vn -0.642315 0.114695 -0.757810
vn -0.574892 0.103802 -0.811618
vn -0.491738 0.466964 -0.734941
vn -0.642315 0.114695 -0.757810
vn -0.699571 -0.054617 -0.712473
vn -0.709565 -0.126883 -0.693123
vn -0.574892 0.103802 -0.811618
vn -0.699571 -0.054617 -0.712473
vn -0.848884 -0.027870 -0.527844
vn -0.856724 -0.148443 -0.493952
vn -0.709565 -0.126883 -0.693123
vn -0.848884 -0.027870 -0.527844
vn -0.767786 0.468882 -0.436640
vn -0.875577 0.206174 -0.436872
vn -0.856724 -0.148443 -0.493952
vn -0.767786 0.468882 -0.436640
vn -0.704163 0.689390 0.169988
vn -0.771929 0.596885 0.218756
vn -0.875577 0.206174 -0.436872
vn -0.704163 0.689390 0.169988
vn -0.697096 0.333645 0.634616
vn -0.803847 0.185223 0.565263
vn -0.771929 0.596885 0.218756
vn -0.875763 -0.384071 0.292454
vn -0.690409 -0.328746 0.644408
vn -0.712156 -0.137127 0.688498
vn -0.937402 -0.161107 0.308742
vn -0.690409 -0.328746 0.644408
vn -0.328102 -0.132507 0.935303
vn -0.380653 -0.098433 0.919464
vn -0.712156 -0.137127 0.688498
vn -0.328102 -0.132507 0.935303
vn -0.122574 0.039529 0.991672
vn -0.111735 -0.029880 0.993289
vn -0.380653 -0.098433 0.919464
vn -0.122574 0.039529 0.991672
vn 0.182800 0.281321 0.942042
vn 0.138836 0.122581 0.982700
vn -0.111735 -0.029880 0.993289
vn 0.182800 0.281321 0.942042
vn 0.599587 0.403149 0.691351
vn 0.442946 0.367289 0.817861
vn 0.138836 0.122581 0.982700
vn 0.599587 0.403149 0.691351
vn 0.716112 0.423529 0.554803
vn 0.651951 0.507936 0.562993
vn 0.442946 0.367289 0.817861
vn 0.716112 0.423529 0.554803
vn 0.742196 0.509713 0.435129
vn 0.742595 0.561962 0.364350
vn 0.651951 0.507936 0.562993
vn 0.742196 0.509713 0.435129
vn 0.778178 0.601918 0.179261
vn 0.760151 0.637355 0.126287
vn 0.742595 0.561962 0.364350
vn 0.778178 0.601918 0.179261
vn 0.761883 0.635792 -0.123707
vn 0.675157 0.707648 -0.208320
vn 0.760151 0.637355 0.126287
vn 0.761883 0.635792 -0.123707
vn 0.664966 0.667998 -0.334065
vn 0.611749 0.709309 -0.350206
vn 0.675157 0.707648 -0.208320
vn 0.664966 0.667998 -0.334065
vn 0.601313 0.643149 -0.474112
vn 0.551190 0.710130 -0.438069
vn 0.611749 0.709309 -0.350206
vn 0.601313 0.643149 -0.474112
vn 0.441754 0.624312 -0.644273
vn 0.368629 0.612594 -0.699172
vn 0.551190 0.710130 -0.438069
vn 0.441754 0.624312 -0.644273
vn 0.115764 0.541935 -0.832409
vn 0.099249 0.426364 -0.899090
vn 0.368629 0.612594 -0.699172
vn 0.115764 0.541935 -0.832409
vn -0.148901 0.331141 -0.931758
vn -0.146031 0.278710 -0.949208
vn 0.099249 0.426364 -0.899090
vn -0.148901 0.331141 -0.931758
vn -0.375486 0.098747 -0.921553
vn -0.417710 0.174720 -0.891623
vn -0.146031 0.278710 -0.949208
vn -0.375486 0.098747 -0.921553
vn -0.697440 -0.172124 -0.695665
vn -0.719467 0.064323 -0.691541
vn -0.417710 0.174720 -0.891623
vn -0.697440 -0.172124 -0.695665
vn -0.865276 -0.336506 -0.371566
vn -0.932732 -0.050165 -0.357063
vn -0.719467 0.064323 -0.691541
vn -0.865276 -0.336506 -0.371566
vn -0.923271 -0.373447 -0.090044
vn -0.990913 -0.124184 -0.051667
vn -0.932732 -0.050165 -0.357063
vn -0.923271 -0.373447 -0.090044
vn -0.921691 -0.373656 0.104248
vn -0.983191 -0.159813 0.088289
vn -0.990913 -0.124184 -0.051667
vn -0.921691 -0.373656 0.104248
vn -0.875763 -0.384071 0.292454
vn -0.937402 -0.161107 0.308742
vn -0.983191 -0.159813 0.088289
vn 0.611749 0.709309 -0.350206
vn 0.551190 0.710130 -0.438069
vn 0.722651 0.422093 -0.547369
vn 0.756965 0.432997 -0.489404
vn 0.675157 0.707648 -0.208320
vn 0.611749 0.709309 -0.350206
vn 0.756965 0.432997 -0.489404
vn 0.805844 0.449578 -0.385351
vn 0.760151 0.637355 0.126287
vn 0.675157 0.707648 -0.208320
vn 0.805844 0.449578 -0.385351
vn 0.895185 0.445694 0.000499
vn 0.742595 0.561962 0.364350
vn 0.760151 0.637355 0.126287
vn 0.895185 0.445694 0.000499
vn 0.826944 0.379997 0.414446
vn 0.651951 0.507936 0.562993
vn 0.742595 0.561962 0.364350
vn 0.826944 0.379997 0.414446
vn 0.671006 0.315852 0.670812
vn 0.442946 0.367289 0.817861
vn 0.651951 0.507936 0.562993
vn 0.671006 0.315852 0.670812
vn 0.459121 0.242083 0.854754
vn 0.138836 0.122581 0.982700
vn 0.442946 0.367289 0.817861
vn 0.459121 0.242083 0.854754
vn 0.179672 0.156988 0.971119
vn -0.111735 -0.029880 0.993289
vn 0.138836 0.122581 0.982700
vn 0.179672 0.156988 0.971119
vn -0.128124 0.100060 0.986698
vn -0.380653 -0.098433 0.919464
vn -0.111735 -0.029880 0.993289
vn -0.128124 0.100060 0.986698
vn -0.433919 0.080955 0.897308
vn -0.712156 -0.137127 0.688498
vn -0.380653 -0.098433 0.919464
vn -0.433919 0.080955 0.897308
vn -0.712811 0.073600 0.697484
vn -0.937402 -0.161107 0.308742
vn -0.712156 -0.137127 0.688498
vn -0.712811 0.073600 0.697484
vn -0.917775 0.052605 0.393601
vn -0.983191 -0.159813 0.088289
vn -0.937402 -0.161107 0.308742
vn -0.917775 0.052605 0.393601
vn -0.994825 0.044008 0.091582
vn -0.990913 -0.124184 -0.051667
vn -0.983191 -0.159813 0.088289
vn -0.994825 0.044008 0.091582
vn -0.986572 0.074330 -0.145431
vn -0.932732 -0.050165 -0.357063
vn -0.990913 -0.124184 -0.051667
vn -0.986572 0.074330 -0.145431
vn -0.904858 0.123327 -0.407458
vn -0.719467 0.064323 -0.691541
vn -0.932732 -0.050165 -0.357063
vn -0.904858 0.123327 -0.407458
vn -0.713284 0.156320 -0.683220
vn -0.417710 0.174720 -0.891623
vn -0.719467 0.064323 -0.691541
vn -0.713284 0.156320 -0.683220
vn -0.436674 0.185219 -0.880346
vn -0.146031 0.278710 -0.949208
vn -0.417710 0.174720 -0.891623
vn -0.436674 0.185219 -0.880346
vn -0.149615 0.222921 -0.963287
vn 0.099249 0.426364 -0.899090
vn -0.146031 0.278710 -0.949208
vn -0.149615 0.222921 -0.963287
vn 0.165232 0.288234 -0.943196
vn 0.368629 0.612594 -0.699172
vn 0.099249 0.426364 -0.899090
vn 0.165232 0.288234 -0.943196
vn 0.530899 0.382285 -0.756310
vn 0.551190 0.710130 -0.438069
vn 0.368629 0.612594 -0.699172
vn 0.530899 0.382285 -0.756310
vn 0.722651 0.422093 -0.547369
vn 0.527897 0.614352 -0.586427
vn 0.140234 0.671824 -0.727315
vn 0.115764 0.541935 -0.832409
vn 0.441754 0.624312 -0.644273
vn 0.604967 0.550718 -0.575087
vn 0.527897 0.614352 -0.586427
vn 0.441754 0.624312 -0.644273
vn 0.601313 0.643149 -0.474112
vn 0.615895 0.711453 -0.338389
vn 0.604967 0.550718 -0.575087
vn 0.601313 0.643149 -0.474112
vn 0.664966 0.667998 -0.334065
vn 0.754613 0.654271 -0.049888
vn 0.615895 0.711453 -0.338389
vn 0.664966 0.667998 -0.334065
vn 0.761883 0.635792 -0.123707
vn 0.691420 0.704725 0.159064
vn 0.754613 0.654271 -0.049888
vn 0.761883 0.635792 -0.123707
vn 0.778178 0.601918 0.179261
vn 0.668232 0.484163 0.564847
vn 0.691420 0.704725 0.159064
vn 0.778178 0.601918 0.179261
vn 0.742196 0.509713 0.435129
vn 0.710845 0.274809 0.647441
vn 0.668232 0.484163 0.564847
vn 0.742196 0.509713 0.435129
vn 0.716112 0.423529 0.554803
vn 0.733583 0.296936 0.611298
vn 0.710845 0.274809 0.647441
vn 0.716112 0.423529 0.554803
vn 0.599587 0.403149 0.691351
vn 0.321258 0.445985 0.835399
vn 0.733583 0.296936 0.611298
vn 0.599587 0.403149 0.691351
vn 0.182800 0.281321 0.942042
vn -0.189834 0.228319 0.954900
vn 0.321258 0.445985 0.835399
vn 0.182800 0.281321 0.942042
vn -0.122574 0.039529 0.991672
vn -0.332366 -0.031548 0.942623
vn -0.189834 0.228319 0.954900
vn -0.122574 0.039529 0.991672
vn -0.328102 -0.132507 0.935303
vn -0.646339 -0.313985 0.695456
vn -0.332366 -0.031548 0.942623
vn -0.328102 -0.132507 0.935303
vn -0.690409 -0.328746 0.644408
vn -0.847984 -0.403531 0.343637
vn -0.646339 -0.313985 0.695456
vn -0.690409 -0.328746 0.644408
vn -0.875763 -0.384071 0.292454
vn -0.941630 -0.319315 0.106632
vn -0.847984 -0.403531 0.343637
vn -0.875763 -0.384071 0.292454
vn -0.921691 -0.373656 0.104248
vn -0.897131 -0.388091 -0.211047
vn -0.941630 -0.319315 0.106632
vn -0.921691 -0.373656 0.104248
vn -0.923271 -0.373447 -0.090044
vn -0.811155 -0.436501 -0.389224
vn -0.897131 -0.388091 -0.211047
vn -0.923271 -0.373447 -0.090044
vn -0.865276 -0.336506 -0.371566
vn -0.648954 -0.243255 -0.720893
vn -0.811155 -0.436501 -0.389224
vn -0.865276 -0.336506 -0.371566
vn -0.697440 -0.172124 -0.695665
vn -0.401903 0.110117 -0.909037
vn -0.648954 -0.243255 -0.720893
vn -0.697440 -0.172124 -0.695665
vn -0.375486 0.098747 -0.921553
vn -0.226611 0.449553 -0.864031
vn -0.401903 0.110117 -0.909037
vn -0.375486 0.098747 -0.921553
vn -0.148901 0.331141 -0.931758
vn 0.140234 0.671824 -0.727315
vn -0.226611 0.449553 -0.864031
vn -0.148901 0.331141 -0.931758
vn 0.115764 0.541935 -0.832409
vn 0.651950 0.598332 -0.465791
vn 0.113017 0.661495 -0.741385
vn 0.140234 0.671824 -0.727315
vn 0.527897 0.614352 -0.586427
vn 0.479631 0.576342 -0.661652
vn 0.651950 0.598332 -0.465791
vn 0.527897 0.614352 -0.586427
vn 0.604967 0.550718 -0.575087
vn 0.534981 0.768512 -0.350977
vn 0.479631 0.576342 -0.661652
vn 0.604967 0.550718 -0.575087
vn 0.615895 0.711453 -0.338389
vn 0.581604 0.813385 0.011891
vn 0.534981 0.768512 -0.350977
vn 0.615895 0.711453 -0.338389
vn 0.754613 0.654271 -0.049888
vn 0.611869 0.783513 0.108280
vn 0.581604 0.813385 0.011891
vn 0.754613 0.654271 -0.049888
vn 0.691420 0.704725 0.159064
vn 0.488959 0.509806 0.707825
vn 0.611869 0.783513 0.108280
vn 0.691420 0.704725 0.159064
vn 0.668232 0.484163 0.564847
vn 0.613252 0.290370 0.734580
vn 0.488959 0.509806 0.707825
vn 0.668232 0.484163 0.564847
vn 0.710845 0.274809 0.647441
vn 0.838950 0.263182 0.476338
vn 0.613252 0.290370 0.734580
vn 0.710845 0.274809 0.647441
vn 0.733583 0.296936 0.611298
vn 0.447538 0.481559 0.753532
vn 0.838950 0.263182 0.476338
vn 0.733583 0.296936 0.611298
vn 0.321258 0.445985 0.835399
vn -0.369302 0.344992 0.862900
vn 0.447538 0.481559 0.753532
vn 0.321258 0.445985 0.835399
vn -0.189834 0.228319 0.954900
vn -0.435018 0.072258 0.897518
vn -0.369302 0.344992 0.862900
vn -0.189834 0.228319 0.954900
vn -0.332366 -0.031548 0.942623
vn -0.662425 -0.040041 0.748057
vn -0.435018 0.072258 0.897518
vn -0.332366 -0.031548 0.942623
vn -0.646339 -0.313985 0.695456
vn -0.803847 0.185223 0.565263
vn -0.662425 -0.040041 0.748057
vn -0.646339 -0.313985 0.695456
vn -0.847984 -0.403531 0.343637
vn -0.771929 0.596885 0.218756
vn -0.803847 0.185223 0.565263
vn -0.847984 -0.403531 0.343637
vn -0.941630 -0.319315 0.106632
vn -0.875577 0.206174 -0.436872
vn -0.771929 0.596885 0.218756
vn -0.941630 -0.319315 0.106632
vn -0.897131 -0.388091 -0.211047
vn -0.856724 -0.148443 -0.493952
vn -0.875577 0.206174 -0.436872
vn -0.897131 -0.388091 -0.211047
vn -0.811155 -0.436501 -0.389224
vn -0.709565 -0.126883 -0.693123
vn -0.856724 -0.148443 -0.493952
vn -0.811155 -0.436501 -0.389224
vn -0.648954 -0.243255 -0.720893
vn -0.574892 0.103802 -0.811618
vn -0.709565 -0.126883 -0.693123
vn -0.648954 -0.243255 -0.720893
vn -0.401903 0.110117 -0.909037
vn -0.491738 0.466964 -0.734941
vn -0.574892 0.103802 -0.811618
vn -0.401903 0.110117 -0.909037
vn -0.226611 0.449553 -0.864031
vn 0.113017 0.661495 -0.741385
vn -0.491738 0.466964 -0.734941
vn -0.226611 0.449553 -0.864031
vn 0.140234 0.671824 -0.727315
vn -0.917775 0.052605 0.393601
vn -0.712811 0.073600 0.697484
vn -0.687544 0.231724 0.688176
vn -0.876425 0.245292 0.414380
vn -0.712811 0.073600 0.697484
vn -0.433919 0.080955 0.897308
vn -0.436727 0.213293 0.873942
vn -0.687544 0.231724 0.688176
vn -0.433919 0.080955 0.897308
vn -0.128124 0.100060 0.986698
vn -0.121450 0.190209 0.974202
vn -0.436727 0.213293 0.873942
vn -0.128124 0.100060 0.986698
vn 0.179672 0.156988 0.971119
vn 0.211247 0.164763 0.963446
vn -0.121450 0.190209 0.974202
vn 0.179672 0.156988 0.971119
vn 0.459121 0.242083 0.854754
vn 0.489028 0.143929 0.860312
vn 0.211247 0.164763 0.963446
vn 0.459121 0.242083 0.854754
vn 0.671006 0.315852 0.670812
vn 0.709397 0.130538 0.692616
vn 0.489028 0.143929 0.860312
vn 0.671006 0.315852 0.670812
vn 0.826944 0.379997 0.414446
vn 0.892414 0.122265 0.434337
vn 0.709397 0.130538 0.692616
vn 0.826944 0.379997 0.414446
vn 0.895185 0.445694 0.000499
vn 0.992505 0.113435 -0.045454
vn 0.892414 0.122265 0.434337
vn 0.895185 0.445694 0.000499
vn 0.805844 0.449578 -0.385351
vn 0.888480 0.096159 -0.448729
vn 0.992505 0.113435 -0.045454
vn 0.805844 0.449578 -0.385351
vn 0.756965 0.432997 -0.489404
vn 0.829800 0.091237 -0.550552
vn 0.888480 0.096159 -0.448729
vn 0.756965 0.432997 -0.489404
vn 0.722651 0.422093 -0.547369
vn 0.804351 0.092462 -0.586916
vn 0.829800 0.091237 -0.550552
vn 0.722651 0.422093 -0.547369
vn 0.530899 0.382285 -0.756310
vn 0.625803 0.120698 -0.770586
vn 0.804351 0.092462 -0.586916
vn 0.530899 0.382285 -0.756310
vn 0.165232 0.288234 -0.943196
vn 0.208491 0.165485 -0.963922
vn 0.625803 0.120698 -0.770586
vn 0.165232 0.288234 -0.943196
vn -0.149615 0.222921 -0.963287
vn -0.137742 0.191578 -0.971764
vn 0.208491 0.165485 -0.963922
vn -0.149615 0.222921 -0.963287
vn -0.436674 0.185219 -0.880346
vn -0.428073 0.212886 -0.878312
vn -0.137742 0.191578 -0.971764
vn -0.436674 0.185219 -0.880346
vn -0.713284 0.156320 -0.683220
vn -0.698473 0.232559 -0.676795
vn -0.428073 0.212886 -0.878312
vn -0.713284 0.156320 -0.683220
vn -0.904858 0.123327 -0.407458
vn -0.874156 0.244723 -0.419477
vn -0.698473 0.232559 -0.676795
vn -0.904858 0.123327 -0.407458
vn -0.986572 0.074330 -0.145431
vn -0.949998 0.249740 -0.187442
vn -0.874156 0.244723 -0.419477
vn -0.986572 0.074330 -0.145431
vn -0.994825 0.044008 0.091582
vn -0.964383 0.250714 0.084302
vn -0.949998 0.249740 -0.187442
vn -0.994825 0.044008 0.091582
vn -0.917775 0.052605 0.393601
vn -0.876425 0.245292 0.414380
vn -0.964383 0.250714 0.084302
vn -0.876425 0.245292 0.414380
vn -0.687544 0.231724 0.688176
vn -0.634848 0.371245 0.677603
vn -0.799934 0.441815 0.406086
vn -0.687544 0.231724 0.688176
vn -0.436727 0.213293 0.873942
vn -0.419213 0.276918 0.864625
vn -0.634848 0.371245 0.677603
vn -0.436727 0.213293 0.873942
vn -0.121450 0.190209 0.974202
vn -0.151218 0.153612 0.976492
vn -0.419213 0.276918 0.864625
vn -0.121450 0.190209 0.974202
vn 0.211247 0.164763 0.963446
vn 0.142464 0.007590 0.989771
vn -0.151218 0.153612 0.976492
vn 0.211247 0.164763 0.963446
vn 0.489028 0.143929 0.860312
vn 0.404868 -0.130828 0.904968
vn 0.142464 0.007590 0.989771
vn 0.489028 0.143929 0.860312
vn 0.709397 0.130538 0.692616
vn 0.630300 -0.249072 0.735313
vn 0.404868 -0.130828 0.904968
vn 0.709397 0.130538 0.692616
vn 0.892414 0.122265 0.434337
vn 0.823330 -0.337928 0.455995
vn 0.630300 -0.249072 0.735313
vn 0.892414 0.122265 0.434337
vn 0.992505 0.113435 -0.045454
vn 0.929458 -0.363941 -0.060453
vn 0.823330 -0.337928 0.455995
vn 0.992505 0.113435 -0.045454
vn 0.888480 0.096159 -0.448729
vn 0.837429 -0.302533 -0.455177
vn 0.929458 -0.363941 -0.060453
vn 0.888480 0.096159 -0.448729
vn 0.829800 0.091237 -0.550552
vn 0.787344 -0.277763 -0.550397
vn 0.837429 -0.302533 -0.455177
vn 0.829800 0.091237 -0.550552
vn 0.804351 0.092462 -0.586916
vn 0.760880 -0.266535 -0.591625
vn 0.787344 -0.277763 -0.550397
vn 0.804351 0.092462 -0.586916
vn 0.625803 0.120698 -0.770586
vn 0.597409 -0.184264 -0.780480
vn 0.760880 -0.266535 -0.591625
vn 0.625803 0.120698 -0.770586
vn 0.208491 0.165485 -0.963922
vn 0.211747 0.000574 -0.977324
vn 0.597409 -0.184264 -0.780480
vn 0.208491 0.165485 -0.963922
vn -0.137742 0.191578 -0.971764
vn -0.116041 0.147333 -0.982256
vn 0.211747 0.000574 -0.977324
vn -0.137742 0.191578 -0.971764
vn -0.428073 0.212886 -0.878312
vn -0.391353 0.266986 -0.880659
vn -0.116041 0.147333 -0.982256
vn -0.428073 0.212886 -0.878312
vn -0.698473 0.232559 -0.676795
vn -0.641287 0.374958 -0.669445
vn -0.391353 0.266986 -0.880659
vn -0.698473 0.232559 -0.676795
vn -0.874156 0.244723 -0.419477
vn -0.797236 0.441563 -0.411628
vn -0.641287 0.374958 -0.669445
vn -0.874156 0.244723 -0.419477
vn -0.949998 0.249740 -0.187442
vn -0.863840 0.469442 -0.182767
vn -0.797236 0.441563 -0.411628
vn -0.949998 0.249740 -0.187442
vn -0.964383 0.250714 0.084302
vn -0.876562 0.474004 0.083418
vn -0.863840 0.469442 -0.182767
vn -0.964383 0.250714 0.084302
vn -0.876425 0.245292 0.414380
vn -0.799934 0.441815 0.406086
vn -0.876562 0.474004 0.083418
vn -0.799934 0.441815 0.406086
vn -0.634848 0.371245 0.677603
vn -0.621486 0.397234 0.675248
vn -0.752129 0.516238 0.409636
vn -0.634848 0.371245 0.677603
vn -0.419213 0.276918 0.864625
vn -0.456157 0.237215 0.857700
vn -0.621486 0.397234 0.675248
vn -0.419213 0.276918 0.864625
vn -0.151218 0.153612 0.976492
vn -0.254377 0.035432 0.966456
vn -0.456157 0.237215 0.857700
vn -0.151218 0.153612 0.976492
vn 0.142464 0.007590 0.989771
vn -0.024189 -0.193485 0.980805
vn -0.254377 0.035432 0.966456
vn 0.142464 0.007590 0.989771
vn 0.404868 -0.130828 0.904968
vn 0.203149 -0.404175 0.891837
vn -0.024189 -0.193485 0.980805
vn 0.404868 -0.130828 0.904968
vn 0.630300 -0.249072 0.735313
vn 0.421234 -0.569475 0.705875
vn 0.203149 -0.404175 0.891837
vn 0.630300 -0.249072 0.735313
vn 0.823330 -0.337928 0.455995
vn 0.617859 -0.664177 0.420855
vn 0.421234 -0.569475 0.705875
vn 0.823330 -0.337928 0.455995
vn 0.929458 -0.363941 -0.060453
vn 0.766430 -0.640580 -0.047350
vn 0.617859 -0.664177 0.420855
vn 0.929458 -0.363941 -0.060453
vn 0.837429 -0.302533 -0.455177
vn 0.748756 -0.521819 -0.408742
vn 0.766430 -0.640580 -0.047350
vn 0.837429 -0.302533 -0.455177
vn 0.787344 -0.277763 -0.550397
vn 0.717901 -0.480068 -0.504135
vn 0.748756 -0.521819 -0.408742
vn 0.787344 -0.277763 -0.550397
vn 0.760880 -0.266535 -0.591625
vn 0.698430 -0.466304 -0.542914
vn 0.717901 -0.480068 -0.504135
vn 0.760880 -0.266535 -0.591625
vn 0.597409 -0.184264 -0.780480
vn 0.589118 -0.362470 -0.722188
vn 0.698430 -0.466304 -0.542914
vn 0.597409 -0.184264 -0.780480
vn 0.211747 0.000574 -0.977324
vn 0.294459 -0.125559 -0.947380
vn 0.589118 -0.362470 -0.722188
vn 0.211747 0.000574 -0.977324
vn -0.116041 0.147333 -0.982256
vn -0.011994 0.084222 -0.996375
vn 0.294459 -0.125559 -0.947380
vn -0.116041 0.147333 -0.982256
vn -0.391353 0.266986 -0.880659
vn -0.295674 0.264603 -0.917912
vn -0.011994 0.084222 -0.996375
vn -0.391353 0.266986 -0.880659
vn -0.641287 0.374958 -0.669445
vn -0.562176 0.433668 -0.704195
vn -0.295674 0.264603 -0.917912
vn -0.641287 0.374958 -0.669445
vn -0.797236 0.441563 -0.411628
vn -0.726980 0.536594 -0.428448
vn -0.562176 0.433668 -0.704195
vn -0.797236 0.441563 -0.411628
vn -0.863840 0.469442 -0.182767
vn -0.795817 0.574985 -0.189916
vn -0.726980 0.536594 -0.428448
vn -0.863840 0.469442 -0.182767
vn -0.876562 0.474004 0.083418
vn -0.813352 0.575733 0.083605
vn -0.795817 0.574985 -0.189916
vn -0.876562 0.474004 0.083418
vn -0.799934 0.441815 0.406086
vn -0.752129 0.516238 0.409636
vn -0.813352 0.575733 0.083605
vn -0.752129 0.516238 0.409636
vn -0.621486 0.397234 0.675248
vn -0.544691 0.567400 0.617550
vn -0.612973 0.686847 0.390518
vn -0.621486 0.397234 0.675248
vn -0.456157 0.237215 0.857700
vn -0.459523 0.390382 0.797772
vn -0.544691 0.567400 0.617550
vn -0.456157 0.237215 0.857700
vn -0.254377 0.035432 0.966456
vn -0.348944 0.164203 0.922646
vn -0.459523 0.390382 0.797772
vn -0.254377 0.035432 0.966456
vn -0.024189 -0.193485 0.980805
vn -0.203477 -0.108976 0.972996
vn -0.348944 0.164203 0.922646
vn -0.024189 -0.193485 0.980805
vn 0.203149 -0.404175 0.891837
vn -0.023370 -0.399962 0.916234
vn -0.203477 -0.108976 0.972996
vn 0.203149 -0.404175 0.891837
vn 0.421234 -0.569475 0.705875
vn 0.175539 -0.647493 0.741578
vn -0.023370 -0.399962 0.916234
vn 0.421234 -0.569475 0.705875
vn 0.617859 -0.664177 0.420855
vn 0.379927 -0.809597 0.447446
vn 0.175539 -0.647493 0.741578
vn 0.617859 -0.664177 0.420855
vn 0.766430 -0.640580 -0.047350
vn 0.584949 -0.809168 -0.055513
vn 0.379927 -0.809597 0.447446
vn 0.766430 -0.640580 -0.047350
vn 0.748756 -0.521819 -0.408742
vn 0.641710 -0.641195 -0.420807
vn 0.584949 -0.809168 -0.055513
vn 0.748756 -0.521819 -0.408742
vn 0.717901 -0.480068 -0.504135
vn 0.642885 -0.575627 -0.505324
vn 0.641710 -0.641195 -0.420807
vn 0.717901 -0.480068 -0.504135
vn 0.698430 -0.466304 -0.542914
vn 0.639743 -0.547679 -0.539237
vn 0.642885 -0.575627 -0.505324
vn 0.698430 -0.466304 -0.542914
vn 0.589118 -0.362470 -0.722188
vn 0.579668 -0.406293 -0.706336
vn 0.639743 -0.547679 -0.539237
vn 0.589118 -0.362470 -0.722188
vn 0.294459 -0.125559 -0.947380
vn 0.381765 -0.109219 -0.917783
vn 0.579668 -0.406293 -0.706336
vn 0.294459 -0.125559 -0.947380
vn -0.011994 0.084222 -0.996375
vn 0.148919 0.140759 -0.978780
vn 0.381765 -0.109219 -0.917783
vn -0.011994 0.084222 -0.996375
vn -0.295674 0.264603 -0.917912
vn -0.103350 0.365391 -0.925099
vn 0.148919 0.140759 -0.978780
vn -0.295674 0.264603 -0.917912
vn -0.562176 0.433668 -0.704195
vn -0.370063 0.582392 -0.723790
vn -0.103350 0.365391 -0.925099
vn -0.562176 0.433668 -0.704195
vn -0.726980 0.536594 -0.428448
vn -0.545821 0.711508 -0.442533
vn -0.370063 0.582392 -0.723790
vn -0.726980 0.536594 -0.428448
vn -0.795817 0.574985 -0.189916
vn -0.624328 0.757686 -0.190071
vn -0.545821 0.711508 -0.442533
vn -0.795817 0.574985 -0.189916
vn -0.813352 0.575733 0.083605
vn -0.649953 0.754205 0.093471
vn -0.624328 0.757686 -0.190071
vn -0.813352 0.575733 0.083605
vn -0.752129 0.516238 0.409636
vn -0.612973 0.686847 0.390518
vn -0.649953 0.754205 0.093471
vn -0.324404 0.878655 0.350326
vn -0.331278 0.760560 0.558394
vn -0.137047 0.804009 0.578608
vn -0.085268 0.928584 0.361195
vn -0.331278 0.760560 0.558394
vn -0.323370 0.588006 0.741404
vn -0.174880 0.625926 0.760022
vn -0.137047 0.804009 0.578608
vn -0.323370 0.588006 0.741404
vn -0.297701 0.341635 0.891437
vn -0.209529 0.369648 0.905239
vn -0.174880 0.625926 0.760022
vn -0.297701 0.341635 0.891437
vn -0.241531 0.012353 0.970314
vn -0.232266 0.036391 0.971971
vn -0.209529 0.369648 0.905239
vn -0.241531 0.012353 0.970314
vn -0.149487 -0.362534 0.919904
vn -0.230085 -0.318098 0.919714
vn -0.232266 0.036391 0.971971
vn -0.149487 -0.362534 0.919904
vn -0.038727 -0.679580 0.732579
vn -0.201355 -0.628832 0.751016
vn -0.230085 -0.318098 0.919714
vn -0.038727 -0.679580 0.732579
vn 0.089561 -0.899166 0.428345
vn -0.136943 -0.871403 0.471067
vn -0.201355 -0.628832 0.751016
vn 0.089561 -0.899166 0.428345
vn 0.261497 -0.963179 -0.062500
vn 0.001112 -0.999999 0.000969
vn -0.136943 -0.871403 0.471067
vn 0.261497 -0.963179 -0.062500
vn 0.365623 -0.830968 -0.419298
vn 0.144834 -0.896327 -0.419072
vn 0.001112 -0.999999 0.000969
vn 0.365623 -0.830968 -0.419298
vn 0.393183 -0.768672 -0.504531
vn 0.189494 -0.827549 -0.528446
vn 0.144834 -0.896327 -0.419072
vn 0.393183 -0.768672 -0.504531
vn 0.405286 -0.739663 -0.537254
vn 0.204372 -0.807142 -0.553853
vn 0.189494 -0.827549 -0.528446
vn 0.405286 -0.739663 -0.537254
vn 0.421254 -0.578427 -0.698547
vn 0.253758 -0.663449 -0.703876
vn 0.204372 -0.807142 -0.553853
vn 0.421254 -0.578427 -0.698547
vn 0.381238 -0.247143 -0.890830
vn 0.303192 -0.322034 -0.896866
vn 0.253758 -0.663449 -0.703876
vn 0.381238 -0.247143 -0.890830
vn 0.289916 0.043693 -0.956054
vn 0.301944 -0.019823 -0.953119
vn 0.303192 -0.322034 -0.896866
vn 0.289916 0.043693 -0.956054
vn 0.162067 0.334277 -0.928436
vn 0.271064 0.283452 -0.919880
vn 0.301944 -0.019823 -0.953119
vn 0.162067 0.334277 -0.928436
vn -0.006726 0.647943 -0.761659
vn 0.206554 0.626426 -0.751616
vn 0.271064 0.283452 -0.919880
vn -0.006726 0.647943 -0.761659
vn -0.151242 0.863661 -0.480849
vn 0.131194 0.870060 -0.475166
vn 0.206554 0.626426 -0.751616
vn -0.151242 0.863661 -0.480849
vn -0.238780 0.948564 -0.207871
vn 0.065417 0.976235 -0.206607
vn 0.131194 0.870060 -0.475166
vn -0.238780 0.948564 -0.207871
vn -0.296578 0.951704 0.079378
vn -0.012217 0.996238 0.085796
vn 0.065417 0.976235 -0.206607
vn -0.296578 0.951704 0.079378
vn -0.324404 0.878655 0.350326
vn -0.085268 0.928584 0.361195
vn -0.012217 0.996238 0.085796
vn -0.085268 0.928584 0.361195
vn -0.137047 0.804009 0.578608
vn 0.284166 0.744257 0.604427
vn 0.388290 0.854622 0.344749
vn -0.137047 0.804009 0.578608
vn -0.174880 0.625926 0.760022
vn 0.167834 0.573201 0.802043
vn 0.284166 0.744257 0.604427
vn -0.174880 0.625926 0.760022
vn -0.209529 0.369648 0.905239
vn 0.017716 0.324098 0.945858
vn 0.167834 0.573201 0.802043
vn -0.209529 0.369648 0.905239
vn -0.232266 0.036391 0.971971
vn -0.157110 0.019403 0.987391
vn 0.017716 0.324098 0.945858
vn -0.232266 0.036391 0.971971
vn -0.230085 -0.318098 0.919714
vn -0.310258 -0.264348 0.913159
vn -0.157110 0.019403 0.987391
vn -0.230085 -0.318098 0.919714
vn -0.201355 -0.628832 0.751016
vn -0.431622 -0.503240 0.748633
vn -0.310258 -0.264348 0.913159
vn -0.201355 -0.628832 0.751016
vn -0.136943 -0.871403 0.471067
vn -0.516830 -0.701763 0.490322
vn -0.431622 -0.503240 0.748633
vn -0.136943 -0.871403 0.471067
vn 0.001112 -0.999999 0.000969
vn -0.523794 -0.850710 0.043954
vn -0.516830 -0.701763 0.490322
vn 0.001112 -0.999999 0.000969
vn 0.144834 -0.896327 -0.419072
vn -0.393592 -0.817183 -0.421067
vn -0.523794 -0.850710 0.043954
vn 0.144834 -0.896327 -0.419072
vn 0.189494 -0.827549 -0.528446
vn -0.326853 -0.774099 -0.542160
vn -0.393592 -0.817183 -0.421067
vn 0.189494 -0.827549 -0.528446
vn 0.204372 -0.807142 -0.553853
vn -0.300016 -0.767194 -0.566925
vn -0.326853 -0.774099 -0.542160
vn 0.204372 -0.807142 -0.553853
vn 0.253758 -0.663449 -0.703876
vn -0.171204 -0.648132 -0.742034
vn -0.300016 -0.767194 -0.566925
vn 0.253758 -0.663449 -0.703876
vn 0.303192 -0.322034 -0.896866
vn 0.053443 -0.353468 -0.933919
vn -0.171204 -0.648132 -0.742034
vn 0.303192 -0.322034 -0.896866
vn 0.301944 -0.019823 -0.953119
vn 0.209516 -0.094405 -0.973237
vn 0.053443 -0.353468 -0.933919
vn 0.301944 -0.019823 -0.953119
vn 0.271064 0.283452 -0.919880
vn 0.337677 0.164713 -0.926738
vn 0.209516 -0.094405 -0.973237
vn 0.271064 0.283452 -0.919880
vn 0.206554 0.626426 -0.751616
vn 0.455837 0.461454 -0.761100
vn 0.337677 0.164713 -0.926738
vn 0.206554 0.626426 -0.751616
vn 0.131194 0.870060 -0.475166
vn 0.520288 0.686801 -0.507548
vn 0.455837 0.461454 -0.761100
vn 0.131194 0.870060 -0.475166
vn 0.065417 0.976235 -0.206607
vn 0.524400 0.810705 -0.260314
vn 0.520288 0.686801 -0.507548
vn 0.065417 0.976235 -0.206607
vn -0.012217 0.996238 0.085796
vn 0.475835 0.879004 0.030540
vn 0.524400 0.810705 -0.260314
vn -0.012217 0.996238 0.085796
vn -0.085268 0.928584 0.361195
vn 0.388290 0.854622 0.344749
vn 0.475835 0.879004 0.030540
vn 0.388290 0.854622 0.344749
vn 0.284166 0.744257 0.604427
vn 0.666835 0.480069 0.569969
vn 0.792834 0.544088 0.274558
vn 0.284166 0.744257 0.604427
vn 0.167834 0.573201 0.802043
vn 0.478251 0.357054 0.802365
vn 0.666835 0.480069 0.569969
vn 0.167834 0.573201 0.802043
vn 0.017716 0.324098 0.945858
vn 0.212155 0.167576 0.962761
vn 0.478251 0.357054 0.802365
vn 0.017716 0.324098 0.945858
vn -0.157110 0.019403 0.987391
vn -0.093723 -0.052964 0.994188
vn 0.212155 0.167576 0.962761
vn -0.157110 0.019403 0.987391
vn -0.310258 -0.264348 0.913159
vn -0.352430 -0.239907 0.904565
vn -0.093723 -0.052964 0.994188
vn -0.310258 -0.264348 0.913159
vn -0.431622 -0.503240 0.748633
vn -0.549704 -0.383834 0.741955
vn -0.352430 -0.239907 0.904565
vn -0.431622 -0.503240 0.748633
vn -0.516830 -0.701763 0.490322
vn -0.702523 -0.497653 0.508727
vn -0.549704 -0.383834 0.741955
vn -0.516830 -0.701763 0.490322
vn -0.523794 -0.850710 0.043954
vn -0.800586 -0.587613 0.117359
vn -0.702523 -0.497653 0.508727
vn -0.523794 -0.850710 0.043954
vn -0.393592 -0.817183 -0.421067
vn -0.722676 -0.591148 -0.358167
vn -0.800586 -0.587613 0.117359
vn -0.393592 -0.817183 -0.421067
vn -0.326853 -0.774099 -0.542160
vn -0.647473 -0.568672 -0.507337
vn -0.722676 -0.591148 -0.358167
vn -0.326853 -0.774099 -0.542160
vn -0.300016 -0.767194 -0.566925
vn -0.622984 -0.566487 -0.539428
vn -0.647473 -0.568672 -0.507337
vn -0.300016 -0.767194 -0.566925
vn -0.171204 -0.648132 -0.742034
vn -0.456507 -0.496042 -0.738609
vn -0.622984 -0.566487 -0.539428
vn -0.171204 -0.648132 -0.742034
vn 0.053443 -0.353468 -0.933919
vn -0.079126 -0.288184 -0.954300
vn -0.456507 -0.496042 -0.738609
vn 0.053443 -0.353468 -0.933919
vn 0.209516 -0.094405 -0.973237
vn 0.201802 -0.101802 -0.974121
vn -0.079126 -0.288184 -0.954300
vn 0.209516 -0.094405 -0.973237
vn 0.337677 0.164713 -0.926738
vn 0.422294 0.066860 -0.903990
vn 0.201802 -0.101802 -0.974121
vn 0.337677 0.164713 -0.926738
vn 0.455837 0.461454 -0.761100
vn 0.626662 0.249656 -0.738218
vn 0.422294 0.066860 -0.903990
vn 0.455837 0.461454 -0.761100
vn 0.520288 0.686801 -0.507548
vn 0.761717 0.391041 -0.516598
vn 0.626662 0.249656 -0.738218
vn 0.520288 0.686801 -0.507548
vn 0.524400 0.810705 -0.260314
vn 0.824363 0.475746 -0.306743
vn 0.761717 0.391041 -0.516598
vn 0.524400 0.810705 -0.260314
vn 0.475835 0.879004 0.030540
vn 0.842734 0.536101 -0.048934
vn 0.824363 0.475746 -0.306743
vn 0.475835 0.879004 0.030540
vn 0.388290 0.854622 0.344749
vn 0.792834 0.544088 0.274558
vn 0.842734 0.536101 -0.048934
vn 0.849333 0.457492 0.263314
vn 0.728994 0.380109 0.569285
vn 0.512470 0.578514 0.634584
vn 0.554293 0.760420 0.338411
vn 0.728994 0.380109 0.569285
vn 0.529134 0.240892 0.813627
vn 0.417751 0.329776 0.846600
vn 0.512470 0.578514 0.634584
vn 0.529134 0.240892 0.813627
vn 0.240882 0.037770 0.969819
vn 0.266008 0.019636 0.963771
vn 0.417751 0.329776 0.846600
vn 0.240882 0.037770 0.969819
vn -0.069585 -0.177830 0.981598
vn 0.088348 -0.283748 0.954820
vn 0.266008 0.019636 0.963771
vn -0.069585 -0.177830 0.981598
vn -0.318273 -0.345006 0.882991
vn -0.067852 -0.515085 0.854449
vn 0.088348 -0.283748 0.954820
vn -0.318273 -0.345006 0.882991
vn -0.509798 -0.460920 0.726401
vn -0.193796 -0.681275 0.705909
vn -0.067852 -0.515085 0.854449
vn -0.509798 -0.460920 0.726401
vn -0.668417 -0.551140 0.499463
vn -0.309563 -0.823826 0.474848
vn -0.193796 -0.681275 0.705909
vn -0.668417 -0.551140 0.499463
vn -0.773621 -0.624901 0.104924
vn -0.405775 -0.913084 0.040307
vn -0.309563 -0.823826 0.474848
vn -0.773621 -0.624901 0.104924
vn -0.736120 -0.589587 -0.332438
vn -0.402203 -0.833654 -0.378488
vn -0.405775 -0.913084 0.040307
vn -0.736120 -0.589587 -0.332438
vn -0.683656 -0.539012 -0.492017
vn -0.385197 -0.767897 -0.511818
vn -0.402203 -0.833654 -0.378488
vn -0.683656 -0.539012 -0.492017
vn -0.675874 -0.520676 -0.521624
vn -0.385474 -0.740086 -0.551075
vn -0.385197 -0.767897 -0.511818
vn -0.675874 -0.520676 -0.521624
vn -0.556803 -0.438857 -0.705248
vn -0.331502 -0.594272 -0.732767
vn -0.385474 -0.740086 -0.551075
vn -0.556803 -0.438857 -0.705248
vn -0.216304 -0.223451 -0.950412
vn -0.170412 -0.237707 -0.956271
vn -0.331502 -0.594272 -0.732767
vn -0.216304 -0.223451 -0.950412
vn 0.097560 -0.032646 -0.994694
vn -0.017169 0.076210 -0.996944
vn -0.170412 -0.237707 -0.956271
vn 0.097560 -0.032646 -0.994694
vn 0.344834 0.113844 -0.931734
vn 0.119015 0.327685 -0.937261
vn -0.017169 0.076210 -0.996944
vn 0.344834 0.113844 -0.931734
vn 0.583132 0.262286 -0.768871
vn 0.272169 0.577453 -0.769722
vn 0.119015 0.327685 -0.937261
vn 0.583132 0.262286 -0.768871
vn 0.750009 0.379121 -0.541991
vn 0.396815 0.755294 -0.521602
vn 0.272169 0.577453 -0.769722
vn 0.750009 0.379121 -0.541991
vn 0.834564 0.442578 -0.328067
vn 0.471358 0.832138 -0.292180
vn 0.396815 0.755294 -0.521602
vn 0.834564 0.442578 -0.328067
vn 0.878381 0.472974 -0.068873
vn 0.532062 0.846575 -0.014852
vn 0.471358 0.832138 -0.292180
vn 0.878381 0.472974 -0.068873
vn 0.849333 0.457492 0.263314
vn 0.554293 0.760420 0.338411
vn 0.532062 0.846575 -0.014852
vn 0.194703 0.898531 0.393362
vn 0.245539 0.697391 0.673318
vn 0.015580 0.693290 0.720491
vn -0.099665 0.885768 0.453300
vn 0.245539 0.697391 0.673318
vn 0.269349 0.421049 0.866123
vn 0.125798 0.429935 0.894053
vn 0.015580 0.693290 0.720491
vn 0.269349 0.421049 0.866123
vn 0.258369 0.073032 0.963282
vn 0.223989 0.097135 0.969739
vn 0.125798 0.429935 0.894053
vn 0.258369 0.073032 0.963282
vn 0.211370 -0.271747 0.938870
vn 0.287273 -0.238236 0.927749
vn 0.223989 0.097135 0.969739
vn 0.211370 -0.271747 0.938870
vn 0.149603 -0.540014 0.828254
vn 0.311877 -0.505438 0.804528
vn 0.287273 -0.238236 0.927749
vn 0.149603 -0.540014 0.828254
vn 0.087784 -0.742303 0.664289
vn 0.310269 -0.715146 0.626338
vn 0.311877 -0.505438 0.804528
vn 0.087784 -0.742303 0.664289
vn 0.018770 -0.908526 0.417407
vn 0.282287 -0.885735 0.368494
vn 0.310269 -0.715146 0.626338
vn 0.018770 -0.908526 0.417407
vn -0.074877 -0.996891 -0.024524
vn 0.196992 -0.977371 -0.077067
vn 0.282287 -0.885735 0.368494
vn -0.074877 -0.996891 -0.024524
vn -0.130032 -0.902473 -0.410650
vn 0.095190 -0.883065 -0.459494
vn 0.196992 -0.977371 -0.077067
vn -0.130032 -0.902473 -0.410650
vn -0.138897 -0.839800 -0.524828
vn 0.061826 -0.819967 -0.569062
vn 0.095190 -0.883065 -0.459494
vn -0.138897 -0.839800 -0.524828
vn -0.137403 -0.816251 -0.561120
vn 0.054686 -0.796941 -0.601577
vn 0.061826 -0.819967 -0.569062
vn -0.137403 -0.816251 -0.561120
vn -0.143416 -0.666597 -0.731492
vn -0.001922 -0.646835 -0.762627
vn 0.054686 -0.796941 -0.601577
vn -0.143416 -0.666597 -0.731492
vn -0.135938 -0.263000 -0.955171
vn -0.121647 -0.244502 -0.961988
vn -0.001922 -0.646835 -0.762627
vn -0.135938 -0.263000 -0.955171
vn -0.111163 0.112525 -0.987411
vn -0.205491 0.122460 -0.970967
vn -0.121647 -0.244502 -0.961988
vn -0.111163 0.112525 -0.987411
vn -0.076148 0.420430 -0.904124
vn -0.256706 0.423292 -0.868865
vn -0.205491 0.122460 -0.970967
vn -0.076148 0.420430 -0.904124
vn -0.025278 0.711273 -0.702462
vn -0.285700 0.704400 -0.649766
vn -0.256706 0.423292 -0.868865
vn -0.025278 0.711273 -0.702462
vn 0.027713 0.899517 -0.436006
vn -0.282147 0.883174 -0.374695
vn -0.285700 0.704400 -0.649766
vn 0.027713 0.899517 -0.436006
vn 0.070770 0.975243 -0.209505
vn -0.257039 0.955355 -0.145698
vn -0.282147 0.883174 -0.374695
vn 0.070770 0.975243 -0.209505
vn 0.125835 0.990455 0.056257
vn -0.201415 0.972034 0.120759
vn -0.257039 0.955355 -0.145698
vn 0.125835 0.990455 0.056257
vn 0.194703 0.898531 0.393362
vn -0.099665 0.885768 0.453300
vn -0.201415 0.972034 0.120759
vn -0.099665 0.885768 0.453300
vn 0.015580 0.693290 0.720491
vn -0.353454 0.509510 0.784519
vn -0.574311 0.621672 0.532627
vn 0.015580 0.693290 0.720491
vn 0.125798 0.429935 0.894053
vn -0.100519 0.334382 0.937062
vn -0.353454 0.509510 0.784519
vn 0.125798 0.429935 0.894053
vn 0.223989 0.097135 0.969739
vn 0.171633 0.094343 0.980633
vn -0.100519 0.334382 0.937062
vn 0.223989 0.097135 0.969739
vn 0.287273 -0.238236 0.927749
vn 0.397528 -0.157184 0.904027
vn 0.171633 0.094343 0.980633
vn 0.287273 -0.238236 0.927749
vn 0.311877 -0.505438 0.804528
vn 0.548268 -0.362925 0.753451
vn 0.397528 -0.157184 0.904027
vn 0.311877 -0.505438 0.804528
vn 0.310269 -0.715146 0.626338
vn 0.643760 -0.527235 0.554614
vn 0.548268 -0.362925 0.753451
vn 0.310269 -0.715146 0.626338
vn 0.282287 -0.885735 0.368494
vn 0.693099 -0.662751 0.283505
vn 0.643760 -0.527235 0.554614
vn 0.282287 -0.885735 0.368494
vn 0.196992 -0.977371 -0.077067
vn 0.647512 -0.744422 -0.162985
vn 0.693099 -0.662751 0.283505
vn 0.196992 -0.977371 -0.077067
vn 0.095190 -0.883065 -0.459494
vn 0.504078 -0.675345 -0.538345
vn 0.647512 -0.744422 -0.162985
vn 0.095190 -0.883065 -0.459494
vn 0.061826 -0.819967 -0.569062
vn 0.442055 -0.624114 -0.644259
vn 0.504078 -0.675345 -0.538345
vn 0.061826 -0.819967 -0.569062
vn 0.054686 -0.796941 -0.601577
vn 0.427237 -0.605053 -0.671848
vn 0.442055 -0.624114 -0.644259
vn 0.054686 -0.796941 -0.601577
vn -0.001922 -0.646835 -0.762627
vn 0.297248 -0.495286 -0.816294
vn 0.427237 -0.605053 -0.671848
vn -0.001922 -0.646835 -0.762627
vn -0.121647 -0.244502 -0.961988
vn -0.028898 -0.199225 -0.979528
vn 0.297248 -0.495286 -0.816294
vn -0.121647 -0.244502 -0.961988
vn -0.205491 0.122460 -0.970967
vn -0.307234 0.065560 -0.949373
vn -0.028898 -0.199225 -0.979528
vn -0.205491 0.122460 -0.970967
vn -0.256706 0.423292 -0.868865
vn -0.514857 0.272951 -0.812662
vn -0.307234 0.065560 -0.949373
vn -0.256706 0.423292 -0.868865
vn -0.285700 0.704400 -0.649766
vn -0.686030 0.462374 -0.561759
vn -0.514857 0.272951 -0.812662
vn -0.285700 0.704400 -0.649766
vn -0.282147 0.883174 -0.374695
vn -0.766786 0.580979 -0.272952
vn -0.686030 0.462374 -0.561759
vn -0.282147 0.883174 -0.374695
vn -0.257039 0.955355 -0.145698
vn -0.773723 0.631514 -0.050423
vn -0.766786 0.580979 -0.272952
vn -0.257039 0.955355 -0.145698
vn -0.201415 0.972034 0.120759
vn -0.726671 0.654997 0.207193
vn -0.773723 0.631514 -0.050423
vn -0.201415 0.972034 0.120759
vn -0.099665 0.885768 0.453300
vn -0.574311 0.621672 0.532627
vn -0.726671 0.654997 0.207193
vn -0.574311 0.621672 0.532627
vn -0.353454 0.509510 0.784519
vn -0.460682 0.496536 0.735680
vn -0.651308 0.579680 0.489662
vn -0.353454 0.509510 0.784519
vn -0.100519 0.334382 0.937062
vn -0.239482 0.365897 0.899315
vn -0.460682 0.496536 0.735680
vn -0.100519 0.334382 0.937062
vn 0.171633 0.094343 0.980633
vn 0.042008 0.173703 0.983902
vn -0.239482 0.365897 0.899315
vn 0.171633 0.094343 0.980633
vn 0.397528 -0.157184 0.904027
vn 0.335227 -0.050538 0.940781
vn 0.042008 0.173703 0.983902
vn 0.397528 -0.157184 0.904027
vn 0.548268 -0.362925 0.753451
vn 0.565415 -0.246211 0.787201
vn 0.335227 -0.050538 0.940781
vn 0.548268 -0.362925 0.753451
vn 0.643760 -0.527235 0.554614
vn 0.723652 -0.395149 0.565849
vn 0.565415 -0.246211 0.787201
vn 0.643760 -0.527235 0.554614
vn 0.693099 -0.662751 0.283505
vn 0.820913 -0.502028 0.272156
vn 0.723652 -0.395149 0.565849
vn 0.693099 -0.662751 0.283505
vn 0.647512 -0.744422 -0.162985
vn 0.811903 -0.551322 -0.191982
vn 0.820913 -0.502028 0.272156
vn 0.647512 -0.744422 -0.162985
vn 0.504078 -0.675345 -0.538345
vn 0.665398 -0.504359 -0.550334
vn 0.811903 -0.551322 -0.191982
vn 0.504078 -0.675345 -0.538345
vn 0.442055 -0.624114 -0.644259
vn 0.605629 -0.484025 -0.631612
vn 0.665398 -0.504359 -0.550334
vn 0.442055 -0.624114 -0.644259
vn 0.427237 -0.605053 -0.671848
vn 0.577246 -0.476629 -0.663032
vn 0.605629 -0.484025 -0.631612
vn 0.427237 -0.605053 -0.671848
vn 0.297248 -0.495286 -0.816294
vn 0.386887 -0.380952 -0.839759
vn 0.577246 -0.476629 -0.663032
vn 0.297248 -0.495286 -0.816294
vn -0.028898 -0.199225 -0.979528
vn -0.013996 -0.144699 -0.989377
vn 0.386887 -0.380952 -0.839759
vn -0.028898 -0.199225 -0.979528
vn -0.307234 0.065560 -0.949373
vn -0.319950 0.060423 -0.945506
vn -0.013996 -0.144699 -0.989377
vn -0.307234 0.065560 -0.949373
vn -0.514857 0.272951 -0.812662
vn -0.557676 0.241129 -0.794264
vn -0.319950 0.060423 -0.945506
vn -0.514857 0.272951 -0.812662
vn -0.686030 0.462374 -0.561759
vn -0.736980 0.413750 -0.534483
vn -0.557676 0.241129 -0.794264
vn -0.686030 0.462374 -0.561759
vn -0.766786 0.580979 -0.272952
vn -0.810043 0.525298 -0.260562
vn -0.736980 0.413750 -0.534483
vn -0.766786 0.580979 -0.272952
vn -0.773723 0.631514 -0.050423
vn -0.814404 0.578450 -0.046278
vn -0.810043 0.525298 -0.260562
vn -0.773723 0.631514 -0.050423
vn -0.726671 0.654997 0.207193
vn -0.774021 0.602492 0.194667
vn -0.814404 0.578450 -0.046278
vn -0.726671 0.654997 0.207193
vn -0.574311 0.621672 0.532627
vn -0.651308 0.579680 0.489662
vn -0.774021 0.602492 0.194667
vn -0.651308 0.579680 0.489662
vn -0.460682 0.496536 0.735680
vn -0.121646 0.754780 0.644601
vn -0.192955 0.895355 0.401382
vn -0.460682 0.496536 0.735680
vn -0.239482 0.365897 0.899315
vn -0.048980 0.563406 0.824727
vn -0.121646 0.754780 0.644601
vn -0.239482 0.365897 0.899315
vn 0.042008 0.173703 0.983902
vn 0.036920 0.293779 0.955160
vn -0.048980 0.563406 0.824727
vn 0.042008 0.173703 0.983902
vn 0.335227 -0.050538 0.940781
vn 0.123843 -0.048154 0.991133
vn 0.036920 0.293779 0.955160
vn 0.335227 -0.050538 0.940781
vn 0.565415 -0.246211 0.787201
vn 0.192204 -0.379705 0.904921
vn 0.123843 -0.048154 0.991133
vn 0.565415 -0.246211 0.787201
vn 0.723652 -0.395149 0.565849
vn 0.242058 -0.655781 0.715094
vn 0.192204 -0.379705 0.904921
vn 0.723652 -0.395149 0.565849
vn 0.820913 -0.502028 0.272156
vn 0.281152 -0.867929 0.409453
vn 0.242058 -0.655781 0.715094
vn 0.820913 -0.502028 0.272156
vn 0.811903 -0.551322 -0.191982
vn 0.290845 -0.952454 -0.090782
vn 0.281152 -0.867929 0.409453
vn 0.811903 -0.551322 -0.191982
vn 0.665398 -0.504359 -0.550334
vn 0.258464 -0.845744 -0.466811
vn 0.290845 -0.952454 -0.090782
vn 0.665398 -0.504359 -0.550334
vn 0.605629 -0.484025 -0.631612
vn 0.247591 -0.785726 -0.566863
vn 0.258464 -0.845744 -0.466811
vn 0.605629 -0.484025 -0.631612
vn 0.577246 -0.476629 -0.663032
vn 0.247572 -0.734227 -0.632155
vn 0.247591 -0.785726 -0.566863
vn 0.577246 -0.476629 -0.663032
vn 0.386887 -0.380952 -0.839759
vn 0.191782 -0.550266 -0.812666
vn 0.247572 -0.734227 -0.632155
vn 0.386887 -0.380952 -0.839759
vn -0.013996 -0.144699 -0.989377
vn 0.072526 -0.197257 -0.977665
vn 0.191782 -0.550266 -0.812666
vn -0.013996 -0.144699 -0.989377
vn -0.319950 0.060423 -0.945506
vn -0.039823 0.107953 -0.993358
vn 0.072526 -0.197257 -0.977665
vn -0.319950 0.060423 -0.945506
vn -0.557676 0.241129 -0.794264
vn -0.144295 0.396230 -0.906742
vn -0.039823 0.107953 -0.993358
vn -0.557676 0.241129 -0.794264
vn -0.736980 0.413750 -0.534483
vn -0.235865 0.680499 -0.693750
vn -0.144295 0.396230 -0.906742
vn -0.736980 0.413750 -0.534483
vn -0.810043 0.525298 -0.260562
vn -0.275701 0.870761 -0.407143
vn -0.235865 0.680499 -0.693750
vn -0.810043 0.525298 -0.260562
vn -0.814404 0.578450 -0.046278
vn -0.273809 0.949561 -0.152846
vn -0.275701 0.870761 -0.407143
vn -0.814404 0.578450 -0.046278
vn -0.774021 0.602492 0.194667
vn -0.250066 0.962094 0.108823
vn -0.273809 0.949561 -0.152846
vn -0.774021 0.602492 0.194667
vn -0.651308 0.579680 0.489662
vn -0.192955 0.895355 0.401382
vn -0.250066 0.962094 0.108823
vn 0.221487 0.921493 0.319052
vn 0.174441 0.793865 0.582536
vn 0.266795 0.738158 0.619631
vn 0.363607 0.869429 0.334490
vn 0.174441 0.793865 0.582536
vn 0.110598 0.595154 0.795965
vn 0.141187 0.510922 0.847953
vn 0.266795 0.738158 0.619631
vn 0.110598 0.595154 0.795965
vn 0.016527 0.301046 0.953466
vn -0.010401 0.193587 0.981028
vn 0.141187 0.510922 0.847953
vn 0.016527 0.301046 0.953466
vn -0.108110 -0.063761 0.992092
vn -0.158572 -0.145947 0.976501
vn -0.010401 0.193587 0.981028
vn -0.108110 -0.063761 0.992092
vn -0.227945 -0.384446 0.894563
vn -0.273222 -0.425695 0.862632
vn -0.158572 -0.145947 0.976501
vn -0.227945 -0.384446 0.894563
vn -0.321326 -0.626709 0.709919
vn -0.354291 -0.634948 0.686526
vn -0.273222 -0.425695 0.862632
vn -0.321326 -0.626709 0.709919
vn -0.385306 -0.804773 0.451530
vn -0.407435 -0.798652 0.442891
vn -0.354291 -0.634948 0.686526
vn -0.385306 -0.804773 0.451530
vn -0.394063 -0.918499 0.032769
vn -0.410089 -0.911430 0.033501
vn -0.407435 -0.798652 0.442891
vn -0.394063 -0.918499 0.032769
vn -0.303917 -0.891119 -0.336960
vn -0.337056 -0.877036 -0.342347
vn -0.410089 -0.911430 0.033501
vn -0.303917 -0.891119 -0.336960
vn -0.245546 -0.849238 -0.467441
vn -0.278470 -0.833850 -0.476602
vn -0.337056 -0.877036 -0.342347
vn -0.245546 -0.849238 -0.467441
vn -0.195789 -0.798615 -0.569106
vn -0.238481 -0.803153 -0.545960
vn -0.278470 -0.833850 -0.476602
vn -0.195789 -0.798615 -0.569106
vn -0.084730 -0.602068 -0.793936
vn -0.115329 -0.638790 -0.760688
vn -0.238481 -0.803153 -0.545960
vn -0.084730 -0.602068 -0.793936
vn 0.077597 -0.226012 -0.971029
vn 0.099128 -0.274845 -0.956365
vn -0.115329 -0.638790 -0.760688
vn 0.077597 -0.226012 -0.971029
vn 0.169246 0.090147 -0.981443
vn 0.248162 0.031541 -0.968205
vn 0.099128 -0.274845 -0.956365
vn 0.169246 0.090147 -0.981443
vn 0.226043 0.375935 -0.898653
vn 0.348629 0.288580 -0.891728
vn 0.248162 0.031541 -0.968205
vn 0.226043 0.375935 -0.898653
vn 0.262613 0.647237 -0.715625
vn 0.425149 0.543269 -0.723952
vn 0.348629 0.288580 -0.891728
vn 0.262613 0.647237 -0.715625
vn 0.277764 0.837595 -0.470406
vn 0.459648 0.736683 -0.496007
vn 0.425149 0.543269 -0.723952
vn 0.277764 0.837595 -0.470406
vn 0.272967 0.934700 -0.227652
vn 0.458706 0.849663 -0.260117
vn 0.459648 0.736683 -0.496007
vn 0.272967 0.934700 -0.227652
vn 0.252360 0.967139 0.030917
vn 0.429519 0.902884 0.017722
vn 0.458706 0.849663 -0.260117
vn 0.252360 0.967139 0.030917
vn 0.221487 0.921493 0.319052
vn 0.363607 0.869429 0.334490
vn 0.429519 0.902884 0.017722
vn 0.363607 0.869429 0.334490
vn 0.266795 0.738158 0.619631
vn 0.197542 0.736646 0.646784
vn 0.277042 0.885796 0.372308
vn 0.266795 0.738158 0.619631
vn 0.141187 0.510922 0.847953
vn 0.105132 0.488376 0.866277
vn 0.197542 0.736646 0.646784
vn 0.141187 0.510922 0.847953
vn -0.010401 0.193587 0.981028
vn 0.006725 0.162904 0.986619
vn 0.105132 0.488376 0.866277
vn -0.010401 0.193587 0.981028
vn -0.158572 -0.145947 0.976501
vn -0.079958 -0.176026 0.981133
vn 0.006725 0.162904 0.986619
vn -0.158572 -0.145947 0.976501
vn -0.273222 -0.425695 0.862632
vn -0.141988 -0.462886 0.874972
vn -0.079958 -0.176026 0.981133
vn -0.273222 -0.425695 0.862632
vn -0.354291 -0.634948 0.686526
vn -0.179251 -0.684184 0.706938
vn -0.141988 -0.462886 0.874972
vn -0.354291 -0.634948 0.686526
vn -0.407435 -0.798652 0.442891
vn -0.196072 -0.865558 0.460831
vn -0.179251 -0.684184 0.706938
vn -0.407435 -0.798652 0.442891
vn -0.410089 -0.911430 0.033501
vn -0.172668 -0.984814 0.018099
vn -0.196072 -0.865558 0.460831
vn -0.410089 -0.911430 0.033501
vn -0.337056 -0.877036 -0.342347
vn -0.103373 -0.907078 -0.408073
vn -0.172668 -0.984814 0.018099
vn -0.337056 -0.877036 -0.342347
vn -0.278470 -0.833850 -0.476602
vn -0.071415 -0.845701 -0.528856
vn -0.103373 -0.907078 -0.408073
vn -0.278470 -0.833850 -0.476602
vn -0.238481 -0.803153 -0.545960
vn -0.059924 -0.825860 -0.560682
vn -0.071415 -0.845701 -0.528856
vn -0.238481 -0.803153 -0.545960
vn -0.115329 -0.638790 -0.760688
vn 0.020267 -0.659733 -0.751226
vn -0.059924 -0.825860 -0.560682
vn -0.115329 -0.638790 -0.760688
vn 0.099128 -0.274845 -0.956365
vn 0.164896 -0.255928 -0.952528
vn 0.020267 -0.659733 -0.751226
vn 0.099128 -0.274845 -0.956365
vn 0.248162 0.031541 -0.968205
vn 0.247466 0.051971 -0.967502
vn 0.164896 -0.255928 -0.952528
vn 0.248162 0.031541 -0.968205
vn 0.348629 0.288580 -0.891728
vn 0.307056 0.306539 -0.900972
vn 0.247466 0.051971 -0.967502
vn 0.348629 0.288580 -0.891728
vn 0.425149 0.543269 -0.723952
vn 0.355461 0.574650 -0.737174
vn 0.307056 0.306539 -0.900972
vn 0.425149 0.543269 -0.723952
vn 0.459648 0.736683 -0.496007
vn 0.372465 0.776671 -0.507988
vn 0.355461 0.574650 -0.737174
vn 0.459648 0.736683 -0.496007
vn 0.458706 0.849663 -0.260117
vn 0.365992 0.890930 -0.268873
vn 0.372465 0.776671 -0.507988
vn 0.458706 0.849663 -0.260117
vn 0.429519 0.902884 0.017722
vn 0.339394 0.939862 0.038350
vn 0.365992 0.890930 -0.268873
vn 0.429519 0.902884 0.017722
vn 0.363607 0.869429 0.334490
vn 0.277042 0.885796 0.372308
vn 0.339394 0.939862 0.038350
vn 0.277042 0.885796 0.372308
vn 0.197542 0.736646 0.646784
vn -0.137123 0.740104 0.658364
vn -0.166319 0.889437 0.425722
vn 0.197542 0.736646 0.646784
vn 0.105132 0.488376 0.866277
vn -0.094693 0.505517 0.857605
vn -0.137123 0.740104 0.658364
vn 0.105132 0.488376 0.866277
vn 0.006725 0.162904 0.986619
vn -0.036661 0.167354 0.985215
vn -0.094693 0.505517 0.857605
vn 0.006725 0.162904 0.986619
vn -0.079958 -0.176026 0.981133
vn 0.018124 -0.212951 0.976895
vn -0.036661 0.167354 0.985215
vn -0.079958 -0.176026 0.981133
vn -0.141988 -0.462886 0.874972
vn 0.053577 -0.527983 0.847563
vn 0.018124 -0.212951 0.976895
vn -0.141988 -0.462886 0.874972
vn -0.179251 -0.684184 0.706938
vn 0.074817 -0.752870 0.653903
vn 0.053577 -0.527983 0.847563
vn -0.179251 -0.684184 0.706938
vn -0.196072 -0.865558 0.460831
vn 0.090680 -0.920021 0.381233
vn 0.074817 -0.752870 0.653903
vn -0.196072 -0.865558 0.460831
vn -0.172668 -0.984814 0.018099
vn 0.102632 -0.992173 -0.071131
vn 0.090680 -0.920021 0.381233
vn -0.172668 -0.984814 0.018099
vn -0.103373 -0.907078 -0.408073
vn 0.117907 -0.881260 -0.457688
vn 0.102632 -0.992173 -0.071131
vn -0.103373 -0.907078 -0.408073
vn -0.071415 -0.845701 -0.528856
vn 0.124514 -0.820250 -0.558289
vn 0.117907 -0.881260 -0.457688
vn -0.071415 -0.845701 -0.528856
vn -0.059924 -0.825860 -0.560682
vn 0.122591 -0.806667 -0.578152
vn 0.124514 -0.820250 -0.558289
vn -0.059924 -0.825860 -0.560682
vn 0.020267 -0.659733 -0.751226
vn 0.111636 -0.661325 -0.741746
vn 0.122591 -0.806667 -0.578152
vn 0.020267 -0.659733 -0.751226
vn 0.164896 -0.255928 -0.952528
vn 0.079873 -0.247495 -0.965591
vn 0.111636 -0.661325 -0.741746
vn 0.164896 -0.255928 -0.952528
vn 0.247466 0.051971 -0.967502
vn 0.025021 0.122192 -0.992191
vn 0.079873 -0.247495 -0.965591
vn 0.247466 0.051971 -0.967502
vn 0.307056 0.306539 -0.900972
vn -0.028050 0.415422 -0.909196
vn 0.025021 0.122192 -0.992191
vn 0.307056 0.306539 -0.900972
vn 0.355461 0.574650 -0.737174
vn -0.093454 0.711941 -0.695993
vn -0.028050 0.415422 -0.909196
vn 0.355461 0.574650 -0.737174
vn 0.372465 0.776671 -0.507988
vn -0.148234 0.902808 -0.403688
vn -0.093454 0.711941 -0.695993
vn 0.372465 0.776671 -0.507988
vn 0.365992 0.890930 -0.268873
vn -0.176771 0.971772 -0.156244
vn -0.148234 0.902808 -0.403688
vn 0.365992 0.890930 -0.268873
vn 0.339394 0.939862 0.038350
vn -0.185427 0.973662 0.132660
vn -0.176771 0.971772 -0.156244
vn 0.339394 0.939862 0.038350
vn 0.277042 0.885796 0.372308
vn -0.166319 0.889437 0.425722
vn -0.185427 0.973662 0.132660
vn -0.174948 0.888166 0.424917
vn -0.119133 0.742999 0.658605
vn 0.448961 0.724866 0.522497
vn 0.446829 0.860072 0.246210
vn -0.119133 0.742999 0.658605
vn -0.045768 0.532595 0.845132
vn 0.413076 0.518454 0.748715
vn 0.448961 0.724866 0.522497
vn -0.045768 0.532595 0.845132
vn 0.042473 0.225784 0.973251
vn 0.332125 0.224854 0.916042
vn 0.413076 0.518454 0.748715
vn 0.042473 0.225784 0.973251
vn 0.131161 -0.148778 0.980134
vn 0.196837 -0.123018 0.972688
vn 0.332125 0.224854 0.916042
vn 0.131161 -0.148778 0.980134
vn 0.195463 -0.480264 0.855068
vn 0.053368 -0.420756 0.905603
vn 0.196837 -0.123018 0.972688
vn 0.195463 -0.480264 0.855068
vn 0.232255 -0.722364 0.651344
vn -0.075365 -0.645593 0.759954
vn 0.053368 -0.420756 0.905603
vn 0.232255 -0.722364 0.651344
vn 0.250307 -0.895073 0.369041
vn -0.198798 -0.823851 0.530800
vn -0.075365 -0.645593 0.759954
vn 0.250307 -0.895073 0.369041
vn 0.239782 -0.965969 -0.096995
vn -0.330088 -0.938819 0.098293
vn -0.198798 -0.823851 0.530800
vn 0.239782 -0.965969 -0.096995
vn 0.192274 -0.859833 -0.472988
vn -0.358510 -0.878782 -0.314980
vn -0.330088 -0.938819 0.098293
vn 0.192274 -0.859833 -0.472988
vn 0.176530 -0.807284 -0.563142
vn -0.343356 -0.827720 -0.443831
vn -0.358510 -0.878782 -0.314980
vn 0.176530 -0.807284 -0.563142
vn 0.176453 -0.783413 -0.595926
vn -0.331223 -0.790803 -0.514706
vn -0.343356 -0.827720 -0.443831
vn 0.176453 -0.783413 -0.595926
vn 0.132707 -0.612559 -0.779205
vn -0.281614 -0.596579 -0.751523
vn -0.331223 -0.790803 -0.514706
vn 0.132707 -0.612559 -0.779205
vn 0.013896 -0.189855 -0.981714
vn -0.134987 -0.179284 -0.974492
vn -0.281614 -0.596579 -0.751523
vn 0.013896 -0.189855 -0.981714
vn -0.079723 0.155622 -0.984594
vn -0.011808 0.134409 -0.990856
vn -0.134987 -0.179284 -0.974492
vn -0.079723 0.155622 -0.984594
vn -0.156142 0.450381 -0.879077
vn 0.099253 0.392294 -0.914469
vn -0.011808 0.134409 -0.990856
vn -0.156142 0.450381 -0.879077
vn -0.217857 0.733926 -0.643343
vn 0.213902 0.634125 -0.743056
vn 0.099253 0.392294 -0.914469
vn -0.217857 0.733926 -0.643343
vn -0.237587 0.900871 -0.363295
vn 0.315543 0.793320 -0.520650
vn 0.213902 0.634125 -0.743056
vn -0.237587 0.900871 -0.363295
vn -0.231777 0.963966 -0.130575
vn 0.381070 0.871069 -0.309878
vn 0.315543 0.793320 -0.520650
vn -0.231777 0.963966 -0.130575
vn -0.213170 0.967086 0.138935
vn 0.419705 0.905995 -0.054954
vn 0.381070 0.871069 -0.309878
vn -0.213170 0.967086 0.138935
vn -0.174948 0.888166 0.424917
vn 0.446829 0.860072 0.246210
vn 0.419705 0.905995 -0.054954
vn 0.741425 0.667471 0.069082
vn 0.733061 0.587483 0.342761
vn 0.636599 0.623635 0.453676
vn 0.637497 0.754172 0.157552
vn 0.733061 0.587483 0.342761
vn 0.650774 0.429716 0.625969
vn 0.561603 0.408376 0.719605
vn 0.636599 0.623635 0.453676
vn 0.650774 0.429716 0.625969
vn 0.441717 0.154444 0.883761
vn 0.390684 0.096278 0.915476
vn 0.561603 0.408376 0.719605
vn 0.441717 0.154444 0.883761
vn 0.127816 -0.173673 0.976474
vn 0.167910 -0.226859 0.959344
vn 0.390684 0.096278 0.915476
vn 0.127816 -0.173673 0.976474
vn -0.144983 -0.411769 0.899681
vn -0.031202 -0.467137 0.883634
vn 0.167910 -0.226859 0.959344
vn -0.144983 -0.411769 0.899681
vn -0.345450 -0.559758 0.753217
vn -0.200915 -0.635563 0.745448
vn -0.031202 -0.467137 0.883634
vn -0.345450 -0.559758 0.753217
vn -0.507273 -0.656404 0.558398
vn -0.358046 -0.759963 0.542456
vn -0.200915 -0.635563 0.745448
vn -0.507273 -0.656404 0.558398
vn -0.662632 -0.710033 0.238268
vn -0.526027 -0.829601 0.187238
vn -0.358046 -0.759963 0.542456
vn -0.662632 -0.710033 0.238268
vn -0.725751 -0.683412 -0.078954
vn -0.625104 -0.766213 -0.148874
vn -0.526027 -0.829601 0.187238
vn -0.725751 -0.683412 -0.078954
vn -0.727386 -0.656582 -0.199523
vn -0.643376 -0.717142 -0.267908
vn -0.625104 -0.766213 -0.148874
vn -0.727386 -0.656582 -0.199523
vn -0.724511 -0.635780 -0.266209
vn -0.645946 -0.694107 -0.317758
vn -0.643376 -0.717142 -0.267908
vn -0.724511 -0.635780 -0.266209
vn -0.680531 -0.525493 -0.510622
vn -0.632408 -0.578474 -0.515196
vn -0.645946 -0.694107 -0.317758
vn -0.680531 -0.525493 -0.510622
vn -0.425910 -0.191465 -0.884275
vn -0.505494 -0.235464 -0.830080
vn -0.632408 -0.578474 -0.515196
vn -0.425910 -0.191465 -0.884275
vn -0.099084 0.131814 -0.986310
vn -0.281270 0.115790 -0.952617
vn -0.505494 -0.235464 -0.830080
vn -0.099084 0.131814 -0.986310
vn 0.174022 0.365786 -0.914285
vn -0.049881 0.391643 -0.918764
vn -0.281270 0.115790 -0.952617
vn 0.174022 0.365786 -0.914285
vn 0.397718 0.535214 -0.745229
vn 0.186163 0.615355 -0.765951
vn -0.049881 0.391643 -0.918764
vn 0.397718 0.535214 -0.745229
vn 0.546793 0.632167 -0.548983
vn 0.365765 0.747974 -0.553851
vn 0.186163 0.615355 -0.765951
vn 0.546793 0.632167 -0.548983
vn 0.635108 0.675390 -0.374814
vn 0.478995 0.801240 -0.358578
vn 0.365765 0.747974 -0.553851
vn 0.635108 0.675390 -0.374814
vn 0.700935 0.690329 -0.179265
vn 0.573738 0.808038 -0.133792
vn 0.478995 0.801240 -0.358578
vn 0.700935 0.690329 -0.179265
vn 0.741425 0.667471 0.069082
vn 0.637497 0.754172 0.157552
vn 0.573738 0.808038 -0.133792
vn 0.637497 0.754172 0.157552
vn 0.636599 0.623635 0.453676
vn 0.367799 0.696314 0.616337
vn 0.285287 0.892738 0.348754
vn 0.636599 0.623635 0.453676
vn 0.561603 0.408376 0.719605
vn 0.410327 0.433872 0.802114
vn 0.367799 0.696314 0.616337
vn 0.561603 0.408376 0.719605
vn 0.390684 0.096278 0.915476
vn 0.411628 0.105412 0.905235
vn 0.410327 0.433872 0.802114
vn 0.390684 0.096278 0.915476
vn 0.167910 -0.226859 0.959344
vn 0.369173 -0.230279 0.900379
vn 0.411628 0.105412 0.905235
vn 0.167910 -0.226859 0.959344
vn -0.031202 -0.467137 0.883634
vn 0.300532 -0.503947 0.809764
vn 0.369173 -0.230279 0.900379
vn -0.031202 -0.467137 0.883634
vn -0.200915 -0.635563 0.745448
vn 0.214462 -0.721528 0.658334
vn 0.300532 -0.503947 0.809764
vn -0.200915 -0.635563 0.745448
vn -0.358046 -0.759963 0.542456
vn 0.099712 -0.901030 0.422140
vn 0.214462 -0.721528 0.658334
vn -0.358046 -0.759963 0.542456
vn -0.526027 -0.829601 0.187238
vn -0.083117 -0.996510 -0.007750
vn 0.099712 -0.901030 0.422140
vn -0.526027 -0.829601 0.187238
vn -0.625104 -0.766213 -0.148874
vn -0.229812 -0.895689 -0.380694
vn -0.083117 -0.996510 -0.007750
vn -0.625104 -0.766213 -0.148874
vn -0.643376 -0.717142 -0.267908
vn -0.269580 -0.829077 -0.489855
vn -0.229812 -0.895689 -0.380694
vn -0.643376 -0.717142 -0.267908
vn -0.645946 -0.694107 -0.317758
vn -0.281106 -0.802282 -0.526615
vn -0.269580 -0.829077 -0.489855
vn -0.645946 -0.694107 -0.317758
vn -0.632408 -0.578474 -0.515196
vn -0.324896 -0.642664 -0.693848
vn -0.281106 -0.802282 -0.526615
vn -0.632408 -0.578474 -0.515196
vn -0.505494 -0.235464 -0.830080
vn -0.358650 -0.236923 -0.902905
vn -0.324896 -0.642664 -0.693848
vn -0.505494 -0.235464 -0.830080
vn -0.281270 0.115790 -0.952617
vn -0.328692 0.127224 -0.935829
vn -0.358650 -0.236923 -0.902905
vn -0.281270 0.115790 -0.952617
vn -0.049881 0.391643 -0.918764
vn -0.263433 0.425705 -0.865667
vn -0.328692 0.127224 -0.935829
vn -0.049881 0.391643 -0.918764
vn 0.186163 0.615355 -0.765951
vn -0.157739 0.706100 -0.690320
vn -0.263433 0.425705 -0.865667
vn 0.186163 0.615355 -0.765951
vn 0.365765 0.747974 -0.553851
vn -0.040181 0.892537 -0.449181
vn -0.157739 0.706100 -0.690320
vn 0.365765 0.747974 -0.553851
vn 0.478995 0.801240 -0.358578
vn 0.056741 0.971419 -0.230491
vn -0.040181 0.892537 -0.449181
vn 0.478995 0.801240 -0.358578
vn 0.573738 0.808038 -0.133792
vn 0.165908 0.985761 0.027371
vn 0.056741 0.971419 -0.230491
vn 0.573738 0.808038 -0.133792
vn 0.637497 0.754172 0.157552
vn 0.285287 0.892738 0.348754
vn 0.165908 0.985761 0.027371
vn 0.285287 0.892738 0.348754
vn 0.367799 0.696314 0.616337
vn 0.183519 0.708765 0.681155
vn 0.030991 0.898996 0.436859
vn 0.367799 0.696314 0.616337
vn 0.410327 0.433872 0.802114
vn 0.317284 0.448686 0.835471
vn 0.183519 0.708765 0.681155
vn 0.410327 0.433872 0.802114
vn 0.411628 0.105412 0.905235
vn 0.427000 0.117510 0.896584
vn 0.317284 0.448686 0.835471
vn 0.411628 0.105412 0.905235
vn 0.369173 -0.230279 0.900379
vn 0.484382 -0.221485 0.846356
vn 0.427000 0.117510 0.896584
vn 0.369173 -0.230279 0.900379
vn 0.300532 -0.503947 0.809764
vn 0.490832 -0.493390 0.718088
vn 0.484382 -0.221485 0.846356
vn 0.300532 -0.503947 0.809764
vn 0.214462 -0.721528 0.658334
vn 0.463042 -0.703359 0.539331
vn 0.490832 -0.493390 0.718088
vn 0.214462 -0.721528 0.658334
vn 0.099712 -0.901030 0.422140
vn 0.394528 -0.872644 0.287820
vn 0.463042 -0.703359 0.539331
vn 0.099712 -0.901030 0.422140
vn -0.083117 -0.996510 -0.007750
vn 0.230239 -0.963091 -0.139448
vn 0.394528 -0.872644 0.287820
vn -0.083117 -0.996510 -0.007750
vn -0.229812 -0.895689 -0.380694
vn 0.069466 -0.866605 -0.494135
vn 0.230239 -0.963091 -0.139448
vn -0.229812 -0.895689 -0.380694
vn -0.269580 -0.829077 -0.489855
vn 0.022000 -0.808013 -0.588754
vn 0.069466 -0.866605 -0.494135
vn -0.269580 -0.829077 -0.489855
vn -0.281106 -0.802282 -0.526615
vn 0.006519 -0.786577 -0.617457
vn 0.022000 -0.808013 -0.588754
vn -0.281106 -0.802282 -0.526615
vn -0.324896 -0.642664 -0.693848
vn -0.086456 -0.629944 -0.771814
vn 0.006519 -0.786577 -0.617457
vn -0.324896 -0.642664 -0.693848
vn -0.358650 -0.236923 -0.902905
vn -0.236675 -0.224205 -0.945366
vn -0.086456 -0.629944 -0.771814
vn -0.358650 -0.236923 -0.902905
vn -0.328692 0.127224 -0.935829
vn -0.320335 0.138813 -0.937079
vn -0.236675 -0.224205 -0.945366
vn -0.328692 0.127224 -0.935829
vn -0.263433 0.425705 -0.865667
vn -0.352169 0.441990 -0.824998
vn -0.320335 0.138813 -0.937079
vn -0.263433 0.425705 -0.865667
vn -0.157739 0.706100 -0.690320
vn -0.338322 0.723376 -0.601885
vn -0.352169 0.441990 -0.824998
vn -0.157739 0.706100 -0.690320
vn -0.040181 0.892537 -0.449181
vn -0.282974 0.898616 -0.335284
vn -0.338322 0.723376 -0.601885
vn -0.040181 0.892537 -0.449181
vn 0.056741 0.971419 -0.230491
vn -0.216962 0.968993 -0.118237
vn -0.282974 0.898616 -0.335284
vn 0.056741 0.971419 -0.230491
vn 0.165908 0.985761 0.027371
vn -0.119415 0.984198 0.130748
vn -0.216962 0.968993 -0.118237
vn 0.165908 0.985761 0.027371
vn 0.285287 0.892738 0.348754
vn 0.030991 0.898996 0.436859
vn -0.119415 0.984198 0.130748
vn 0.030991 0.898996 0.436859
vn 0.183519 0.708765 0.681155
vn 0.888131 0.400390 -0.225634
vn 0.183519 0.708765 0.681155
vn 0.317284 0.448686 0.835471
vn 0.888131 0.400390 -0.225634
vn 0.317284 0.448686 0.835471
vn 0.427000 0.117510 0.896584
vn 0.888131 0.400390 -0.225634
vn 0.427000 0.117510 0.896584
vn 0.484382 -0.221485 0.846356
vn 0.888131 0.400390 -0.225634
vn 0.484382 -0.221485 0.846356
vn 0.490832 -0.493390 0.718088
vn 0.888131 0.400390 -0.225634
vn 0.490832 -0.493390 0.718088
vn 0.463042 -0.703359 0.539331
vn 0.888131 0.400390 -0.225634
vn 0.463042 -0.703359 0.539331
vn 0.394528 -0.872644 0.287820
vn 0.888131 0.400390 -0.225634
vn 0.394528 -0.872644 0.287820
vn 0.230239 -0.963091 -0.139448
vn 0.888131 0.400390 -0.225634
vn 0.230239 -0.963091 -0.139448
vn 0.069466 -0.866605 -0.494135
vn 0.888131 0.400390 -0.225634
vn 0.069466 -0.866605 -0.494135
vn 0.022000 -0.808013 -0.588754
vn 0.888131 0.400390 -0.225634
vn 0.022000 -0.808013 -0.588754
vn 0.006519 -0.786577 -0.617457
vn 0.888131 0.400390 -0.225634
vn 0.006519 -0.786577 -0.617457
vn -0.086456 -0.629944 -0.771814
vn 0.888131 0.400390 -0.225634
vn -0.086456 -0.629944 -0.771814
vn -0.236675 -0.224205 -0.945366
vn 0.888131 0.400390 -0.225634
vn -0.236675 -0.224205 -0.945366
vn -0.320335 0.138813 -0.937079
vn 0.888131 0.400390 -0.225634
vn -0.320335 0.138813 -0.937079
vn -0.352169 0.441990 -0.824998
vn 0.888131 0.400390 -0.225634
vn -0.352169 0.441990 -0.824998
vn -0.338322 0.723376 -0.601885
vn 0.888131 0.400390 -0.225634
vn -0.338322 0.723376 -0.601885
vn -0.282974 0.898616 -0.335284
vn 0.888131 0.400390 -0.225634
vn -0.282974 0.898616 -0.335284
vn -0.216962 0.968993 -0.118237
vn 0.888131 0.400390 -0.225634
vn -0.216962 0.968993 -0.118237
vn -0.119415 0.984198 0.130748
vn 0.888131 0.400390 -0.225634
vn -0.119415 0.984198 0.130748
vn 0.030991 0.898996 0.436859
vn 0.888131 0.400390 -0.225634
vn -0.121646 0.754780 0.644601
vn -0.048980 0.563406 0.824727
vn 0.110598 0.595154 0.795965
vn 0.174441 0.793865 0.582536
vn -0.192955 0.895355 0.401382
vn -0.121646 0.754780 0.644601
vn 0.174441 0.793865 0.582536
vn 0.221487 0.921493 0.319052
vn -0.250066 0.962094 0.108823
vn -0.192955 0.895355 0.401382
vn 0.221487 0.921493 0.319052
vn 0.252360 0.967139 0.030917
vn -0.273809 0.949561 -0.152846
vn -0.250066 0.962094 0.108823
vn 0.252360 0.967139 0.030917
vn 0.272967 0.934700 -0.227652
vn -0.275701 0.870761 -0.407143
vn -0.273809 0.949561 -0.152846
vn 0.272967 0.934700 -0.227652
vn 0.277764 0.837595 -0.470406
vn -0.235865 0.680499 -0.693750
vn -0.275701 0.870761 -0.407143
vn 0.277764 0.837595 -0.470406
vn 0.262613 0.647237 -0.715625
vn -0.144295 0.396230 -0.906742
vn -0.235865 0.680499 -0.693750
vn 0.262613 0.647237 -0.715625
vn 0.226043 0.375935 -0.898653
vn -0.039823 0.107953 -0.993358
vn -0.144295 0.396230 -0.906742
vn 0.226043 0.375935 -0.898653
vn 0.169246 0.090147 -0.981443
vn 0.072526 -0.197257 -0.977665
vn -0.039823 0.107953 -0.993358
vn 0.169246 0.090147 -0.981443
vn 0.077597 -0.226012 -0.971029
vn 0.191782 -0.550266 -0.812666
vn 0.072526 -0.197257 -0.977665
vn 0.077597 -0.226012 -0.971029
vn -0.084730 -0.602068 -0.793936
vn 0.247572 -0.734227 -0.632155
vn 0.191782 -0.550266 -0.812666
vn -0.084730 -0.602068 -0.793936
vn -0.195789 -0.798615 -0.569106
vn 0.247591 -0.785726 -0.566863
vn 0.247572 -0.734227 -0.632155
vn -0.195789 -0.798615 -0.569106
vn -0.245546 -0.849238 -0.467441
vn 0.258464 -0.845744 -0.466811
vn 0.247591 -0.785726 -0.566863
vn -0.245546 -0.849238 -0.467441
vn -0.303917 -0.891119 -0.336960
vn 0.290845 -0.952454 -0.090782
vn 0.258464 -0.845744 -0.466811
vn -0.303917 -0.891119 -0.336960
vn -0.394063 -0.918499 0.032769
vn 0.281152 -0.867929 0.409453
vn 0.290845 -0.952454 -0.090782
vn -0.394063 -0.918499 0.032769
vn -0.385306 -0.804773 0.451530
vn 0.242058 -0.655781 0.715094
vn 0.281152 -0.867929 0.409453
vn -0.385306 -0.804773 0.451530
vn -0.321326 -0.626709 0.709919
vn 0.192204 -0.379705 0.904921
vn 0.242058 -0.655781 0.715094
vn -0.321326 -0.626709 0.709919
vn -0.227945 -0.384446 0.894563
vn 0.123843 -0.048154 0.991133
vn 0.192204 -0.379705 0.904921
vn -0.227945 -0.384446 0.894563
vn -0.108110 -0.063761 0.992092
vn 0.036920 0.293779 0.955160
vn 0.123843 -0.048154 0.991133
vn -0.108110 -0.063761 0.992092
vn 0.016527 0.301046 0.953466
vn -0.048980 0.563406 0.824727
vn 0.036920 0.293779 0.955160
vn 0.016527 0.301046 0.953466
vn 0.110598 0.595154 0.795965
vn -0.166319 0.889437 0.425722
vn -0.137123 0.740104 0.658364
vn -0.119133 0.742999 0.658605
vn -0.174948 0.888166 0.424917
vn -0.185427 0.973662 0.132660
vn -0.166319 0.889437 0.425722
vn -0.174948 0.888166 0.424917
vn -0.213170 0.967086 0.138935
vn -0.176771 0.971772 -0.156244
vn -0.185427 0.973662 0.132660
vn -0.213170 0.967086 0.138935
vn -0.231777 0.963966 -0.130575
vn -0.148234 0.902808 -0.403688
vn -0.176771 0.971772 -0.156244
vn -0.231777 0.963966 -0.130575
vn -0.237587 0.900871 -0.363295
vn -0.093454 0.711941 -0.695993
vn -0.148234 0.902808 -0.403688
vn -0.237587 0.900871 -0.363295
vn -0.217857 0.733926 -0.643343
vn -0.028050 0.415422 -0.909196
vn -0.093454 0.711941 -0.695993
vn -0.217857 0.733926 -0.643343
vn -0.156142 0.450381 -0.879077
vn 0.025021 0.122192 -0.992191
vn -0.028050 0.415422 -0.909196
vn -0.156142 0.450381 -0.879077
vn -0.079723 0.155622 -0.984594
vn 0.079873 -0.247495 -0.965591
vn 0.025021 0.122192 -0.992191
vn -0.079723 0.155622 -0.984594
vn 0.013896 -0.189855 -0.981714
vn 0.111636 -0.661325 -0.741746
vn 0.079873 -0.247495 -0.965591
vn 0.013896 -0.189855 -0.981714
vn 0.132707 -0.612559 -0.779205
vn 0.122591 -0.806667 -0.578152
vn 0.111636 -0.661325 -0.741746
vn 0.132707 -0.612559 -0.779205
vn 0.176453 -0.783413 -0.595926
vn 0.124514 -0.820250 -0.558289
vn 0.122591 -0.806667 -0.578152
vn 0.176453 -0.783413 -0.595926
vn 0.176530 -0.807284 -0.563142
vn 0.117907 -0.881260 -0.457688
vn 0.124514 -0.820250 -0.558289
vn 0.176530 -0.807284 -0.563142
vn 0.192274 -0.859833 -0.472988
vn 0.102632 -0.992173 -0.071131
vn 0.117907 -0.881260 -0.457688
vn 0.192274 -0.859833 -0.472988
vn 0.239782 -0.965969 -0.096995
vn 0.090680 -0.920021 0.381233
vn 0.102632 -0.992173 -0.071131
vn 0.239782 -0.965969 -0.096995
vn 0.250307 -0.895073 0.369041
vn 0.074817 -0.752870 0.653903
vn 0.090680 -0.920021 0.381233
vn 0.250307 -0.895073 0.369041
vn 0.232255 -0.722364 0.651344
vn 0.053577 -0.527983 0.847563
vn 0.074817 -0.752870 0.653903
vn 0.232255 -0.722364 0.651344
vn 0.195463 -0.480264 0.855068
vn 0.018124 -0.212951 0.976895
vn 0.053577 -0.527983 0.847563
vn 0.195463 -0.480264 0.855068
vn 0.131161 -0.148778 0.980134
vn -0.036661 0.167354 0.985215
vn 0.018124 -0.212951 0.976895
vn 0.131161 -0.148778 0.980134
vn 0.042473 0.225784 0.973251
vn -0.094693 0.505517 0.857605
vn -0.036661 0.167354 0.985215
vn 0.042473 0.225784 0.973251
vn -0.045768 0.532595 0.845132
vn -0.137123 0.740104 0.658364
vn -0.094693 0.505517 0.857605
vn -0.045768 0.532595 0.845132
vn -0.119133 0.742999 0.658605
vn 0.419705 0.905995 -0.054954
vn 0.446829 0.860072 0.246210
vn 0.741425 0.667471 0.069082
vn 0.700935 0.690329 -0.179265
vn 0.381070 0.871069 -0.309878
vn 0.419705 0.905995 -0.054954
vn 0.700935 0.690329 -0.179265
vn 0.635108 0.675390 -0.374814
vn 0.315543 0.793320 -0.520650
vn 0.381070 0.871069 -0.309878
vn 0.635108 0.675390 -0.374814
vn 0.546793 0.632167 -0.548983
vn 0.213902 0.634125 -0.743056
vn 0.315543 0.793320 -0.520650
vn 0.546793 0.632167 -0.548983
vn 0.397718 0.535214 -0.745229
vn 0.099253 0.392294 -0.914469
vn 0.213902 0.634125 -0.743056
vn 0.397718 0.535214 -0.745229
vn 0.174022 0.365786 -0.914285
vn -0.011808 0.134409 -0.990856
vn 0.099253 0.392294 -0.914469
vn 0.174022 0.365786 -0.914285
vn -0.099084 0.131814 -0.986310
vn -0.134987 -0.179284 -0.974492
vn -0.011808 0.134409 -0.990856
vn -0.099084 0.131814 -0.986310
vn -0.425910 -0.191465 -0.884275
vn -0.281614 -0.596579 -0.751523
vn -0.134987 -0.179284 -0.974492
vn -0.425910 -0.191465 -0.884275
vn -0.680531 -0.525493 -0.510622
vn -0.331223 -0.790803 -0.514706
vn -0.281614 -0.596579 -0.751523
vn -0.680531 -0.525493 -0.510622
vn -0.724511 -0.635780 -0.266209
vn -0.343356 -0.827720 -0.443831
vn -0.331223 -0.790803 -0.514706
vn -0.724511 -0.635780 -0.266209
vn -0.727386 -0.656582 -0.199523
vn -0.358510 -0.878782 -0.314980
vn -0.343356 -0.827720 -0.443831
vn -0.727386 -0.656582 -0.199523
vn -0.725751 -0.683412 -0.078954
vn -0.330088 -0.938819 0.098293
vn -0.358510 -0.878782 -0.314980
vn -0.725751 -0.683412 -0.078954
vn -0.662632 -0.710033 0.238268
vn -0.198798 -0.823851 0.530800
vn -0.330088 -0.938819 0.098293
vn -0.662632 -0.710033 0.238268
vn -0.507273 -0.656404 0.558398
vn -0.075365 -0.645593 0.759954
vn -0.198798 -0.823851 0.530800
vn -0.507273 -0.656404 0.558398
vn -0.345450 -0.559758 0.753217
vn 0.053368 -0.420756 0.905603
vn -0.075365 -0.645593 0.759954
vn -0.345450 -0.559758 0.753217
vn -0.144983 -0.411769 0.899681
vn 0.196837 -0.123018 0.972688
vn 0.053368 -0.420756 0.905603
vn -0.144983 -0.411769 0.899681
vn 0.127816 -0.173673 0.976474
vn 0.332125 0.224854 0.916042
vn 0.196837 -0.123018 0.972688
vn 0.127816 -0.173673 0.976474
vn 0.441717 0.154444 0.883761
vn 0.413076 0.518454 0.748715
vn 0.332125 0.224854 0.916042
vn 0.441717 0.154444 0.883761
vn 0.650774 0.429716 0.625969
vn 0.448961 0.724866 0.522497
vn 0.413076 0.518454 0.748715
vn 0.650774 0.429716 0.625969
vn 0.733061 0.587483 0.342761
vn 0.446829 0.860072 0.246210
vn 0.448961 0.724866 0.522497
vn 0.733061 0.587483 0.342761
vn 0.741425 0.667471 0.069082
vn -0.331502 -0.594272 -0.732767
vn -0.170412 -0.237707 -0.956271
vn -0.135938 -0.263000 -0.955171
vn -0.143416 -0.666597 -0.731492
vn -0.385474 -0.740086 -0.551075
vn -0.331502 -0.594272 -0.732767
vn -0.143416 -0.666597 -0.731492
vn -0.137403 -0.816251 -0.561120
vn -0.385197 -0.767897 -0.511818
vn -0.385474 -0.740086 -0.551075
vn -0.137403 -0.816251 -0.561120
vn -0.138897 -0.839800 -0.524828
vn -0.402203 -0.833654 -0.378488
vn -0.385197 -0.767897 -0.511818
vn -0.138897 -0.839800 -0.524828
vn -0.130032 -0.902473 -0.410650
vn -0.405775 -0.913084 0.040307
vn -0.402203 -0.833654 -0.378488
vn -0.130032 -0.902473 -0.410650
vn -0.074877 -0.996891 -0.024524
vn -0.309563 -0.823826 0.474848
vn -0.405775 -0.913084 0.040307
vn -0.074877 -0.996891 -0.024524
vn 0.018770 -0.908526 0.417407
vn -0.193796 -0.681275 0.705909
vn -0.309563 -0.823826 0.474848
vn 0.018770 -0.908526 0.417407
vn 0.087784 -0.742303 0.664289
vn -0.067852 -0.515085 0.854449
vn -0.193796 -0.681275 0.705909
vn 0.087784 -0.742303 0.664289
vn 0.149603 -0.540014 0.828254
vn 0.088348 -0.283748 0.954820
vn -0.067852 -0.515085 0.854449
vn 0.149603 -0.540014 0.828254
vn 0.211370 -0.271747 0.938870
vn 0.266008 0.019636 0.963771
vn 0.088348 -0.283748 0.954820
vn 0.211370 -0.271747 0.938870
vn 0.258369 0.073032 0.963282
vn 0.417751 0.329776 0.846600
vn 0.266008 0.019636 0.963771
vn 0.258369 0.073032 0.963282
vn 0.269349 0.421049 0.866123
vn 0.512470 0.578514 0.634584
vn 0.417751 0.329776 0.846600
vn 0.269349 0.421049 0.866123
vn 0.245539 0.697391 0.673318
vn 0.554293 0.760420 0.338411
vn 0.512470 0.578514 0.634584
vn 0.245539 0.697391 0.673318
vn 0.194703 0.898531 0.393362
vn 0.532062 0.846575 -0.014852
vn 0.554293 0.760420 0.338411
vn 0.194703 0.898531 0.393362
vn 0.125835 0.990455 0.056257
vn 0.471358 0.832138 -0.292180
vn 0.532062 0.846575 -0.014852
vn 0.125835 0.990455 0.056257
vn 0.070770 0.975243 -0.209505
vn 0.396815 0.755294 -0.521602
vn 0.471358 0.832138 -0.292180
vn 0.070770 0.975243 -0.209505
vn 0.027713 0.899517 -0.436006
vn 0.272169 0.577453 -0.769722
vn 0.396815 0.755294 -0.521602
vn 0.027713 0.899517 -0.436006
vn -0.025278 0.711273 -0.702462
vn 0.119015 0.327685 -0.937261
vn 0.272169 0.577453 -0.769722
vn -0.025278 0.711273 -0.702462
vn -0.076148 0.420430 -0.904124
vn -0.017169 0.076210 -0.996944
vn 0.119015 0.327685 -0.937261
vn -0.076148 0.420430 -0.904124
vn -0.111163 0.112525 -0.987411
vn -0.170412 -0.237707 -0.956271
vn -0.017169 0.076210 -0.996944
vn -0.111163 0.112525 -0.987411
vn -0.135938 -0.263000 -0.955171
vn 0.842734 0.536101 -0.048934
vn 0.792834 0.544088 0.274558
vn 0.849333 0.457492 0.263314
vn 0.878381 0.472974 -0.068873
vn 0.824363 0.475746 -0.306743
vn 0.842734 0.536101 -0.048934
vn 0.878381 0.472974 -0.068873
vn 0.834564 0.442578 -0.328067
vn 0.761717 0.391041 -0.516598
vn 0.824363 0.475746 -0.306743
vn 0.834564 0.442578 -0.328067
vn 0.750009 0.379121 -0.541991
vn 0.626662 0.249656 -0.738218
vn 0.761717 0.391041 -0.516598
vn 0.750009 0.379121 -0.541991
vn 0.583132 0.262286 -0.768871
vn 0.422294 0.066860 -0.903990
vn 0.626662 0.249656 -0.738218
vn 0.583132 0.262286 -0.768871
vn 0.344834 0.113844 -0.931734
vn 0.201802 -0.101802 -0.974121
vn 0.422294 0.066860 -0.903990
vn 0.344834 0.113844 -0.931734
vn 0.097560 -0.032646 -0.994694
vn -0.079126 -0.288184 -0.954300
vn 0.201802 -0.101802 -0.974121
vn 0.097560 -0.032646 -0.994694
vn -0.216304 -0.223451 -0.950412
vn -0.456507 -0.496042 -0.738609
vn -0.079126 -0.288184 -0.954300
vn -0.216304 -0.223451 -0.950412
vn -0.556803 -0.438857 -0.705248
vn -0.622984 -0.566487 -0.539428
vn -0.456507 -0.496042 -0.738609
vn -0.556803 -0.438857 -0.705248
vn -0.675874 -0.520676 -0.521624
vn -0.647473 -0.568672 -0.507337
vn -0.622984 -0.566487 -0.539428
vn -0.675874 -0.520676 -0.521624
vn -0.683656 -0.539012 -0.492017
vn -0.722676 -0.591148 -0.358167
vn -0.647473 -0.568672 -0.507337
vn -0.683656 -0.539012 -0.492017
vn -0.736120 -0.589587 -0.332438
vn -0.800586 -0.587613 0.117359
vn -0.722676 -0.591148 -0.358167
vn -0.736120 -0.589587 -0.332438
vn -0.773621 -0.624901 0.104924
vn -0.702523 -0.497653 0.508727
vn -0.800586 -0.587613 0.117359
vn -0.773621 -0.624901 0.104924
vn -0.668417 -0.551140 0.499463
vn -0.549704 -0.383834 0.741955
vn -0.702523 -0.497653 0.508727
vn -0.668417 -0.551140 0.499463
vn -0.509798 -0.460920 0.726401
vn -0.352430 -0.239907 0.904565
vn -0.549704 -0.383834 0.741955
vn -0.509798 -0.460920 0.726401
vn -0.318273 -0.345006 0.882991
vn -0.093723 -0.052964 0.994188
vn -0.352430 -0.239907 0.904565
vn -0.318273 -0.345006 0.882991
vn -0.069585 -0.177830 0.981598
vn 0.212155 0.167576 0.962761
vn -0.093723 -0.052964 0.994188
vn -0.069585 -0.177830 0.981598
vn 0.240882 0.037770 0.969819
vn 0.478251 0.357054 0.802365
vn 0.212155 0.167576 0.962761
vn 0.240882 0.037770 0.969819
vn 0.529134 0.240892 0.813627
vn 0.666835 0.480069 0.569969
vn 0.478251 0.357054 0.802365
vn 0.529134 0.240892 0.813627
vn 0.728994 0.380109 0.569285
vn 0.792834 0.544088 0.274558
vn 0.666835 0.480069 0.569969
vn 0.728994 0.380109 0.569285
vn 0.849333 0.457492 0.263314
vn -0.612973 0.686847 0.390518
vn -0.544691 0.567400 0.617550
vn -0.331278 0.760560 0.558394
vn -0.324404 0.878655 0.350326
vn -0.649953 0.754205 0.093471
vn -0.612973 0.686847 0.390518
vn -0.324404 0.878655 0.350326
vn -0.296578 0.951704 0.079378
vn -0.624328 0.757686 -0.190071
vn -0.649953 0.754205 0.093471
vn -0.296578 0.951704 0.079378
vn -0.238780 0.948564 -0.207871
vn -0.545821 0.711508 -0.442533
vn -0.624328 0.757686 -0.190071
vn -0.238780 0.948564 -0.207871
vn -0.151242 0.863661 -0.480849
vn -0.370063 0.582392 -0.723790
vn -0.545821 0.711508 -0.442533
vn -0.151242 0.863661 -0.480849
vn -0.006726 0.647943 -0.761659
vn -0.103350 0.365391 -0.925099
vn -0.370063 0.582392 -0.723790
vn -0.006726 0.647943 -0.761659
vn 0.162067 0.334277 -0.928436
vn 0.148919 0.140759 -0.978780
vn -0.103350 0.365391 -0.925099
vn 0.162067 0.334277 -0.928436
vn 0.289916 0.043693 -0.956054
vn 0.381765 -0.109219 -0.917783
vn 0.148919 0.140759 -0.978780
vn 0.289916 0.043693 -0.956054
vn 0.381238 -0.247143 -0.890830
vn 0.579668 -0.406293 -0.706336
vn 0.381765 -0.109219 -0.917783
vn 0.381238 -0.247143 -0.890830
vn 0.421254 -0.578427 -0.698547
vn 0.639743 -0.547679 -0.539237
vn 0.579668 -0.406293 -0.706336
vn 0.421254 -0.578427 -0.698547
vn 0.405286 -0.739663 -0.537254
vn 0.642885 -0.575627 -0.505324
vn 0.639743 -0.547679 -0.539237
vn 0.405286 -0.739663 -0.537254
vn 0.393183 -0.768672 -0.504531
vn 0.641710 -0.641195 -0.420807
vn 0.642885 -0.575627 -0.505324
vn 0.393183 -0.768672 -0.504531
vn 0.365623 -0.830968 -0.419298
vn 0.584949 -0.809168 -0.055513
vn 0.641710 -0.641195 -0.420807
vn 0.365623 -0.830968 -0.419298
vn 0.261497 -0.963179 -0.062500
vn 0.379927 -0.809597 0.447446
vn 0.584949 -0.809168 -0.055513
vn 0.261497 -0.963179 -0.062500
vn 0.089561 -0.899166 0.428345
vn 0.175539 -0.647493 0.741578
vn 0.379927 -0.809597 0.447446
vn 0.089561 -0.899166 0.428345
vn -0.038727 -0.679580 0.732579
vn -0.023370 -0.399962 0.916234
vn 0.175539 -0.647493 0.741578
vn -0.038727 -0.679580 0.732579
vn -0.149487 -0.362534 0.919904
vn -0.203477 -0.108976 0.972996
vn -0.023370 -0.399962 0.916234
vn -0.149487 -0.362534 0.919904
vn -0.241531 0.012353 0.970314
vn -0.348944 0.164203 0.922646
vn -0.203477 -0.108976 0.972996
vn -0.241531 0.012353 0.970314
vn -0.297701 0.341635 0.891437
vn -0.459523 0.390382 0.797772
vn -0.348944 0.164203 0.922646
vn -0.297701 0.341635 0.891437
vn -0.323370 0.588006 0.741404
vn -0.544691 0.567400 0.617550
vn -0.459523 0.390382 0.797772
vn -0.323370 0.588006 0.741404
vn -0.331278 0.760560 0.558394
vn -0.681090 0.731056 -0.040905
vn -0.610485 0.720148 0.329688
vn -0.635640 0.700617 0.324187
vn -0.721014 0.692905 -0.004516
vn -0.639487 0.602166 -0.477967
vn -0.681090 0.731056 -0.040905
vn -0.721014 0.692905 -0.004516
vn -0.713989 0.582964 -0.387779
vn -0.460581 0.338464 -0.820553
vn -0.639487 0.602166 -0.477967
vn -0.713989 0.582964 -0.387779
vn -0.573523 0.357813 -0.736913
vn -0.303102 0.143502 -0.942091
vn -0.460581 0.338464 -0.820553
vn -0.573523 0.357813 -0.736913
vn -0.405214 0.153776 -0.901196
vn -0.159265 -0.012411 -0.987158
vn -0.303102 0.143502 -0.942091
vn -0.405214 0.153776 -0.901196
vn -0.253914 -0.006113 -0.967207
vn 0.006930 -0.171269 -0.985200
vn -0.159265 -0.012411 -0.987158
vn -0.253914 -0.006113 -0.967207
vn -0.088567 -0.160579 -0.983041
vn 0.187315 -0.329110 -0.925527
vn 0.006930 -0.171269 -0.985200
vn -0.088567 -0.160579 -0.983041
vn 0.089742 -0.312303 -0.945734
vn 0.387029 -0.498312 -0.775818
vn 0.187315 -0.329110 -0.925527
vn 0.089742 -0.312303 -0.945734
vn 0.315331 -0.481488 -0.817763
vn 0.535877 -0.599902 -0.594099
vn 0.387029 -0.498312 -0.775818
vn 0.315331 -0.481488 -0.817763
vn 0.532778 -0.596309 -0.600469
vn 0.712846 -0.659325 -0.239041
vn 0.535877 -0.599902 -0.594099
vn 0.532778 -0.596309 -0.600469
vn 0.728314 -0.640262 -0.244180
vn 0.772851 -0.620454 0.133184
vn 0.712846 -0.659325 -0.239041
vn 0.728314 -0.640262 -0.244180
vn 0.800142 -0.591067 0.102046
vn 0.726914 -0.525466 0.442133
vn 0.772851 -0.620454 0.133184
vn 0.800142 -0.591067 0.102046
vn 0.777395 -0.497839 0.384464
vn 0.604553 -0.379990 0.700088
vn 0.726914 -0.525466 0.442133
vn 0.777395 -0.497839 0.384464
vn 0.684077 -0.357190 0.635967
vn 0.482956 -0.243311 0.841162
vn 0.604553 -0.379990 0.700088
vn 0.684077 -0.357190 0.635967
vn 0.548313 -0.172302 0.818331
vn 0.241201 0.024093 0.970176
vn 0.482956 -0.243311 0.841162
vn 0.548313 -0.172302 0.818331
vn 0.303090 0.073998 0.950085
vn 0.044100 0.204148 0.977946
vn 0.241201 0.024093 0.970176
vn 0.303090 0.073998 0.950085
vn 0.111334 0.229660 0.966882
vn -0.110898 0.330503 0.937267
vn 0.044100 0.204148 0.977946
vn 0.111334 0.229660 0.966882
vn -0.055787 0.354183 0.933511
vn -0.280444 0.467531 0.838312
vn -0.110898 0.330503 0.937267
vn -0.055787 0.354183 0.933511
vn -0.256517 0.494048 0.830732
vn -0.464108 0.614776 0.637695
vn -0.280444 0.467531 0.838312
vn -0.256517 0.494048 0.830732
vn -0.476872 0.630125 0.612810
vn -0.610485 0.720148 0.329688
vn -0.464108 0.614776 0.637695
vn -0.476872 0.630125 0.612810
vn -0.635640 0.700617 0.324187
vn 0.728314 -0.640262 -0.244180
vn 0.532778 -0.596309 -0.600469
vn 0.537314 -0.556929 -0.633344
vn 0.748812 -0.614281 -0.248875
vn 0.532778 -0.596309 -0.600469
vn 0.315331 -0.481488 -0.817763
vn 0.250144 -0.392756 -0.884969
vn 0.537314 -0.556929 -0.633344
vn 0.315331 -0.481488 -0.817763
vn 0.089742 -0.312303 -0.945734
vn 0.038405 -0.237852 -0.970542
vn 0.250144 -0.392756 -0.884969
vn 0.089742 -0.312303 -0.945734
vn -0.088567 -0.160579 -0.983041
vn -0.132091 -0.096527 -0.986527
vn 0.038405 -0.237852 -0.970542
vn -0.088567 -0.160579 -0.983041
vn -0.253914 -0.006113 -0.967207
vn -0.292509 0.048225 -0.955046
vn -0.132091 -0.096527 -0.986527
vn -0.253914 -0.006113 -0.967207
vn -0.405214 0.153776 -0.901196
vn -0.443861 0.196718 -0.874237
vn -0.292509 0.048225 -0.955046
vn -0.405214 0.153776 -0.901196
vn -0.573523 0.357813 -0.736913
vn -0.610795 0.382935 -0.693030
vn -0.443861 0.196718 -0.874237
vn -0.573523 0.357813 -0.736913
vn -0.713989 0.582964 -0.387779
vn -0.737299 0.570169 -0.362350
vn -0.610795 0.382935 -0.693030
vn -0.713989 0.582964 -0.387779
vn -0.721014 0.692905 -0.004516
vn -0.746194 0.665727 -0.001220
vn -0.737299 0.570169 -0.362350
vn -0.721014 0.692905 -0.004516
vn -0.635640 0.700617 0.324187
vn -0.667758 0.678701 0.305719
vn -0.746194 0.665727 -0.001220
vn -0.635640 0.700617 0.324187
vn -0.476872 0.630125 0.612810
vn -0.508818 0.624783 0.592242
vn -0.667758 0.678701 0.305719
vn -0.476872 0.630125 0.612810
vn -0.256517 0.494048 0.830732
vn -0.249900 0.481248 0.840209
vn -0.508818 0.624783 0.592242
vn -0.256517 0.494048 0.830732
vn -0.055787 0.354183 0.933511
vn -0.012473 0.319459 0.947518
vn -0.249900 0.481248 0.840209
vn -0.055787 0.354183 0.933511
vn 0.111334 0.229660 0.966882
vn 0.173346 0.181850 0.967927
vn -0.012473 0.319459 0.947518
vn 0.111334 0.229660 0.966882
vn 0.303090 0.073998 0.950085
vn 0.365078 0.027357 0.930575
vn 0.173346 0.181850 0.967927
vn 0.303090 0.073998 0.950085
vn 0.548313 -0.172302 0.818331
vn 0.575966 -0.167156 0.800201
vn 0.365078 0.027357 0.930575
vn 0.548313 -0.172302 0.818331
vn 0.684077 -0.357190 0.635967
vn 0.751152 -0.380005 0.539784
vn 0.575966 -0.167156 0.800201
vn 0.684077 -0.357190 0.635967
vn 0.777395 -0.497839 0.384464
vn 0.813526 -0.513868 0.272242
vn 0.751152 -0.380005 0.539784
vn 0.777395 -0.497839 0.384464
vn 0.800142 -0.591067 0.102046
vn 0.813161 -0.579977 0.048947
vn 0.813526 -0.513868 0.272242
vn 0.800142 -0.591067 0.102046
vn 0.728314 -0.640262 -0.244180
vn 0.748812 -0.614281 -0.248875
vn 0.813161 -0.579977 0.048947
vn 0.748812 -0.614281 -0.248875
vn 0.537314 -0.556929 -0.633344
vn 0.665852 -0.386404 -0.638227
vn 0.838207 -0.478295 -0.261999
vn 0.537314 -0.556929 -0.633344
vn 0.250144 -0.392756 -0.884969
vn 0.388061 -0.221031 -0.894737
vn 0.665852 -0.386404 -0.638227
vn 0.250144 -0.392756 -0.884969
vn 0.038405 -0.237852 -0.970542
vn 0.167813 -0.087492 -0.981929
vn 0.388061 -0.221031 -0.894737
vn 0.038405 -0.237852 -0.970542
vn -0.132091 -0.096527 -0.986527
vn -0.009840 0.022841 -0.999691
vn 0.167813 -0.087492 -0.981929
vn -0.132091 -0.096527 -0.986527
vn -0.292509 0.048225 -0.955046
vn -0.185587 0.133645 -0.973497
vn -0.009840 0.022841 -0.999691
vn -0.292509 0.048225 -0.955046
vn -0.443861 0.196718 -0.874237
vn -0.359899 0.246045 -0.899964
vn -0.185587 0.133645 -0.973497
vn -0.443861 0.196718 -0.874237
vn -0.610795 0.382935 -0.693030
vn -0.570569 0.387782 -0.723931
vn -0.359899 0.246045 -0.899964
vn -0.610795 0.382935 -0.693030
vn -0.737299 0.570169 -0.362350
vn -0.767670 0.523129 -0.370160
vn -0.570569 0.387782 -0.723931
vn -0.737299 0.570169 -0.362350
vn -0.746194 0.665727 -0.001220
vn -0.822071 0.568897 0.023561
vn -0.767670 0.523129 -0.370160
vn -0.746194 0.665727 -0.001220
vn -0.667758 0.678701 0.305719
vn -0.762734 0.545924 0.346704
vn -0.822071 0.568897 0.023561
vn -0.667758 0.678701 0.305719
vn -0.508818 0.624783 0.592242
vn -0.609283 0.467860 0.640219
vn -0.762734 0.545924 0.346704
vn -0.508818 0.624783 0.592242
vn -0.249900 0.481248 0.840209
vn -0.347175 0.319342 0.881754
vn -0.609283 0.467860 0.640219
vn -0.249900 0.481248 0.840209
vn -0.012473 0.319459 0.947518
vn -0.109385 0.177993 0.977933
vn -0.347175 0.319342 0.881754
vn -0.012473 0.319459 0.947518
vn 0.173346 0.181850 0.967927
vn 0.080156 0.064928 0.994666
vn -0.109385 0.177993 0.977933
vn 0.173346 0.181850 0.967927
vn 0.365078 0.027357 0.930575
vn 0.281596 -0.058622 0.957741
vn 0.080156 0.064928 0.994666
vn 0.365078 0.027357 0.930575
vn 0.575966 -0.167156 0.800201
vn 0.518132 -0.211088 0.828843
vn 0.281596 -0.058622 0.957741
vn 0.575966 -0.167156 0.800201
vn 0.751152 -0.380005 0.539784
vn 0.738907 -0.366630 0.565331
vn 0.518132 -0.211088 0.828843
vn 0.751152 -0.380005 0.539784
vn 0.813526 -0.513868 0.272242
vn 0.846163 -0.452428 0.281634
vn 0.738907 -0.366630 0.565331
vn 0.813526 -0.513868 0.272242
vn 0.813161 -0.579977 0.048947
vn 0.874084 -0.484069 0.040673
vn 0.846163 -0.452428 0.281634
vn 0.813161 -0.579977 0.048947
vn 0.748812 -0.614281 -0.248875
vn 0.838207 -0.478295 -0.261999
vn 0.874084 -0.484069 0.040673
vn 0.838207 -0.478295 -0.261999
vn 0.665852 -0.386404 -0.638227
vn 0.751489 -0.157542 -0.640660
vn 0.937573 -0.197930 -0.285974
vn 0.665852 -0.386404 -0.638227
vn 0.388061 -0.221031 -0.894737
vn 0.442965 -0.082861 -0.892701
vn 0.751489 -0.157542 -0.640660
vn 0.388061 -0.221031 -0.894737
vn 0.167813 -0.087492 -0.981929
vn 0.193026 -0.020698 -0.980975
vn 0.442965 -0.082861 -0.892701
vn 0.167813 -0.087492 -0.981929
vn -0.009840 0.022841 -0.999691
vn -0.014403 0.032820 -0.999358
vn 0.193026 -0.020698 -0.980975
vn -0.009840 0.022841 -0.999691
vn -0.185587 0.133645 -0.973497
vn -0.224437 0.087719 -0.970533
vn -0.014403 0.032820 -0.999358
vn -0.185587 0.133645 -0.973497
vn -0.359899 0.246045 -0.899964
vn -0.437359 0.143831 -0.887710
vn -0.224437 0.087719 -0.970533
vn -0.359899 0.246045 -0.899964
vn -0.570569 0.387782 -0.723931
vn -0.695521 0.213251 -0.686131
vn -0.437359 0.143831 -0.887710
vn -0.570569 0.387782 -0.723931
vn -0.767670 0.523129 -0.370160
vn -0.913346 0.270954 -0.303945
vn -0.695521 0.213251 -0.686131
vn -0.767670 0.523129 -0.370160
vn -0.822071 0.568897 0.023561
vn -0.954949 0.283674 0.087191
vn -0.913346 0.270954 -0.303945
vn -0.822071 0.568897 0.023561
vn -0.762734 0.545924 0.346704
vn -0.878615 0.269669 0.394100
vn -0.954949 0.283674 0.087191
vn -0.762734 0.545924 0.346704
vn -0.609283 0.467860 0.640219
vn -0.704948 0.234008 0.669544
vn -0.878615 0.269669 0.394100
vn -0.609283 0.467860 0.640219
vn -0.347175 0.319342 0.881754
vn -0.416512 0.170017 0.893091
vn -0.704948 0.234008 0.669544
vn -0.347175 0.319342 0.881754
vn -0.109385 0.177993 0.977933
vn -0.154380 0.110568 0.981805
vn -0.416512 0.170017 0.893091
vn -0.109385 0.177993 0.977933
vn 0.080156 0.064928 0.994666
vn 0.058236 0.062461 0.996347
vn -0.154380 0.110568 0.981805
vn 0.080156 0.064928 0.994666
vn 0.281596 -0.058622 0.957741
vn 0.288161 0.007880 0.957550
vn 0.058236 0.062461 0.996347
vn 0.281596 -0.058622 0.957741
vn 0.518132 -0.211088 0.828843
vn 0.562053 -0.063565 0.824655
vn 0.288161 0.007880 0.957550
vn 0.518132 -0.211088 0.828843
vn 0.738907 -0.366630 0.565331
vn 0.822904 -0.139030 0.550908
vn 0.562053 -0.063565 0.824655
vn 0.738907 -0.366630 0.565331
vn 0.846163 -0.452428 0.281634
vn 0.950680 -0.181878 0.251254
vn 0.822904 -0.139030 0.550908
vn 0.846163 -0.452428 0.281634
vn 0.874084 -0.484069 0.040673
vn 0.980025 -0.198847 0.003319
vn 0.950680 -0.181878 0.251254
vn 0.874084 -0.484069 0.040673
vn 0.838207 -0.478295 -0.261999
vn 0.937573 -0.197930 -0.285974
vn 0.980025 -0.198847 0.003319
vn 0.937573 -0.197930 -0.285974
vn 0.751489 -0.157542 -0.640660
vn 0.706980 -0.132877 -0.694639
vn 0.937575 -0.148890 -0.314301
vn 0.751489 -0.157542 -0.640660
vn 0.442965 -0.082861 -0.892701
vn 0.352539 -0.087157 -0.931729
vn 0.706980 -0.132877 -0.694639
vn 0.442965 -0.082861 -0.892701
vn 0.193026 -0.020698 -0.980975
vn 0.094746 -0.042409 -0.994598
vn 0.352539 -0.087157 -0.931729
vn 0.193026 -0.020698 -0.980975
vn -0.014403 0.032820 -0.999358
vn -0.116679 0.001402 -0.993169
vn 0.094746 -0.042409 -0.994598
vn -0.014403 0.032820 -0.999358
vn -0.224437 0.087719 -0.970533
vn -0.318062 0.048104 -0.946849
vn -0.116679 0.001402 -0.993169
vn -0.224437 0.087719 -0.970533
vn -0.437359 0.143831 -0.887710
vn -0.516515 0.098552 -0.850588
vn -0.318062 0.048104 -0.946849
vn -0.437359 0.143831 -0.887710
vn -0.695521 0.213251 -0.686131
vn -0.749928 0.163789 -0.640922
vn -0.516515 0.098552 -0.850588
vn -0.695521 0.213251 -0.686131
vn -0.913346 0.270954 -0.303945
vn -0.932605 0.226366 -0.281079
vn -0.749928 0.163789 -0.640922
vn -0.913346 0.270954 -0.303945
vn -0.954949 0.283674 0.087191
vn -0.962809 0.255008 0.089277
vn -0.932605 0.226366 -0.281079
vn -0.954949 0.283674 0.087191
vn -0.878615 0.269669 0.394100
vn -0.883490 0.255427 0.392687
vn -0.962809 0.255008 0.089277
vn -0.878615 0.269669 0.394100
vn -0.704948 0.234008 0.669544
vn -0.709921 0.235881 0.663606
vn -0.883490 0.255427 0.392687
vn -0.704948 0.234008 0.669544
vn -0.416512 0.170017 0.893091
vn -0.415693 0.190275 0.889379
vn -0.709921 0.235881 0.663606
vn -0.416512 0.170017 0.893091
vn -0.154380 0.110568 0.981805
vn -0.134111 0.138229 0.981278
vn -0.415693 0.190275 0.889379
vn -0.154380 0.110568 0.981805
vn 0.058236 0.062461 0.996347
vn 0.089345 0.094217 0.991535
vn -0.134111 0.138229 0.981278
vn 0.058236 0.062461 0.996347
vn 0.288161 0.007880 0.957550
vn 0.323289 0.047712 0.945097
vn 0.089345 0.094217 0.991535
vn 0.288161 0.007880 0.957550
vn 0.562053 -0.063565 0.824655
vn 0.590965 -0.007968 0.806658
vn 0.323289 0.047712 0.945097
vn 0.562053 -0.063565 0.824655
vn 0.822904 -0.139030 0.550908
vn 0.843743 -0.072388 0.531843
vn 0.590965 -0.007968 0.806658
vn 0.822904 -0.139030 0.550908
vn 0.950680 -0.181878 0.251254
vn 0.964946 -0.118258 0.234294
vn 0.843743 -0.072388 0.531843
vn 0.950680 -0.181878 0.251254
vn 0.980025 -0.198847 0.003319
vn 0.989982 -0.140559 -0.013362
vn 0.964946 -0.118258 0.234294
vn 0.980025 -0.198847 0.003319
vn 0.937573 -0.197930 -0.285974
vn 0.937575 -0.148890 -0.314301
vn 0.989982 -0.140559 -0.013362
vn 0.937575 -0.148890 -0.314301
vn 0.706980 -0.132877 -0.694639
vn 0.637814 -0.291937 -0.712717
vn 0.859950 -0.410241 -0.303625
vn 0.706980 -0.132877 -0.694639
vn 0.352539 -0.087157 -0.931729
vn 0.299750 -0.119625 -0.946488
vn 0.637814 -0.291937 -0.712717
vn 0.352539 -0.087157 -0.931729
vn 0.094746 -0.042409 -0.994598
vn 0.068874 0.000103 -0.997625
vn 0.299750 -0.119625 -0.946488
vn 0.094746 -0.042409 -0.994598
vn -0.116679 0.001402 -0.993169
vn -0.115556 0.097110 -0.988543
vn 0.068874 0.000103 -0.997625
vn -0.116679 0.001402 -0.993169
vn -0.318062 0.048104 -0.946849
vn -0.286733 0.188738 -0.939235
vn -0.115556 0.097110 -0.988543
vn -0.318062 0.048104 -0.946849
vn -0.516515 0.098552 -0.850588
vn -0.453634 0.279393 -0.846260
vn -0.286733 0.188738 -0.939235
vn -0.516515 0.098552 -0.850588
vn -0.749928 0.163789 -0.640922
vn -0.652408 0.388664 -0.650618
vn -0.453634 0.279393 -0.846260
vn -0.749928 0.163789 -0.640922
vn -0.932605 0.226366 -0.281079
vn -0.820386 0.482847 -0.306310
vn -0.652408 0.388664 -0.650618
vn -0.932605 0.226366 -0.281079
vn -0.962809 0.255008 0.089277
vn -0.859872 0.506221 0.066040
vn -0.820386 0.482847 -0.306310
vn -0.962809 0.255008 0.089277
vn -0.883490 0.255427 0.392687
vn -0.796196 0.471919 0.378634
vn -0.859872 0.506221 0.066040
vn -0.883490 0.255427 0.392687
vn -0.709921 0.235881 0.663606
vn -0.643958 0.390282 0.658026
vn -0.796196 0.471919 0.378634
vn -0.709921 0.235881 0.663606
vn -0.415693 0.190275 0.889379
vn -0.377257 0.244741 0.893185
vn -0.643958 0.390282 0.658026
vn -0.415693 0.190275 0.889379
vn -0.134111 0.138229 0.981278
vn -0.120764 0.102052 0.987422
vn -0.377257 0.244741 0.893185
vn -0.134111 0.138229 0.981278
vn 0.089345 0.094217 0.991535
vn 0.081765 -0.008409 0.996616
vn -0.120764 0.102052 0.987422
vn 0.089345 0.094217 0.991535
vn 0.323289 0.047712 0.945097
vn 0.290765 -0.119901 0.949252
vn 0.081765 -0.008409 0.996616
vn 0.323289 0.047712 0.945097
vn 0.590965 -0.007968 0.806658
vn 0.530417 -0.244540 0.811701
vn 0.290765 -0.119901 0.949252
vn 0.590965 -0.007968 0.806658
vn 0.843743 -0.072388 0.531843
vn 0.758066 -0.364845 0.540577
vn 0.530417 -0.244540 0.811701
vn 0.843743 -0.072388 0.531843
vn 0.964946 -0.118258 0.234294
vn 0.869174 -0.426453 0.250349
vn 0.758066 -0.364845 0.540577
vn 0.964946 -0.118258 0.234294
vn 0.989982 -0.140559 -0.013362
vn 0.898303 -0.439291 0.008709
vn 0.869174 -0.426453 0.250349
vn 0.989982 -0.140559 -0.013362
vn 0.937575 -0.148890 -0.314301
vn 0.859950 -0.410241 -0.303625
vn 0.898303 -0.439291 0.008709
vn 0.859950 -0.410241 -0.303625
vn 0.637814 -0.291937 -0.712717
vn 0.544516 -0.446288 -0.710161
vn 0.703020 -0.650006 -0.288538
vn 0.637814 -0.291937 -0.712717
vn 0.299750 -0.119625 -0.946488
vn 0.276725 -0.154041 -0.948522
vn 0.544516 -0.446288 -0.710161
vn 0.299750 -0.119625 -0.946488
vn 0.068874 0.000103 -0.997625
vn 0.088774 0.040542 -0.995226
vn 0.276725 -0.154041 -0.948522
vn 0.068874 0.000103 -0.997625
vn -0.115556 0.097110 -0.988543
vn -0.058395 0.190615 -0.979927
vn 0.088774 0.040542 -0.995226
vn -0.115556 0.097110 -0.988543
vn -0.286733 0.188738 -0.939235
vn -0.195140 0.327675 -0.924418
vn -0.058395 0.190615 -0.979927
vn -0.286733 0.188738 -0.939235
vn -0.453634 0.279393 -0.846260
vn -0.327217 0.457925 -0.826580
vn -0.195140 0.327675 -0.924418
vn -0.453634 0.279393 -0.846260
vn -0.652408 0.388664 -0.650618
vn -0.486882 0.609718 -0.625452
vn -0.327217 0.457925 -0.826580
vn -0.652408 0.388664 -0.650618
vn -0.820386 0.482847 -0.306310
vn -0.627560 0.727472 -0.277404
vn -0.486882 0.609718 -0.625452
vn -0.820386 0.482847 -0.306310
vn -0.859872 0.506221 0.066040
vn -0.667106 0.739451 0.090455
vn -0.627560 0.727472 -0.277404
vn -0.859872 0.506221 0.066040
vn -0.796196 0.471919 0.378634
vn -0.624948 0.671631 0.397935
vn -0.667106 0.739451 0.090455
vn -0.796196 0.471919 0.378634
vn -0.643958 0.390282 0.658026
vn -0.509501 0.531317 0.676839
vn -0.624948 0.671631 0.397935
vn -0.643958 0.390282 0.658026
vn -0.377257 0.244741 0.893185
vn -0.299232 0.298952 0.906139
vn -0.509501 0.531317 0.676839
vn -0.377257 0.244741 0.893185
vn -0.120764 0.102052 0.987422
vn -0.096834 0.079913 0.992087
vn -0.299232 0.298952 0.906139
vn -0.120764 0.102052 0.987422
vn 0.081765 -0.008409 0.996616
vn 0.060135 -0.086785 0.994410
vn -0.096834 0.079913 0.992087
vn 0.081765 -0.008409 0.996616
vn 0.290765 -0.119901 0.949252
vn 0.219438 -0.250823 0.942834
vn 0.060135 -0.086785 0.994410
vn 0.290765 -0.119901 0.949252
vn 0.530417 -0.244540 0.811701
vn 0.403309 -0.431772 0.806793
vn 0.219438 -0.250823 0.942834
vn 0.530417 -0.244540 0.811701
vn 0.758066 -0.364845 0.540577
vn 0.585808 -0.602110 0.542488
vn 0.403309 -0.431772 0.806793
vn 0.758066 -0.364845 0.540577
vn 0.869174 -0.426453 0.250349
vn 0.683631 -0.683910 0.254785
vn 0.585808 -0.602110 0.542488
vn 0.869174 -0.426453 0.250349
vn 0.898303 -0.439291 0.008709
vn 0.716728 -0.697026 0.021351
vn 0.683631 -0.683910 0.254785
vn 0.898303 -0.439291 0.008709
vn 0.859950 -0.410241 -0.303625
vn 0.703020 -0.650006 -0.288538
vn 0.716728 -0.697026 0.021351
vn 0.703020 -0.650006 -0.288538
vn 0.544516 -0.446288 -0.710161
vn 0.808461 0.588541 -0.003067
vn 0.544516 -0.446288 -0.710161
vn 0.276725 -0.154041 -0.948522
vn 0.808461 0.588541 -0.003067
vn 0.276725 -0.154041 -0.948522
vn 0.088774 0.040542 -0.995226
vn 0.808461 0.588541 -0.003067
vn 0.088774 0.040542 -0.995226
vn -0.058395 0.190615 -0.979927
vn 0.808461 0.588541 -0.003067
vn -0.058395 0.190615 -0.979927
vn -0.195140 0.327675 -0.924418
vn 0.808461 0.588541 -0.003067
vn -0.195140 0.327675 -0.924418
vn -0.327217 0.457925 -0.826580
vn 0.808461 0.588541 -0.003067
vn -0.327217 0.457925 -0.826580
vn -0.486882 0.609718 -0.625452
vn 0.808461 0.588541 -0.003067
vn -0.486882 0.609718 -0.625452
vn -0.627560 0.727472 -0.277404
vn 0.808461 0.588541 -0.003067
vn -0.627560 0.727472 -0.277404
vn -0.667106 0.739451 0.090455
vn 0.808461 0.588541 -0.003067
vn -0.667106 0.739451 0.090455
vn -0.624948 0.671631 0.397935
vn 0.808461 0.588541 -0.003067
vn -0.624948 0.671631 0.397935
vn -0.509501 0.531317 0.676839
vn 0.808461 0.588541 -0.003067
vn -0.509501 0.531317 0.676839
vn -0.299232 0.298952 0.906139
vn 0.808461 0.588541 -0.003067
vn -0.299232 0.298952 0.906139
vn -0.096834 0.079913 0.992087
vn 0.808461 0.588541 -0.003067
vn -0.096834 0.079913 0.992087
vn 0.060135 -0.086785 0.994410
vn 0.808461 0.588541 -0.003067
vn 0.060135 -0.086785 0.994410
vn 0.219438 -0.250823 0.942834
vn 0.808461 0.588541 -0.003067
vn 0.219438 -0.250823 0.942834
vn 0.403309 -0.431772 0.806793
vn 0.808461 0.588541 -0.003067
vn 0.403309 -0.431772 0.806793
vn 0.585808 -0.602110 0.542488
vn 0.808461 0.588541 -0.003067
vn 0.585808 -0.602110 0.542488
vn 0.683631 -0.683910 0.254785
vn 0.808461 0.588541 -0.003067
vn 0.683631 -0.683910 0.254785
vn 0.716728 -0.697026 0.021351
vn 0.808461 0.588541 -0.003067
vn 0.716728 -0.697026 0.021351
vn 0.703020 -0.650006 -0.288538
vn 0.808461 0.588541 -0.003067
vn -0.284095 0.801922 -0.525558
vn -0.019641 0.764227 -0.644649
vn -0.066682 0.488132 -0.870219
vn -0.302071 0.535597 -0.788599
vn -0.302071 0.535597 -0.788599
vn -0.066682 0.488132 -0.870219
vn -0.092182 0.128620 -0.987400
vn -0.270880 0.171619 -0.947191
vn -0.270880 0.171619 -0.947191
vn -0.092182 0.128620 -0.987400
vn -0.104954 -0.146922 -0.983564
vn -0.215372 -0.109423 -0.970382
vn -0.215372 -0.109423 -0.970382
vn -0.104954 -0.146922 -0.983564
vn -0.110710 -0.367374 -0.923461
vn -0.157126 -0.321861 -0.933658
vn -0.157126 -0.321861 -0.933658
vn -0.110710 -0.367374 -0.923461
vn -0.119679 -0.585103 -0.802079
vn -0.092137 -0.529926 -0.843024
vn -0.092137 -0.529926 -0.843024
vn -0.119679 -0.585103 -0.802079
vn -0.130139 -0.781321 -0.610411
vn -0.026825 -0.714528 -0.699092
vn -0.026825 -0.714528 -0.699092
vn -0.130139 -0.781321 -0.610411
vn -0.132414 -0.952793 -0.273224
vn 0.050706 -0.894111 -0.444965
vn 0.050706 -0.894111 -0.444965
vn -0.132414 -0.952793 -0.273224
vn -0.115768 -0.974553 0.191947
vn 0.141402 -0.989640 -0.024864
vn 0.141402 -0.989640 -0.024864
vn -0.115768 -0.974553 0.191947
vn -0.076497 -0.845672 0.528192
vn 0.203124 -0.913822 0.351669
vn 0.203124 -0.913822 0.351669
vn -0.076497 -0.845672 0.528192
vn -0.025512 -0.674616 0.737728
vn 0.239381 -0.753350 0.612503
vn 0.239381 -0.753350 0.612503
vn -0.025512 -0.674616 0.737728
vn 0.040622 -0.432252 0.900838
vn 0.258187 -0.502915 0.824873
vn 0.258187 -0.502915 0.824873
vn 0.040622 -0.432252 0.900838
vn 0.120422 -0.088187 0.988798
vn 0.244606 -0.135365 0.960127
vn 0.244606 -0.135365 0.960127
vn 0.120422 -0.088187 0.988798
vn 0.171138 0.195324 0.965692
vn 0.212941 0.164596 0.963101
vn 0.212941 0.164596 0.963101
vn 0.171138 0.195324 0.965692
vn 0.199234 0.416763 0.886913
vn 0.174428 0.393497 0.902627
vn 0.174428 0.393497 0.902627
vn 0.199234 0.416763 0.886913
vn 0.209705 0.643973 0.735746
vn 0.112657 0.616801 0.779015
vn 0.112657 0.616801 0.779015
vn 0.209705 0.643973 0.735746
vn 0.188782 0.866685 0.461756
vn 0.008221 0.842252 0.539021
vn 0.008221 0.842252 0.539021
vn 0.188782 0.866685 0.461756
vn 0.128311 0.987803 0.088210
vn -0.112759 0.972303 0.204727
vn -0.112759 0.972303 0.204727
vn 0.128311 0.987803 0.088210
vn 0.072509 0.974213 -0.213661
vn -0.193120 0.978863 -0.067325
vn -0.193120 0.978863 -0.067325
vn 0.072509 0.974213 -0.213661
vn 0.029733 0.903952 -0.426599
vn -0.242814 0.928711 -0.280245
vn -0.242814 0.928711 -0.280245
vn 0.029733 0.903952 -0.426599
vn -0.019641 0.764227 -0.644649
vn -0.284095 0.801922 -0.525558
vn -0.019641 0.764227 -0.644649
vn 0.104385 0.709485 -0.696946
vn 0.019904 0.412185 -0.910883
vn -0.066682 0.488132 -0.870219
vn -0.066682 0.488132 -0.870219
vn 0.019904 0.412185 -0.910883
vn -0.071409 0.040494 -0.996625
vn -0.092182 0.128620 -0.987400
vn -0.092182 0.128620 -0.987400
vn -0.071409 0.040494 -0.996625
vn -0.127527 -0.231170 -0.964519
vn -0.104954 -0.146922 -0.983564
vn -0.104954 -0.146922 -0.983564
vn -0.127527 -0.231170 -0.964519
vn -0.166944 -0.451038 -0.876753
vn -0.110710 -0.367374 -0.923461
vn -0.110710 -0.367374 -0.923461
vn -0.166944 -0.451038 -0.876753
vn -0.198233 -0.652260 -0.731615
vn -0.119679 -0.585103 -0.802079
vn -0.119679 -0.585103 -0.802079
vn -0.198233 -0.652260 -0.731615
vn -0.217719 -0.822583 -0.525315
vn -0.130139 -0.781321 -0.610411
vn -0.130139 -0.781321 -0.610411
vn -0.217719 -0.822583 -0.525315
vn -0.218073 -0.958691 -0.182634
vn -0.132414 -0.952793 -0.273224
vn -0.132414 -0.952793 -0.273224
vn -0.218073 -0.958691 -0.182634
vn -0.173905 -0.956213 0.235402
vn -0.115768 -0.974553 0.191947
vn -0.115768 -0.974553 0.191947
vn -0.173905 -0.956213 0.235402
vn -0.110053 -0.829836 0.547048
vn -0.076497 -0.845672 0.528192
vn -0.076497 -0.845672 0.528192
vn -0.110053 -0.829836 0.547048
vn -0.046803 -0.657259 0.752210
vn -0.025512 -0.674616 0.737728
vn -0.025512 -0.674616 0.737728
vn -0.046803 -0.657259 0.752210
vn 0.028685 -0.422500 0.905909
vn 0.040622 -0.432252 0.900838
vn 0.040622 -0.432252 0.900838
vn 0.028685 -0.422500 0.905909
vn 0.120849 -0.087116 0.988841
vn 0.120422 -0.088187 0.988798
vn 0.120422 -0.088187 0.988798
vn 0.120849 -0.087116 0.988841
vn 0.189006 0.205957 0.960135
vn 0.171138 0.195324 0.965692
vn 0.171138 0.195324 0.965692
vn 0.189006 0.205957 0.960135
vn 0.229553 0.420195 0.877919
vn 0.199234 0.416763 0.886913
vn 0.199234 0.416763 0.886913
vn 0.229553 0.420195 0.877919
vn 0.260128 0.635608 0.726867
vn 0.209705 0.643973 0.735746
vn 0.209705 0.643973 0.735746
vn 0.260128 0.635608 0.726867
vn 0.273723 0.848797 0.452348
vn 0.188782 0.866685 0.461756
vn 0.188782 0.866685 0.461756
vn 0.273723 0.848797 0.452348
vn 0.250836 0.966110 0.060932
vn 0.128311 0.987803 0.088210
vn 0.128311 0.987803 0.088210
vn 0.250836 0.966110 0.060932
vn 0.204127 0.943378 -0.261476
vn 0.072509 0.974213 -0.213661
vn 0.072509 0.974213 -0.213661
vn 0.204127 0.943378 -0.261476
vn 0.159251 0.862647 -0.480083
vn 0.029733 0.903952 -0.426599
vn 0.029733 0.903952 -0.426599
vn 0.159251 0.862647 -0.480083
vn 0.104385 0.709485 -0.696946
vn -0.019641 0.764227 -0.644649
vn 0.104385 0.709485 -0.696946
vn -0.198048 0.775909 -0.598952
vn -0.262109 0.415749 -0.870891
vn 0.019904 0.412185 -0.910883
vn 0.019904 0.412185 -0.910883
vn -0.262109 0.415749 -0.870891
vn -0.271730 -0.012054 -0.962298
vn -0.071409 0.040494 -0.996625
vn -0.071409 0.040494 -0.996625
vn -0.271730 -0.012054 -0.962298
vn -0.245211 -0.281533 -0.927691
vn -0.127527 -0.231170 -0.964519
vn -0.127527 -0.231170 -0.964519
vn -0.245211 -0.281533 -0.927691
vn -0.201909 -0.483780 -0.851581
vn -0.166944 -0.451038 -0.876753
vn -0.166944 -0.451038 -0.876753
vn -0.201909 -0.483780 -0.851581
vn -0.145646 -0.656845 -0.739826
vn -0.198233 -0.652260 -0.731615
vn -0.198233 -0.652260 -0.731615
vn -0.145646 -0.656845 -0.739826
vn -0.074106 -0.806954 -0.585947
vn -0.217719 -0.822583 -0.525315
vn -0.217719 -0.822583 -0.525315
vn -0.074106 -0.806954 -0.585947
vn 0.035341 -0.946472 -0.320847
vn -0.218073 -0.958691 -0.182634
vn -0.218073 -0.958691 -0.182634
vn 0.035341 -0.946472 -0.320847
vn 0.169356 -0.984270 0.050318
vn -0.173905 -0.956213 0.235402
vn -0.173905 -0.956213 0.235402
vn 0.169356 -0.984270 0.050318
vn 0.274122 -0.883937 0.378829
vn -0.110053 -0.829836 0.547048
vn -0.110053 -0.829836 0.547048
vn 0.274122 -0.883937 0.378829
vn 0.338340 -0.707180 0.620825
vn -0.046803 -0.657259 0.752210
vn -0.046803 -0.657259 0.752210
vn 0.338340 -0.707180 0.620825
vn 0.377048 -0.452095 0.808359
vn 0.028685 -0.422500 0.905909
vn 0.028685 -0.422500 0.905909
vn 0.377048 -0.452095 0.808359
vn 0.380012 -0.092009 0.920394
vn 0.120849 -0.087116 0.988841
vn 0.120849 -0.087116 0.988841
vn 0.380012 -0.092009 0.920394
vn 0.342481 0.213468 0.914952
vn 0.189006 0.205957 0.960135
vn 0.189006 0.205957 0.960135
vn 0.342481 0.213468 0.914952
vn 0.296317 0.427365 0.854140
vn 0.229553 0.420195 0.877919
vn 0.229553 0.420195 0.877919
vn 0.296317 0.427365 0.854140
vn 0.239568 0.630049 0.738678
vn 0.260128 0.635608 0.726867
vn 0.260128 0.635608 0.726867
vn 0.239568 0.630049 0.738678
vn 0.160162 0.833672 0.528526
vn 0.273723 0.848797 0.452348
vn 0.273723 0.848797 0.452348
vn 0.160162 0.833672 0.528526
vn 0.045481 0.979141 0.198026
vn 0.250836 0.966110 0.060932
vn 0.250836 0.966110 0.060932
vn 0.045481 0.979141 0.198026
vn -0.057011 0.991874 -0.113735
vn 0.204127 0.943378 -0.261476
vn 0.204127 0.943378 -0.261476
vn -0.057011 0.991874 -0.113735
vn -0.127921 0.930123 -0.344250
vn 0.159251 0.862647 -0.480083
vn 0.159251 0.862647 -0.480083
vn -0.127921 0.930123 -0.344250
vn -0.198048 0.775909 -0.598952
vn 0.104385 0.709485 -0.696946
vn -0.198048 0.775909 -0.598952
vn -0.814409 0.533186 -0.229020
vn -0.742560 0.234106 -0.627534
vn -0.262109 0.415749 -0.870891
vn -0.262109 0.415749 -0.870891
vn -0.742560 0.234106 -0.627534
vn -0.507907 -0.105808 -0.854889
vn -0.271730 -0.012054 -0.962298
vn -0.271730 -0.012054 -0.962298
vn -0.507907 -0.105808 -0.854889
vn -0.314442 -0.297621 -0.901415
vn -0.245211 -0.281533 -0.927691
vn -0.245211 -0.281533 -0.927691
vn -0.314442 -0.297621 -0.901415
vn -0.143308 -0.436911 -0.888015
vn -0.201909 -0.483780 -0.851581
vn -0.201909 -0.483780 -0.851581
vn -0.143308 -0.436911 -0.888015
vn 0.022814 -0.549062 -0.835470
vn -0.145646 -0.656845 -0.739826
vn -0.145646 -0.656845 -0.739826
vn 0.022814 -0.549062 -0.835470
vn 0.194749 -0.640874 -0.742531
vn -0.074106 -0.806954 -0.585947
vn -0.074106 -0.806954 -0.585947
vn 0.194749 -0.640874 -0.742531
vn 0.419939 -0.714883 -0.559101
vn 0.035341 -0.946472 -0.320847
vn 0.035341 -0.946472 -0.320847
vn 0.419939 -0.714883 -0.559101
vn 0.648751 -0.710949 -0.271429
vn 0.169356 -0.984270 0.050318
vn 0.169356 -0.984270 0.050318
vn 0.648751 -0.710949 -0.271429
vn 0.786284 -0.617446 0.022737
vn 0.274122 -0.883937 0.378829
vn 0.274122 -0.883937 0.378829
vn 0.786284 -0.617446 0.022737
vn 0.835583 -0.476101 0.274097
vn 0.338340 -0.707180 0.620825
vn 0.338340 -0.707180 0.620825
vn 0.835583 -0.476101 0.274097
vn 0.814606 -0.283077 0.506246
vn 0.377048 -0.452095 0.808359
vn 0.377048 -0.452095 0.808359
vn 0.814606 -0.283077 0.506246
vn 0.685523 -0.001922 0.728048
vn 0.380012 -0.092009 0.920394
vn 0.380012 -0.092009 0.920394
vn 0.685523 -0.001922 0.728048
vn 0.485995 0.245316 0.838826
vn 0.342481 0.213468 0.914952
vn 0.342481 0.213468 0.914952
vn 0.485995 0.245316 0.838826
vn 0.297061 0.410258 0.862232
vn 0.296317 0.427365 0.854140
vn 0.296317 0.427365 0.854140
vn 0.297061 0.410258 0.862232
vn 0.086645 0.549156 0.831216
vn 0.239568 0.630049 0.738678
vn 0.239568 0.630049 0.738678
vn 0.086645 0.549156 0.831216
vn -0.172770 0.671153 0.720905
vn 0.160162 0.833672 0.528526
vn 0.160162 0.833672 0.528526
vn -0.172770 0.671153 0.720905
vn -0.464993 0.734138 0.494795
vn 0.045481 0.979141 0.198026
vn 0.045481 0.979141 0.198026
vn -0.464993 0.734138 0.494795
vn -0.661544 0.706349 0.251854
vn -0.057011 0.991874 -0.113735
vn -0.057011 0.991874 -0.113735
vn -0.661544 0.706349 0.251854
vn -0.759027 0.649047 0.051144
vn -0.127921 0.930123 -0.344250
vn -0.127921 0.930123 -0.344250
vn -0.759027 0.649047 0.051144
vn -0.814409 0.533186 -0.229020
vn -0.198048 0.775909 -0.598952
vn -0.814409 0.533186 -0.229020
vn -0.959580 0.279680 -0.031396
vn -0.900978 0.069381 -0.428281
vn -0.742560 0.234106 -0.627534
vn -0.742560 0.234106 -0.627534
vn -0.900978 0.069381 -0.428281
vn -0.632148 -0.167400 -0.756549
vn -0.507907 -0.105808 -0.854889
vn -0.507907 -0.105808 -0.854889
vn -0.632148 -0.167400 -0.756549
vn -0.378715 -0.297485 -0.876401
vn -0.314442 -0.297621 -0.901415
vn -0.314442 -0.297621 -0.901415
vn -0.378715 -0.297485 -0.876401
vn -0.158937 -0.376015 -0.912881
vn -0.143308 -0.436911 -0.888015
vn -0.143308 -0.436911 -0.888015
vn -0.158937 -0.376015 -0.912881
vn 0.057940 -0.428811 -0.901534
vn 0.022814 -0.549062 -0.835470
vn 0.022814 -0.549062 -0.835470
vn 0.057940 -0.428811 -0.901534
vn 0.272236 -0.457932 -0.846278
vn 0.194749 -0.640874 -0.742531
vn 0.194749 -0.640874 -0.742531
vn 0.272236 -0.457932 -0.846278
vn 0.535593 -0.458765 -0.708996
vn 0.419939 -0.714883 -0.559101
vn 0.419939 -0.714883 -0.559101
vn 0.535593 -0.458765 -0.708996
vn 0.800351 -0.399820 -0.446747
vn 0.648751 -0.710949 -0.271429
vn 0.648751 -0.710949 -0.271429
vn 0.800351 -0.399820 -0.446747
vn 0.942787 -0.295675 -0.154045
vn 0.786284 -0.617446 0.022737
vn 0.786284 -0.617446 0.022737
vn 0.942787 -0.295675 -0.154045
vn 0.978033 -0.178453 0.107735
vn 0.835583 -0.476101 0.274097
vn 0.835583 -0.476101 0.274097
vn 0.978033 -0.178453 0.107735
vn 0.924307 -0.032507 0.380263
vn 0.814606 -0.283077 0.506246
vn 0.814606 -0.283077 0.506246
vn 0.924307 -0.032507 0.380263
vn 0.725492 0.159657 0.669456
vn 0.685523 -0.001922 0.728048
vn 0.685523 -0.001922 0.728048
vn 0.725492 0.159657 0.669456
vn 0.465205 0.307579 0.830048
vn 0.485995 0.245316 0.838826
vn 0.485995 0.245316 0.838826
vn 0.465205 0.307579 0.830048
vn 0.229044 0.400095 0.887391
vn 0.297061 0.410258 0.862232
vn 0.297061 0.410258 0.862232
vn 0.229044 0.400095 0.887391
vn -0.025623 0.468486 0.883100
vn 0.086645 0.549156 0.831216
vn 0.086645 0.549156 0.831216
vn -0.025623 0.468486 0.883100
vn -0.324631 0.509324 0.796996
vn -0.172770 0.671153 0.720905
vn -0.172770 0.671153 0.720905
vn -0.324631 0.509324 0.796996
vn -0.626285 0.496872 0.600738
vn -0.464993 0.734138 0.494795
vn -0.464993 0.734138 0.494795
vn -0.626285 0.496872 0.600738
vn -0.808403 0.442573 0.388089
vn -0.661544 0.706349 0.251854
vn -0.661544 0.706349 0.251854
vn -0.808403 0.442573 0.388089
vn -0.899344 0.381928 0.212867
vn -0.759027 0.649047 0.051144
vn -0.759027 0.649047 0.051144
vn -0.899344 0.381928 0.212867
vn -0.959580 0.279680 -0.031396
vn -0.814409 0.533186 -0.229020
vn -0.548954 0.735577 -0.396958
vn 0.767718 0.498344 -0.402818
vn -0.553215 0.436614 -0.709451
vn -0.553215 0.436614 -0.709451
vn 0.767718 0.498344 -0.402818
vn -0.439715 0.044419 -0.897038
vn -0.439715 0.044419 -0.897038
vn 0.767718 0.498344 -0.402818
vn -0.311555 -0.226795 -0.922766
vn -0.311555 -0.226795 -0.922766
vn 0.767718 0.498344 -0.402818
vn -0.189130 -0.420781 -0.887228
vn -0.189130 -0.420781 -0.887228
vn 0.767718 0.498344 -0.402818
vn -0.058795 -0.585381 -0.808624
vn -0.058795 -0.585381 -0.808624
vn 0.767718 0.498344 -0.402818
vn 0.080173 -0.720375 -0.688936
vn 0.080173 -0.720375 -0.688936
vn 0.767718 0.498344 -0.402818
vn 0.264296 -0.838335 -0.476805
vn 0.264296 -0.838335 -0.476805
vn 0.767718 0.498344 -0.402818
vn 0.467147 -0.871950 -0.146547
vn 0.467147 -0.871950 -0.146547
vn 0.767718 0.498344 -0.402818
vn 0.599180 -0.781883 0.172171
vn 0.599180 -0.781883 0.172171
vn 0.767718 0.498344 -0.402818
vn 0.660380 -0.617741 0.426960
vn 0.660380 -0.617741 0.426960
vn 0.767718 0.498344 -0.402818
vn 0.662531 -0.365212 0.653967
vn 0.662531 -0.365212 0.653967
vn 0.767718 0.498344 -0.402818
vn 0.569883 -0.008442 0.821682
vn 0.569883 -0.008442 0.821682
vn 0.767718 0.498344 -0.402818
vn 0.431373 0.283322 0.856531
vn 0.431373 0.283322 0.856531
vn 0.767718 0.498344 -0.402818
vn 0.295414 0.494341 0.817532
vn 0.295414 0.494341 0.817532
vn 0.767718 0.498344 -0.402818
vn 0.137102 0.680493 0.719814
vn 0.137102 0.680493 0.719814
vn 0.767718 0.498344 -0.402818
vn -0.058423 0.839506 0.540200
vn -0.058423 0.839506 0.540200
vn 0.767718 0.498344 -0.402818
vn -0.262620 0.924277 0.277025
vn -0.262620 0.924277 0.277025
vn 0.767718 0.498344 -0.402818
vn -0.397506 0.917012 0.032823
vn -0.397506 0.917012 0.032823
vn 0.767718 0.498344 -0.402818
vn -0.479282 0.863265 -0.158308
vn -0.479282 0.863265 -0.158308
vn 0.767718 0.498344 -0.402818
vn -0.548954 0.735577 -0.396958
vn 0.725492 0.159657 0.669456
vn 0.655901 0.098843 0.748348
vn 0.434734 0.303059 0.848034
vn 0.465205 0.307579 0.830048
vn 0.229044 0.400095 0.887391
vn 0.465205 0.307579 0.830048
vn 0.434734 0.303059 0.848034
vn 0.234375 0.443397 0.865140
vn -0.025623 0.468486 0.883100
vn 0.229044 0.400095 0.887391
vn 0.234375 0.443397 0.865140
vn 0.012052 0.560988 0.827736
vn -0.324631 0.509324 0.796996
vn -0.025623 0.468486 0.883100
vn 0.012052 0.560988 0.827736
vn -0.258801 0.653977 0.710870
vn -0.626285 0.496872 0.600738
vn -0.324631 0.509324 0.796996
vn -0.258801 0.653977 0.710870
vn -0.535836 0.685979 0.492253
vn -0.808403 0.442573 0.388089
vn -0.626285 0.496872 0.600738
vn -0.535836 0.685979 0.492253
vn -0.708776 0.652360 0.268445
vn -0.899344 0.381928 0.212867
vn -0.808403 0.442573 0.388089
vn -0.708776 0.652360 0.268445
vn -0.803004 0.590211 0.082680
vn -0.959580 0.279680 -0.031396
vn -0.899344 0.381928 0.212867
vn -0.803004 0.590211 0.082680
vn -0.868411 0.467730 -0.164594
vn -0.900978 0.069381 -0.428281
vn -0.959580 0.279680 -0.031396
vn -0.868411 0.467730 -0.164594
vn -0.826800 0.209860 -0.521881
vn -0.632148 -0.167400 -0.756549
vn -0.900978 0.069381 -0.428281
vn -0.826800 0.209860 -0.521881
vn -0.607905 -0.101985 -0.787433
vn -0.378715 -0.297485 -0.876401
vn -0.632148 -0.167400 -0.756549
vn -0.607905 -0.101985 -0.787433
vn -0.393506 -0.294597 -0.870842
vn -0.158937 -0.376015 -0.912881
vn -0.378715 -0.297485 -0.876401
vn -0.393506 -0.294597 -0.870842
vn -0.208712 -0.420953 -0.882744
vn 0.057940 -0.428811 -0.901534
vn -0.158937 -0.376015 -0.912881
vn -0.208712 -0.420953 -0.882744
vn -0.019780 -0.521840 -0.852814
vn 0.272236 -0.457932 -0.846278
vn 0.057940 -0.428811 -0.901534
vn -0.019780 -0.521840 -0.852814
vn 0.173328 -0.598112 -0.782444
vn 0.535593 -0.458765 -0.708996
vn 0.272236 -0.457932 -0.846278
vn 0.173328 -0.598112 -0.782444
vn 0.420750 -0.653724 -0.628979
vn 0.800351 -0.399820 -0.446747
vn 0.535593 -0.458765 -0.708996
vn 0.420750 -0.653724 -0.628979
vn 0.693366 -0.635624 -0.339450
vn 0.942787 -0.295675 -0.154045
vn 0.800351 -0.399820 -0.446747
vn 0.693366 -0.635624 -0.339450
vn 0.850404 -0.525719 -0.020796
vn 0.978033 -0.178453 0.107735
vn 0.942787 -0.295675 -0.154045
vn 0.850404 -0.525719 -0.020796
vn 0.893306 -0.373094 0.250608
vn 0.924307 -0.032507 0.380263
vn 0.978033 -0.178453 0.107735
vn 0.893306 -0.373094 0.250608
vn 0.842087 -0.167801 0.512574
vn 0.725492 0.159657 0.669456
vn 0.924307 -0.032507 0.380263
vn 0.842087 -0.167801 0.512574
vn 0.655901 0.098843 0.748348
vn 0.234375 0.443397 0.865140
vn 0.434734 0.303059 0.848034
vn 0.431373 0.283322 0.856531
vn 0.295414 0.494341 0.817532
vn 0.012052 0.560988 0.827736
vn 0.234375 0.443397 0.865140
vn 0.295414 0.494341 0.817532
vn 0.137102 0.680493 0.719814
vn -0.258801 0.653977 0.710870
vn 0.012052 0.560988 0.827736
vn 0.137102 0.680493 0.719814
vn -0.058423 0.839506 0.540200
vn -0.535836 0.685979 0.492253
vn -0.258801 0.653977 0.710870
vn -0.058423 0.839506 0.540200
vn -0.262620 0.924277 0.277025
vn -0.708776 0.652360 0.268445
vn -0.535836 0.685979 0.492253
vn -0.262620 0.924277 0.277025
vn -0.397506 0.917012 0.032823
vn -0.803004 0.590211 0.082680
vn -0.708776 0.652360 0.268445
vn -0.397506 0.917012 0.032823
vn -0.479282 0.863265 -0.158308
vn -0.868411 0.467730 -0.164594
vn -0.803004 0.590211 0.082680
vn -0.479282 0.863265 -0.158308
vn -0.548954 0.735577 -0.396958
vn -0.826800 0.209860 -0.521881
vn -0.868411 0.467730 -0.164594
vn -0.548954 0.735577 -0.396958
vn -0.553215 0.436614 -0.709451
vn -0.607905 -0.101985 -0.787433
vn -0.826800 0.209860 -0.521881
vn -0.553215 0.436614 -0.709451
vn -0.439715 0.044419 -0.897038
vn -0.393506 -0.294597 -0.870842
vn -0.607905 -0.101985 -0.787433
vn -0.439715 0.044419 -0.897038
vn -0.311555 -0.226795 -0.922766
vn -0.208712 -0.420953 -0.882744
vn -0.393506 -0.294597 -0.870842
vn -0.311555 -0.226795 -0.922766
vn -0.189130 -0.420781 -0.887228
vn -0.019780 -0.521840 -0.852814
vn -0.208712 -0.420953 -0.882744
vn -0.189130 -0.420781 -0.887228
vn -0.058795 -0.585381 -0.808624
vn 0.173328 -0.598112 -0.782444
vn -0.019780 -0.521840 -0.852814
vn -0.058795 -0.585381 -0.808624
vn 0.080173 -0.720375 -0.688936
vn 0.420750 -0.653724 -0.628979
vn 0.173328 -0.598112 -0.782444
vn 0.080173 -0.720375 -0.688936
vn 0.264296 -0.838335 -0.476805
vn 0.693366 -0.635624 -0.339450
vn 0.420750 -0.653724 -0.628979
vn 0.264296 -0.838335 -0.476805
vn 0.467147 -0.871950 -0.146547
vn 0.850404 -0.525719 -0.020796
vn 0.693366 -0.635624 -0.339450
vn 0.467147 -0.871950 -0.146547
vn 0.599180 -0.781883 0.172171
vn 0.893306 -0.373094 0.250608
vn 0.850404 -0.525719 -0.020796
vn 0.599180 -0.781883 0.172171
vn 0.660380 -0.617741 0.426960
vn 0.842087 -0.167801 0.512574
vn 0.893306 -0.373094 0.250608
vn 0.660380 -0.617741 0.426960
vn 0.662531 -0.365212 0.653967
vn 0.655901 0.098843 0.748348
vn 0.842087 -0.167801 0.512574
vn 0.662531 -0.365212 0.653967
vn 0.569883 -0.008442 0.821682
vn 0.434734 0.303059 0.848034
vn 0.655901 0.098843 0.748348
vn 0.569883 -0.008442 0.821682
vn 0.431373 0.283322 0.856531
vn -0.364765 0.926367 -0.093762
vn -0.352351 0.931851 0.086616
vn -0.721744 0.691524 -0.029676
vn -0.698454 0.698303 -0.156639
vn -0.698454 0.698303 -0.156639
vn -0.721744 0.691524 -0.029676
vn -0.935781 0.325092 -0.136493
vn -0.911653 0.358724 -0.200512
vn -0.911653 0.358724 -0.200512
vn -0.935781 0.325092 -0.136493
vn -0.978459 0.062284 -0.196824
vn -0.971220 0.094904 -0.218462
vn -0.971220 0.094904 -0.218462
vn -0.978459 0.062284 -0.196824
vn -0.957909 -0.152175 -0.243419
vn -0.966509 -0.121654 -0.225965
vn -0.966509 -0.121654 -0.225965
vn -0.957909 -0.152175 -0.243419
vn -0.892559 -0.351704 -0.282210
vn -0.915907 -0.332261 -0.225204
vn -0.915907 -0.332261 -0.225204
vn -0.892559 -0.351704 -0.282210
vn -0.777853 -0.544424 -0.313922
vn -0.815586 -0.537579 -0.214075
vn -0.815586 -0.537579 -0.214075
vn -0.777853 -0.544424 -0.313922
vn -0.549225 -0.766036 -0.333977
vn -0.609631 -0.771805 -0.180741
vn -0.609631 -0.771805 -0.180741
vn -0.549225 -0.766036 -0.333977
vn -0.188776 -0.929942 -0.315549
vn -0.244776 -0.963434 -0.108995
vn -0.244776 -0.963434 -0.108995
vn -0.188776 -0.929942 -0.315549
vn 0.165668 -0.950784 -0.261847
vn 0.132564 -0.990830 -0.026133
vn 0.132564 -0.990830 -0.026133
vn 0.165668 -0.950784 -0.261847
vn 0.453032 -0.870675 -0.191540
vn 0.429916 -0.901856 0.042741
vn 0.429916 -0.901856 0.042741
vn 0.453032 -0.870675 -0.191540
vn 0.707472 -0.698873 -0.105168
vn 0.688436 -0.717974 0.102807
vn 0.688436 -0.717974 0.102807
vn 0.707472 -0.698873 -0.105168
vn 0.915080 -0.403259 0.003201
vn 0.901820 -0.403967 0.153399
vn 0.901820 -0.403967 0.153399
vn 0.915080 -0.403259 0.003201
vn 0.988807 -0.117786 0.091578
vn 0.978588 -0.111734 0.172860
vn 0.978588 -0.111734 0.172860
vn 0.988807 -0.117786 0.091578
vn 0.983576 0.101941 0.148953
vn 0.978039 0.118186 0.171674
vn 0.978039 0.118186 0.171674
vn 0.983576 0.101941 0.148953
vn 0.924068 0.330383 0.192212
vn 0.917078 0.367242 0.155246
vn 0.917078 0.367242 0.155246
vn 0.924068 0.330383 0.192212
vn 0.774854 0.593062 0.218811
vn 0.749683 0.651398 0.116858
vn 0.749683 0.651398 0.116858
vn 0.774854 0.593062 0.218811
vn 0.490531 0.843467 0.218960
vn 0.451228 0.890677 0.055572
vn 0.451228 0.890677 0.055572
vn 0.490531 0.843467 0.218960
vn 0.186256 0.963793 0.190820
vn 0.161574 0.986860 0.000694
vn 0.161574 0.986860 0.000694
vn 0.186256 0.963793 0.190820
vn -0.058711 0.986569 0.152429
vn -0.079807 0.995906 -0.042442
vn -0.079807 0.995906 -0.042442
vn -0.058711 0.986569 0.152429
vn -0.352351 0.931851 0.086616
vn -0.364765 0.926367 -0.093762
vn -0.352351 0.931851 0.086616
vn -0.381951 0.550830 0.742091
vn -0.780612 0.417732 0.464914
vn -0.721744 0.691524 -0.029676
vn -0.721744 0.691524 -0.029676
vn -0.780612 0.417732 0.464914
vn -0.976435 0.190735 0.100975
vn -0.935781 0.325092 -0.136493
vn -0.935781 0.325092 -0.136493
vn -0.976435 0.190735 0.100975
vn -0.991255 0.035396 -0.127123
vn -0.978459 0.062284 -0.196824
vn -0.978459 0.062284 -0.196824
vn -0.991255 0.035396 -0.127123
vn -0.948780 -0.093312 -0.301844
vn -0.957909 -0.152175 -0.243419
vn -0.957909 -0.152175 -0.243419
vn -0.948780 -0.093312 -0.301844
vn -0.867002 -0.210859 -0.451492
vn -0.892559 -0.351704 -0.282210
vn -0.892559 -0.351704 -0.282210
vn -0.867002 -0.210859 -0.451492
vn -0.742223 -0.323793 -0.586739
vn -0.777853 -0.544424 -0.313922
vn -0.777853 -0.544424 -0.313922
vn -0.742223 -0.323793 -0.586739
vn -0.512178 -0.450888 -0.731009
vn -0.549225 -0.766036 -0.333977
vn -0.549225 -0.766036 -0.333977
vn -0.512178 -0.450888 -0.731009
vn -0.168286 -0.542541 -0.823000
vn -0.188776 -0.929942 -0.315549
vn -0.188776 -0.929942 -0.315549
vn -0.168286 -0.542541 -0.823000
vn 0.169221 -0.556217 -0.813626
vn 0.165668 -0.950784 -0.261847
vn 0.165668 -0.950784 -0.261847
vn 0.169221 -0.556217 -0.813626
vn 0.446997 -0.513034 -0.732796
vn 0.453032 -0.870675 -0.191540
vn 0.453032 -0.870675 -0.191540
vn 0.446997 -0.513034 -0.732796
vn 0.694088 -0.417263 -0.586629
vn 0.707472 -0.698873 -0.105168
vn 0.707472 -0.698873 -0.105168
vn 0.694088 -0.417263 -0.586629
vn 0.912830 -0.239338 -0.330845
vn 0.915080 -0.403259 0.003201
vn 0.915080 -0.403259 0.003201
vn 0.912830 -0.239338 -0.330845
vn 0.996545 -0.055646 -0.061657
vn 0.988807 -0.117786 0.091578
vn 0.988807 -0.117786 0.091578
vn 0.996545 -0.055646 -0.061657
vn 0.985445 0.083112 0.148289
vn 0.983576 0.101941 0.148953
vn 0.983576 0.101941 0.148953
vn 0.985445 0.083112 0.148289
vn 0.910959 0.216314 0.351229
vn 0.924068 0.330383 0.192212
vn 0.924068 0.330383 0.192212
vn 0.910959 0.216314 0.351229
vn 0.742775 0.360660 0.564101
vn 0.774854 0.593062 0.218811
vn 0.774854 0.593062 0.218811
vn 0.742775 0.360660 0.564101
vn 0.444188 0.490320 0.749855
vn 0.490531 0.843467 0.218960
vn 0.490531 0.843467 0.218960
vn 0.444188 0.490320 0.749855
vn 0.144843 0.544852 0.825928
vn 0.186256 0.963793 0.190820
vn 0.186256 0.963793 0.190820
vn 0.144843 0.544852 0.825928
vn -0.085099 0.560087 0.824051
vn -0.058711 0.986569 0.152429
vn -0.058711 0.986569 0.152429
vn -0.085099 0.560087 0.824051
vn -0.381951 0.550830 0.742091
vn -0.352351 0.931851 0.086616
vn -0.381951 0.550830 0.742091
vn -0.356265 0.238283 0.903491
vn -0.731807 0.186897 0.655384
vn -0.780612 0.417732 0.464914
vn -0.780612 0.417732 0.464914
vn -0.731807 0.186897 0.655384
vn -0.966223 0.093575 0.240117
vn -0.976435 0.190735 0.100975
vn -0.976435 0.190735 0.100975
vn -0.966223 0.093575 0.240117
vn -0.997941 0.024294 -0.059354
vn -0.991255 0.035396 -0.127123
vn -0.991255 0.035396 -0.127123
vn -0.997941 0.024294 -0.059354
vn -0.957756 -0.028098 -0.286207
vn -0.948780 -0.093312 -0.301844
vn -0.948780 -0.093312 -0.301844
vn -0.957756 -0.028098 -0.286207
vn -0.870385 -0.073770 -0.486814
vn -0.867002 -0.210859 -0.451492
vn -0.867002 -0.210859 -0.451492
vn -0.870385 -0.073770 -0.486814
vn -0.739702 -0.113223 -0.663341
vn -0.742223 -0.323793 -0.586739
vn -0.742223 -0.323793 -0.586739
vn -0.739702 -0.113223 -0.663341
vn -0.509496 -0.154074 -0.846566
vn -0.512178 -0.450888 -0.731009
vn -0.512178 -0.450888 -0.731009
vn -0.509496 -0.154074 -0.846566
vn -0.154397 -0.184042 -0.970716
vn -0.168286 -0.542541 -0.823000
vn -0.168286 -0.542541 -0.823000
vn -0.154397 -0.184042 -0.970716
vn 0.187264 -0.187119 -0.964323
vn 0.169221 -0.556217 -0.813626
vn 0.169221 -0.556217 -0.813626
vn 0.187264 -0.187119 -0.964323
vn 0.460194 -0.170678 -0.871258
vn 0.446997 -0.513034 -0.732796
vn 0.446997 -0.513034 -0.732796
vn 0.460194 -0.170678 -0.871258
vn 0.712711 -0.134430 -0.688456
vn 0.694088 -0.417263 -0.586629
vn 0.694088 -0.417263 -0.586629
vn 0.712711 -0.134430 -0.688456
vn 0.930658 -0.066182 -0.359855
vn 0.912830 -0.239338 -0.330845
vn 0.912830 -0.239338 -0.330845
vn 0.930658 -0.066182 -0.359855
vn 0.999382 0.004844 -0.034832
vn 0.996545 -0.055646 -0.061657
vn 0.996545 -0.055646 -0.061657
vn 0.999382 0.004844 -0.034832
vn 0.974071 0.062175 0.217530
vn 0.985445 0.083112 0.148289
vn 0.985445 0.083112 0.148289
vn 0.974071 0.062175 0.217530
vn 0.881149 0.118514 0.457745
vn 0.910959 0.216314 0.351229
vn 0.910959 0.216314 0.351229
vn 0.881149 0.118514 0.457745
vn 0.691129 0.177026 0.700716
vn 0.742775 0.360660 0.564101
vn 0.742775 0.360660 0.564101
vn 0.691129 0.177026 0.700716
vn 0.390321 0.225316 0.892683
vn 0.444188 0.490320 0.749855
vn 0.444188 0.490320 0.749855
vn 0.390321 0.225316 0.892683
vn 0.114643 0.244710 0.962795
vn 0.144843 0.544852 0.825928
vn 0.144843 0.544852 0.825928
vn 0.114643 0.244710 0.962795
vn -0.091894 0.247948 0.964405
vn -0.085099 0.560087 0.824051
vn -0.085099 0.560087 0.824051
vn -0.091894 0.247948 0.964405
vn -0.356265 0.238283 0.903491
vn -0.381951 0.550830 0.742091
vn -0.346237 0.809257 0.474577
vn 0.146635 0.636491 -0.757217
vn -0.705059 0.642670 0.299778
vn -0.705059 0.642670 0.299778
vn 0.146635 0.636491 -0.757217
vn -0.935975 0.348361 0.050952
vn -0.935975 0.348361 0.050952
vn 0.146635 0.636491 -0.757217
vn -0.986126 0.109311 -0.124925
vn -0.986126 0.109311 -0.124925
vn 0.146635 0.636491 -0.757217
vn -0.963024 -0.080077 -0.257239
vn -0.963024 -0.080077 -0.257239
vn 0.146635 0.636491 -0.757217
vn -0.890900 -0.257348 -0.374257
vn -0.890900 -0.257348 -0.374257
vn 0.146635 0.636491 -0.757217
vn -0.771158 -0.421298 -0.477308
vn -0.771158 -0.421298 -0.477308
vn 0.146635 0.636491 -0.757217
vn -0.548395 -0.601024 -0.581405
vn -0.548395 -0.601024 -0.581405
vn 0.146635 0.636491 -0.757217
vn -0.191360 -0.743937 -0.640265
vn -0.191360 -0.743937 -0.640265
vn 0.146635 0.636491 -0.757217
vn 0.163684 -0.769841 -0.616889
vn 0.163684 -0.769841 -0.616889
vn 0.146635 0.636491 -0.757217
vn 0.456402 -0.706262 -0.541194
vn 0.456402 -0.706262 -0.541194
vn 0.146635 0.636491 -0.757217
vn 0.727657 -0.552281 -0.406818
vn 0.727657 -0.552281 -0.406818
vn 0.146635 0.636491 -0.757217
vn 0.939884 -0.283061 -0.191037
vn 0.939884 -0.283061 -0.191037
vn 0.146635 0.636491 -0.757217
vn 0.999591 -0.028555 0.001497
vn 0.999591 -0.028555 0.001497
vn 0.146635 0.636491 -0.757217
vn 0.972975 0.177452 0.147748
vn 0.972975 0.177452 0.147748
vn 0.146635 0.636491 -0.757217
vn 0.879249 0.380659 0.286390
vn 0.879249 0.380659 0.286390
vn 0.146635 0.636491 -0.757217
vn 0.691659 0.586598 0.421321
vn 0.691659 0.586598 0.421321
vn 0.146635 0.636491 -0.757217
vn 0.406614 0.753092 0.517221
vn 0.406614 0.753092 0.517221
vn 0.146635 0.636491 -0.757217
vn 0.139255 0.829316 0.541150
vn 0.139255 0.829316 0.541150
vn 0.146635 0.636491 -0.757217
vn -0.074555 0.844995 0.529551
vn -0.074555 0.844995 0.529551
vn 0.146635 0.636491 -0.757217
vn -0.346237 0.809257 0.474577
vn 0.930658 -0.066182 -0.359855
vn 0.948379 -0.153668 -0.277423
vn 0.999975 -0.006936 -0.001196
vn 0.999382 0.004844 -0.034832
vn 0.974071 0.062175 0.217530
vn 0.999382 0.004844 -0.034832
vn 0.999975 -0.006936 -0.001196
vn 0.970976 0.110734 0.212000
vn 0.881149 0.118514 0.457745
vn 0.974071 0.062175 0.217530
vn 0.970976 0.110734 0.212000
vn 0.879307 0.225980 0.419228
vn 0.691129 0.177026 0.700716
vn 0.881149 0.118514 0.457745
vn 0.879307 0.225980 0.419228
vn 0.691620 0.345224 0.634415
vn 0.390321 0.225316 0.892683
vn 0.691129 0.177026 0.700716
vn 0.691620 0.345224 0.634415
vn 0.396317 0.443851 0.803697
vn 0.114643 0.244710 0.962795
vn 0.390321 0.225316 0.892683
vn 0.396317 0.443851 0.803697
vn 0.121570 0.486838 0.864991
vn -0.091894 0.247948 0.964405
vn 0.114643 0.244710 0.962795
vn 0.121570 0.486838 0.864991
vn -0.095706 0.492372 0.865107
vn -0.356265 0.238283 0.903491
vn -0.091894 0.247948 0.964405
vn -0.095706 0.492372 0.865107
vn -0.371203 0.464729 0.803888
vn -0.731807 0.186897 0.655384
vn -0.356265 0.238283 0.903491
vn -0.371203 0.464729 0.803888
vn -0.735331 0.354127 0.577826
vn -0.966223 0.093575 0.240117
vn -0.731807 0.186897 0.655384
vn -0.735331 0.354127 0.577826
vn -0.961553 0.166557 0.218345
vn -0.997941 0.024294 -0.059354
vn -0.966223 0.093575 0.240117
vn -0.961553 0.166557 0.218345
vn -0.998762 0.024489 -0.043308
vn -0.957756 -0.028098 -0.286207
vn -0.997941 0.024294 -0.059354
vn -0.998762 0.024489 -0.043308
vn -0.967785 -0.082563 -0.237856
vn -0.870385 -0.073770 -0.486814
vn -0.957756 -0.028098 -0.286207
vn -0.967785 -0.082563 -0.237856
vn -0.891701 -0.180769 -0.414961
vn -0.739702 -0.113223 -0.663341
vn -0.870385 -0.073770 -0.486814
vn -0.891701 -0.180769 -0.414961
vn -0.771983 -0.270404 -0.575260
vn -0.509496 -0.154074 -0.846566
vn -0.739702 -0.113223 -0.663341
vn -0.771983 -0.270404 -0.575260
vn -0.552036 -0.368683 -0.747883
vn -0.154397 -0.184042 -0.970716
vn -0.509496 -0.154074 -0.846566
vn -0.552036 -0.368683 -0.747883
vn -0.183097 -0.446263 -0.875971
vn 0.187264 -0.187119 -0.964323
vn -0.154397 -0.184042 -0.970716
vn -0.183097 -0.446263 -0.875971
vn 0.188673 -0.452760 -0.871442
vn 0.460194 -0.170678 -0.871258
vn 0.187264 -0.187119 -0.964323
vn 0.188673 -0.452760 -0.871442
vn 0.484017 -0.406557 -0.774880
vn 0.712711 -0.134430 -0.688456
vn 0.460194 -0.170678 -0.871258
vn 0.484017 -0.406557 -0.774880
vn 0.747089 -0.311038 -0.587464
vn 0.930658 -0.066182 -0.359855
vn 0.712711 -0.134430 -0.688456
vn 0.747089 -0.311038 -0.587464
vn 0.948379 -0.153668 -0.277423
vn 0.970976 0.110734 0.212000
vn 0.999975 -0.006936 -0.001196
vn 0.999591 -0.028555 0.001497
vn 0.972975 0.177452 0.147748
vn 0.879307 0.225980 0.419228
vn 0.970976 0.110734 0.212000
vn 0.972975 0.177452 0.147748
vn 0.879249 0.380659 0.286390
vn 0.691620 0.345224 0.634415
vn 0.879307 0.225980 0.419228
vn 0.879249 0.380659 0.286390
vn 0.691659 0.586598 0.421321
vn 0.396317 0.443851 0.803697
vn 0.691620 0.345224 0.634415
vn 0.691659 0.586598 0.421321
vn 0.406614 0.753092 0.517221
vn 0.121570 0.486838 0.864991
vn 0.396317 0.443851 0.803697
vn 0.406614 0.753092 0.517221
vn 0.139255 0.829316 0.541150
vn -0.095706 0.492372 0.865107
vn 0.121570 0.486838 0.864991
vn 0.139255 0.829316 0.541150
vn -0.074555 0.844995 0.529551
vn -0.371203 0.464729 0.803888
vn -0.095706 0.492372 0.865107
vn -0.074555 0.844995 0.529551
vn -0.346237 0.809257 0.474577
vn -0.735331 0.354127 0.577826
vn -0.371203 0.464729 0.803888
vn -0.346237 0.809257 0.474577
vn -0.705059 0.642670 0.299778
vn -0.961553 0.166557 0.218345
vn -0.735331 0.354127 0.577826
vn -0.705059 0.642670 0.299778
vn -0.935975 0.348361 0.050952
vn -0.998762 0.024489 -0.043308
vn -0.961553 0.166557 0.218345
vn -0.935975 0.348361 0.050952
vn -0.986126 0.109311 -0.124925
vn -0.967785 -0.082563 -0.237856
vn -0.998762 0.024489 -0.043308
vn -0.986126 0.109311 -0.124925
vn -0.963024 -0.080077 -0.257239
vn -0.891701 -0.180769 -0.414961
vn -0.967785 -0.082563 -0.237856
vn -0.963024 -0.080077 -0.257239
vn -0.890900 -0.257348 -0.374257
vn -0.771983 -0.270404 -0.575260
vn -0.891701 -0.180769 -0.414961
vn -0.890900 -0.257348 -0.374257
vn -0.771158 -0.421298 -0.477308
vn -0.552036 -0.368683 -0.747883
vn -0.771983 -0.270404 -0.575260
vn -0.771158 -0.421298 -0.477308
vn -0.548395 -0.601024 -0.581405
vn -0.183097 -0.446263 -0.875971
vn -0.552036 -0.368683 -0.747883
vn -0.548395 -0.601024 -0.581405
vn -0.191360 -0.743937 -0.640265
vn 0.188673 -0.452760 -0.871442
vn -0.183097 -0.446263 -0.875971
vn -0.191360 -0.743937 -0.640265
vn 0.163684 -0.769841 -0.616889
vn 0.484017 -0.406557 -0.774880
vn 0.188673 -0.452760 -0.871442
vn 0.163684 -0.769841 -0.616889
vn 0.456402 -0.706262 -0.541194
vn 0.747089 -0.311038 -0.587464
vn 0.484017 -0.406557 -0.774880
vn 0.456402 -0.706262 -0.541194
vn 0.727657 -0.552281 -0.406818
vn 0.948379 -0.153668 -0.277423
vn 0.747089 -0.311038 -0.587464
vn 0.727657 -0.552281 -0.406818
vn 0.939884 -0.283061 -0.191037
vn 0.999975 -0.006936 -0.001196
vn 0.948379 -0.153668 -0.277423
vn 0.939884 -0.283061 -0.191037
vn 0.999591 -0.028555 0.001497
vn 0.177108 -0.031413 0.983690
vn 0.062864 -0.262584 0.962859
vn -0.043393 -0.125433 0.991153
vn 0.171397 0.067029 0.982919
vn 0.294552 0.219563 0.930071
vn 0.177108 -0.031413 0.983690
vn 0.171397 0.067029 0.982919
vn 0.367242 0.245968 0.897013
vn 0.403833 0.472396 0.783429
vn 0.294552 0.219563 0.930071
vn 0.367242 0.245968 0.897013
vn 0.539126 0.400022 0.741165
vn 0.488453 0.691122 0.532696
vn 0.403833 0.472396 0.783429
vn 0.539126 0.400022 0.741165
vn 0.679544 0.517486 0.520027
vn 0.531287 0.824787 0.193545
vn 0.488453 0.691122 0.532696
vn 0.679544 0.517486 0.520027
vn 0.533983 0.837774 0.114005
vn 0.523845 0.832615 -0.179831
vn 0.531287 0.824787 0.193545
vn 0.533983 0.837774 0.114005
vn 0.518325 0.821800 -0.236612
vn 0.474922 0.720214 -0.505708
vn 0.523845 0.832615 -0.179831
vn 0.518325 0.821800 -0.236612
vn 0.469246 0.705983 -0.530468
vn 0.397638 0.519438 -0.756352
vn 0.474922 0.720214 -0.505708
vn 0.469246 0.705983 -0.530468
vn 0.397009 0.517793 -0.757809
vn 0.296806 0.260103 -0.918832
vn 0.397638 0.519438 -0.756352
vn 0.397009 0.517793 -0.757809
vn 0.304074 0.278349 -0.911077
vn 0.181246 -0.021953 -0.983193
vn 0.296806 0.260103 -0.918832
vn 0.304074 0.278349 -0.911077
vn 0.254946 0.028117 -0.966546
vn 0.058312 -0.301044 -0.951826
vn 0.181246 -0.021953 -0.983193
vn 0.254946 0.028117 -0.966546
vn 0.028198 -0.160432 -0.986644
vn -0.064798 -0.560484 -0.825627
vn 0.058312 -0.301044 -0.951826
vn 0.028198 -0.160432 -0.986644
vn -0.192114 -0.336175 -0.921997
vn -0.173347 -0.773701 -0.609375
vn -0.064798 -0.560484 -0.825627
vn -0.192114 -0.336175 -0.921997
vn -0.399718 -0.494334 -0.771919
vn -0.250398 -0.912595 -0.323220
vn -0.173347 -0.773701 -0.609375
vn -0.399718 -0.494334 -0.771919
vn -0.235554 -0.887738 -0.395520
vn -0.284550 -0.958566 -0.013554
vn -0.250398 -0.912595 -0.323220
vn -0.235554 -0.887738 -0.395520
vn -0.280804 -0.956397 -0.080331
vn -0.271318 -0.913697 0.302562
vn -0.284550 -0.958566 -0.013554
vn -0.280804 -0.956397 -0.080331
vn -0.276929 -0.927471 0.251213
vn -0.217273 -0.799681 0.559735
vn -0.271318 -0.913697 0.302562
vn -0.276929 -0.927471 0.251213
vn -0.224699 -0.814350 0.535112
vn -0.137651 -0.646445 0.750441
vn -0.217273 -0.799681 0.559735
vn -0.224699 -0.814350 0.535112
vn -0.141185 -0.653066 0.744024
vn -0.042269 -0.465911 0.883821
vn -0.137651 -0.646445 0.750441
vn -0.141185 -0.653066 0.744024
vn -0.038872 -0.459509 0.887322
vn 0.062864 -0.262584 0.962859
vn -0.042269 -0.465911 0.883821
vn -0.038872 -0.459509 0.887322
vn -0.043393 -0.125433 0.991153
vn -0.907069 -0.265728 -0.326520
vn -0.780015 -0.256348 -0.570844
vn -0.699678 -0.444733 -0.559163
vn -0.829910 -0.476506 -0.290158
vn -0.780015 -0.256348 -0.570844
vn -0.399718 -0.494334 -0.771919
vn -0.512743 -0.376677 -0.771498
vn -0.699678 -0.444733 -0.559163
vn -0.399718 -0.494334 -0.771919
vn -0.192114 -0.336175 -0.921997
vn -0.287832 -0.276964 -0.916757
vn -0.512743 -0.376677 -0.771498
vn -0.192114 -0.336175 -0.921997
vn 0.028198 -0.160432 -0.986644
vn -0.041871 -0.152980 -0.987342
vn -0.287832 -0.276964 -0.916757
vn 0.028198 -0.160432 -0.986644
vn 0.254946 0.028117 -0.966546
vn 0.216359 -0.007817 -0.976283
vn -0.041871 -0.152980 -0.987342
vn 0.254946 0.028117 -0.966546
vn 0.592560 0.164815 -0.788485
vn 0.473230 0.152307 -0.867673
vn 0.216359 -0.007817 -0.976283
vn 0.592560 0.164815 -0.788485
vn 0.798198 0.271179 -0.537905
vn 0.689041 0.304029 -0.657867
vn 0.473230 0.152307 -0.867673
vn 0.798198 0.271179 -0.537905
vn 0.905818 0.341976 -0.250090
vn 0.827922 0.422276 -0.369091
vn 0.689041 0.304029 -0.657867
vn 0.905818 0.341976 -0.250090
vn 0.926483 0.374599 0.036114
vn 0.871180 0.488992 -0.043965
vn 0.827922 0.422276 -0.369091
vn 0.926483 0.374599 0.036114
vn 0.875599 0.373164 0.306717
vn 0.818226 0.500633 0.282617
vn 0.871180 0.488992 -0.043965
vn 0.875599 0.373164 0.306717
vn 0.679544 0.517486 0.520027
vn 0.687828 0.461394 0.560364
vn 0.818226 0.500633 0.282617
vn 0.679544 0.517486 0.520027
vn 0.539126 0.400022 0.741165
vn 0.501550 0.383965 0.775254
vn 0.687828 0.461394 0.560364
vn 0.539126 0.400022 0.741165
vn 0.367242 0.245968 0.897013
vn 0.272363 0.276934 0.921480
vn 0.501550 0.383965 0.775254
vn 0.367242 0.245968 0.897013
vn 0.171397 0.067029 0.982919
vn 0.006142 0.143753 0.989594
vn 0.272363 0.276934 0.921480
vn 0.171397 0.067029 0.982919
vn -0.043393 -0.125433 0.991153
vn -0.276844 -0.007881 0.960883
vn 0.006142 0.143753 0.989594
vn -0.043393 -0.125433 0.991153
vn -0.516606 -0.088469 0.851641
vn -0.526850 -0.155064 0.835694
vn -0.276844 -0.007881 0.960883
vn -0.516606 -0.088469 0.851641
vn -0.774754 -0.172882 0.608168
vn -0.727705 -0.289531 0.621785
vn -0.526850 -0.155064 0.835694
vn -0.774754 -0.172882 0.608168
vn -0.927245 -0.230075 0.295435
vn -0.850727 -0.395948 0.345673
vn -0.727705 -0.289531 0.621785
vn -0.927245 -0.230075 0.295435
vn -0.965540 -0.258956 -0.025978
vn -0.886190 -0.462323 0.030397
vn -0.850727 -0.395948 0.345673
vn -0.965540 -0.258956 -0.025978
vn -0.907069 -0.265728 -0.326520
vn -0.829910 -0.476506 -0.290158
vn -0.886190 -0.462323 0.030397
vn -0.829910 -0.476506 -0.290158
vn -0.699678 -0.444733 -0.559163
vn -0.435587 -0.767955 -0.469584
vn -0.581340 -0.791237 -0.189704
vn -0.699678 -0.444733 -0.559163
vn -0.512743 -0.376677 -0.771498
vn -0.257431 -0.675772 -0.690696
vn -0.435587 -0.767955 -0.469584
vn -0.512743 -0.376677 -0.771498
vn -0.287832 -0.276964 -0.916757
vn -0.064328 -0.531374 -0.844692
vn -0.257431 -0.675772 -0.690696
vn -0.287832 -0.276964 -0.916757
vn -0.041871 -0.152980 -0.987342
vn 0.129550 -0.350832 -0.927434
vn -0.064328 -0.531374 -0.844692
vn -0.041871 -0.152980 -0.987342
vn 0.216359 -0.007817 -0.976283
vn 0.319286 -0.142100 -0.936944
vn 0.129550 -0.350832 -0.927434
vn 0.216359 -0.007817 -0.976283
vn 0.473230 0.152307 -0.867673
vn 0.497373 0.089833 -0.862873
vn 0.319286 -0.142100 -0.936944
vn 0.473230 0.152307 -0.867673
vn 0.689041 0.304029 -0.657867
vn 0.639726 0.321397 -0.698179
vn 0.497373 0.089833 -0.862873
vn 0.689041 0.304029 -0.657867
vn 0.827922 0.422276 -0.369091
vn 0.722805 0.523872 -0.450678
vn 0.639726 0.321397 -0.698179
vn 0.827922 0.422276 -0.369091
vn 0.871180 0.488992 -0.043965
vn 0.728865 0.669098 -0.145131
vn 0.722805 0.523872 -0.450678
vn 0.871180 0.488992 -0.043965
vn 0.818226 0.500633 0.282617
vn 0.649452 0.736696 0.188390
vn 0.728865 0.669098 -0.145131
vn 0.818226 0.500633 0.282617
vn 0.687828 0.461394 0.560364
vn 0.501413 0.716354 0.485204
vn 0.649452 0.736696 0.188390
vn 0.687828 0.461394 0.560364
vn 0.501550 0.383965 0.775254
vn 0.313708 0.625776 0.714138
vn 0.501413 0.716354 0.485204
vn 0.501550 0.383965 0.775254
vn 0.272363 0.276934 0.921480
vn 0.107317 0.482810 0.869125
vn 0.313708 0.625776 0.714138
vn 0.272363 0.276934 0.921480
vn 0.006142 0.143753 0.989594
vn -0.108081 0.294743 0.949445
vn 0.107317 0.482810 0.869125
vn 0.006142 0.143753 0.989594
vn -0.276844 -0.007881 0.960883
vn -0.318095 0.069914 0.945477
vn -0.108081 0.294743 0.949445
vn -0.276844 -0.007881 0.960883
vn -0.526850 -0.155064 0.835694
vn -0.491798 -0.160125 0.855859
vn -0.318095 0.069914 0.945477
vn -0.526850 -0.155064 0.835694
vn -0.727705 -0.289531 0.621785
vn -0.621659 -0.390203 0.679178
vn -0.491798 -0.160125 0.855859
vn -0.727705 -0.289531 0.621785
vn -0.850727 -0.395948 0.345673
vn -0.685898 -0.586245 0.431115
vn -0.621659 -0.390203 0.679178
vn -0.850727 -0.395948 0.345673
vn -0.886190 -0.462323 0.030397
vn -0.672286 -0.729152 0.127938
vn -0.685898 -0.586245 0.431115
vn -0.886190 -0.462323 0.030397
vn -0.829910 -0.476506 -0.290158
vn -0.581340 -0.791237 -0.189704
vn -0.672286 -0.729152 0.127938
vn -0.581340 -0.791237 -0.189704
vn -0.435587 -0.767955 -0.469584
vn 0.023363 -0.961921 -0.272327
vn -0.099535 -0.994987 -0.009700
vn -0.435587 -0.767955 -0.469584
vn -0.257431 -0.675772 -0.690696
vn 0.139256 -0.858690 -0.493213
vn 0.023363 -0.961921 -0.272327
vn -0.257431 -0.675772 -0.690696
vn -0.064328 -0.531374 -0.844692
vn 0.244338 -0.700173 -0.670863
vn 0.139256 -0.858690 -0.493213
vn -0.064328 -0.531374 -0.844692
vn 0.129550 -0.350832 -0.927434
vn 0.334106 -0.493589 -0.802959
vn 0.244338 -0.700173 -0.670863
vn 0.129550 -0.350832 -0.927434
vn 0.319286 -0.142100 -0.936944
vn 0.403335 -0.236530 -0.883954
vn 0.334106 -0.493589 -0.802959
vn 0.319286 -0.142100 -0.936944
vn 0.497373 0.089833 -0.862873
vn 0.439044 0.079382 -0.894952
vn 0.403335 -0.236530 -0.883954
vn 0.497373 0.089833 -0.862873
vn 0.639726 0.321397 -0.698179
vn 0.662793 0.324816 -0.674685
vn 0.439044 0.079382 -0.894952
vn 0.639726 0.321397 -0.698179
vn 0.722805 0.523872 -0.450678
vn 0.672203 0.593081 -0.443168
vn 0.662793 0.324816 -0.674685
vn 0.722805 0.523872 -0.450678
vn 0.728865 0.669098 -0.145131
vn 0.605059 0.780223 -0.158603
vn 0.672203 0.593081 -0.443168
vn 0.728865 0.669098 -0.145131
vn 0.649452 0.736696 0.188390
vn 0.473497 0.869114 0.142978
vn 0.605059 0.780223 -0.158603
vn 0.649452 0.736696 0.188390
vn 0.501413 0.716354 0.485204
vn 0.309923 0.859365 0.406743
vn 0.473497 0.869114 0.142978
vn 0.501413 0.716354 0.485204
vn 0.313708 0.625776 0.714138
vn -0.194711 0.819183 0.539469
vn 0.309923 0.859365 0.406743
vn 0.313708 0.625776 0.714138
vn 0.107317 0.482810 0.869125
vn -0.276215 0.643557 0.713820
vn -0.194711 0.819183 0.539469
vn 0.107317 0.482810 0.869125
vn -0.108081 0.294743 0.949445
vn -0.341681 0.416656 0.842408
vn -0.276215 0.643557 0.713820
vn -0.108081 0.294743 0.949445
vn -0.318095 0.069914 0.945477
vn -0.387899 0.134691 0.911808
vn -0.341681 0.416656 0.842408
vn -0.318095 0.069914 0.945477
vn -0.491798 -0.160125 0.855859
vn -0.405862 -0.170645 0.897862
vn -0.387899 0.134691 0.911808
vn -0.491798 -0.160125 0.855859
vn -0.621659 -0.390203 0.679178
vn -0.386898 -0.488737 0.781950
vn -0.405862 -0.170645 0.897862
vn -0.621659 -0.390203 0.679178
vn -0.685898 -0.586245 0.431115
vn -0.327751 -0.755374 0.567441
vn -0.386898 -0.488737 0.781950
vn -0.685898 -0.586245 0.431115
vn -0.672286 -0.729152 0.127938
vn -0.520117 -0.822139 0.231444
vn -0.327751 -0.755374 0.567441
vn -0.672286 -0.729152 0.127938
vn -0.581340 -0.791237 -0.189704
vn -0.099535 -0.994987 -0.009700
vn -0.520117 -0.822139 0.231444
vn -0.099535 -0.994987 -0.009700
vn 0.023363 -0.961921 -0.272327
vn 0.030408 -0.953797 -0.298909
vn -0.087815 -0.996113 -0.006898
vn 0.023363 -0.961921 -0.272327
vn 0.139256 -0.858690 -0.493213
vn 0.144176 -0.825494 -0.545686
vn 0.030408 -0.953797 -0.298909
vn 0.139256 -0.858690 -0.493213
vn 0.244338 -0.700173 -0.670863
vn 0.245126 -0.630204 -0.736720
vn 0.144176 -0.825494 -0.545686
vn 0.244338 -0.700173 -0.670863
vn 0.334106 -0.493589 -0.802959
vn 0.325018 -0.385172 -0.863717
vn 0.245126 -0.630204 -0.736720
vn 0.334106 -0.493589 -0.802959
vn 0.403335 -0.236530 -0.883954
vn 0.379212 -0.094036 -0.920519
vn 0.325018 -0.385172 -0.863717
vn 0.403335 -0.236530 -0.883954
vn 0.439044 0.079382 -0.894952
vn 0.395951 0.227647 -0.889607
vn 0.379212 -0.094036 -0.920519
vn 0.439044 0.079382 -0.894952
vn 0.213577 0.474195 -0.854122
vn 0.177665 0.554174 -0.813220
vn 0.395951 0.227647 -0.889607
vn 0.213577 0.474195 -0.854122
vn 0.059334 0.759291 -0.648041
vn 0.022067 0.808331 -0.588314
vn 0.177665 0.554174 -0.813220
vn 0.059334 0.759291 -0.648041
vn -0.101106 0.925733 -0.364412
vn -0.129056 0.942631 -0.307882
vn 0.022067 0.808331 -0.588314
vn -0.101106 0.925733 -0.364412
vn -0.240632 0.969107 -0.054116
vn -0.254901 0.966804 -0.017761
vn -0.129056 0.942631 -0.307882
vn -0.240632 0.969107 -0.054116
vn -0.337954 0.914209 0.223627
vn -0.342145 0.909093 0.237668
vn -0.254901 0.966804 -0.017761
vn -0.337954 0.914209 0.223627
vn -0.194711 0.819183 0.539469
vn -0.104796 0.835502 0.539403
vn -0.342145 0.909093 0.237668
vn -0.194711 0.819183 0.539469
vn -0.276215 0.643557 0.713820
vn -0.188763 0.659882 0.727272
vn -0.104796 0.835502 0.539403
vn -0.276215 0.643557 0.713820
vn -0.341681 0.416656 0.842408
vn -0.258603 0.428634 0.865677
vn -0.188763 0.659882 0.727272
vn -0.341681 0.416656 0.842408
vn -0.387899 0.134691 0.911808
vn -0.312264 0.141010 0.939472
vn -0.258603 0.428634 0.865677
vn -0.387899 0.134691 0.911808
vn -0.405862 -0.170645 0.897862
vn -0.339855 -0.169960 0.924993
vn -0.312264 0.141010 0.939472
vn -0.405862 -0.170645 0.897862
vn -0.386898 -0.488737 0.781950
vn -0.333641 -0.479634 0.811564
vn -0.339855 -0.169960 0.924993
vn -0.386898 -0.488737 0.781950
vn -0.327751 -0.755374 0.567441
vn -0.287858 -0.747989 0.598038
vn -0.333641 -0.479634 0.811564
vn -0.327751 -0.755374 0.567441
vn 0.035204 -0.952281 0.303187
vn 0.015533 -0.936441 0.350482
vn -0.287858 -0.747989 0.598038
vn 0.035204 -0.952281 0.303187
vn -0.099535 -0.994987 -0.009700
vn -0.087815 -0.996113 -0.006898
vn 0.015533 -0.936441 0.350482
vn -0.087815 -0.996113 -0.006898
vn 0.030408 -0.953797 -0.298909
vn -0.254098 -0.897363 -0.360795
vn -0.355726 -0.932035 -0.069060
vn 0.030408 -0.953797 -0.298909
vn 0.144176 -0.825494 -0.545686
vn -0.124538 -0.782653 -0.609873
vn -0.254098 -0.897363 -0.360795
vn 0.144176 -0.825494 -0.545686
vn 0.245126 -0.630204 -0.736720
vn 0.020514 -0.600906 -0.799056
vn -0.124538 -0.782653 -0.609873
vn 0.245126 -0.630204 -0.736720
vn 0.325018 -0.385172 -0.863717
vn 0.167311 -0.369289 -0.914129
vn 0.020514 -0.600906 -0.799056
vn 0.325018 -0.385172 -0.863717
vn 0.379212 -0.094036 -0.920519
vn 0.306665 -0.099574 -0.946595
vn 0.167311 -0.369289 -0.914129
vn 0.379212 -0.094036 -0.920519
vn 0.395951 0.227647 -0.889607
vn 0.426962 0.192809 -0.883475
vn 0.306665 -0.099574 -0.946595
vn 0.395951 0.227647 -0.889607
vn 0.586005 0.482524 -0.650975
vn 0.508454 0.466044 -0.724070
vn 0.426962 0.192809 -0.883475
vn 0.586005 0.482524 -0.650975
vn 0.610793 0.665063 -0.429678
vn 0.541298 0.684969 -0.487662
vn 0.508454 0.466044 -0.724070
vn 0.610793 0.665063 -0.429678
vn 0.593350 0.783970 -0.182557
vn 0.524555 0.826055 -0.206093
vn 0.541298 0.684969 -0.487662
vn 0.593350 0.783970 -0.182557
vn 0.537165 0.839548 0.081321
vn 0.462481 0.881399 0.096163
vn 0.524555 0.826055 -0.206093
vn 0.537165 0.839548 0.081321
vn 0.447861 0.828180 0.336955
vn 0.366427 0.849496 0.379590
vn 0.462481 0.881399 0.096163
vn 0.447861 0.828180 0.336955
vn -0.104796 0.835502 0.539403
vn 0.245916 0.740551 0.625388
vn 0.366427 0.849496 0.379590
vn -0.104796 0.835502 0.539403
vn -0.188763 0.659882 0.727272
vn 0.108768 0.563473 0.818943
vn 0.245916 0.740551 0.625388
vn -0.188763 0.659882 0.727272
vn -0.258603 0.428634 0.865677
vn -0.040371 0.321718 0.945975
vn 0.108768 0.563473 0.818943
vn -0.258603 0.428634 0.865677
vn -0.312264 0.141010 0.939472
vn -0.188060 0.030956 0.981670
vn -0.040371 0.321718 0.945975
vn -0.312264 0.141010 0.939472
vn -0.339855 -0.169960 0.924993
vn -0.307194 -0.257649 0.916105
vn -0.188060 0.030956 0.981670
vn -0.339855 -0.169960 0.924993
vn -0.333641 -0.479634 0.811564
vn -0.390308 -0.524825 0.756452
vn -0.307194 -0.257649 0.916105
vn -0.333641 -0.479634 0.811564
vn -0.287858 -0.747989 0.598038
vn -0.426776 -0.735779 0.525825
vn -0.390308 -0.524825 0.756452
vn -0.287858 -0.747989 0.598038
vn -0.506755 -0.835022 0.214329
vn -0.415995 -0.876829 0.241079
vn -0.426776 -0.735779 0.525825
vn -0.506755 -0.835022 0.214329
vn -0.087815 -0.996113 -0.006898
vn -0.355726 -0.932035 -0.069060
vn -0.415995 -0.876829 0.241079
vn -0.355726 -0.932035 -0.069060
vn -0.254098 -0.897363 -0.360795
vn -0.125673 -0.920483 -0.370024
vn -0.200884 -0.977773 -0.060040
vn -0.254098 -0.897363 -0.360795
vn -0.124538 -0.782653 -0.609873
vn 0.116583 -0.806961 -0.578984
vn -0.125673 -0.920483 -0.370024
vn -0.124538 -0.782653 -0.609873
vn 0.020514 -0.600906 -0.799056
vn 0.151955 -0.608399 -0.778948
vn 0.116583 -0.806961 -0.578984
vn 0.020514 -0.600906 -0.799056
vn 0.167311 -0.369289 -0.914129
vn 0.179062 -0.369795 -0.911695
vn 0.151955 -0.608399 -0.778948
vn 0.167311 -0.369289 -0.914129
vn 0.306665 -0.099574 -0.946595
vn 0.197728 -0.096689 -0.975477
vn 0.179062 -0.369795 -0.911695
vn 0.306665 -0.099574 -0.946595
vn 0.426962 0.192809 -0.883475
vn 0.204712 0.208665 -0.956322
vn 0.197728 -0.096689 -0.975477
vn 0.426962 0.192809 -0.883475
vn 0.508454 0.466044 -0.724070
vn 0.197145 0.512853 -0.835533
vn 0.204712 0.208665 -0.956322
vn 0.508454 0.466044 -0.724070
vn 0.541298 0.684969 -0.487662
vn 0.376502 0.736200 -0.562366
vn 0.197145 0.512853 -0.835533
vn 0.541298 0.684969 -0.487662
vn 0.524555 0.826055 -0.206093
vn 0.359572 0.896517 -0.258777
vn 0.376502 0.736200 -0.562366
vn 0.524555 0.826055 -0.206093
vn 0.462481 0.881399 0.096163
vn 0.306045 0.949228 0.072817
vn 0.359572 0.896517 -0.258777
vn 0.462481 0.881399 0.096163
vn 0.366427 0.849496 0.379590
vn 0.060287 0.931348 0.359105
vn 0.306045 0.949228 0.072817
vn 0.366427 0.849496 0.379590
vn 0.245916 0.740551 0.625388
vn 0.024893 0.778931 0.626616
vn 0.060287 0.931348 0.359105
vn 0.245916 0.740551 0.625388
vn 0.108768 0.563473 0.818943
vn -0.004885 0.561217 0.827654
vn 0.024893 0.778931 0.626616
vn 0.108768 0.563473 0.818943
vn -0.040371 0.321718 0.945975
vn -0.029084 0.291392 0.956161
vn -0.004885 0.561217 0.827654
vn -0.040371 0.321718 0.945975
vn -0.188060 0.030956 0.981670
vn -0.047202 -0.011537 0.998819
vn -0.029084 0.291392 0.956161
vn -0.188060 0.030956 0.981670
vn -0.307194 -0.257649 0.916105
vn -0.056518 -0.303129 0.951272
vn -0.047202 -0.011537 0.998819
vn -0.307194 -0.257649 0.916105
vn -0.390308 -0.524825 0.756452
vn -0.252110 -0.550674 0.795738
vn -0.056518 -0.303129 0.951272
vn -0.390308 -0.524825 0.756452
vn -0.426776 -0.735779 0.525825
vn -0.269017 -0.775743 0.570835
vn -0.252110 -0.550674 0.795738
vn -0.426776 -0.735779 0.525825
vn -0.415995 -0.876829 0.241079
vn -0.252450 -0.927190 0.276745
vn -0.269017 -0.775743 0.570835
vn -0.415995 -0.876829 0.241079
vn -0.355726 -0.932035 -0.069060
vn -0.200884 -0.977773 -0.060040
vn -0.252450 -0.927190 0.276745
vn 0.496183 -0.862273 0.101430
vn 0.490523 -0.856989 -0.157981
vn 0.981484 0.124081 0.145923
vn 0.490523 -0.856989 -0.157981
vn 0.116583 -0.806961 -0.578984
vn 0.981484 0.124081 0.145923
vn 0.116583 -0.806961 -0.578984
vn 0.151955 -0.608399 -0.778948
vn 0.981484 0.124081 0.145923
vn 0.151955 -0.608399 -0.778948
vn 0.179062 -0.369795 -0.911695
vn 0.981484 0.124081 0.145923
vn 0.179062 -0.369795 -0.911695
vn 0.197728 -0.096689 -0.975477
vn 0.981484 0.124081 0.145923
vn 0.197728 -0.096689 -0.975477
vn 0.204712 0.208665 -0.956322
vn 0.981484 0.124081 0.145923
vn 0.204712 0.208665 -0.956322
vn 0.197145 0.512853 -0.835533
vn 0.981484 0.124081 0.145923
vn 0.197145 0.512853 -0.835533
vn -0.253549 0.740653 -0.622211
vn 0.981484 0.124081 0.145923
vn -0.253549 0.740653 -0.622211
vn -0.314755 0.883137 -0.347848
vn 0.981484 0.124081 0.145923
vn -0.314755 0.883137 -0.347848
vn -0.334292 0.941701 -0.038064
vn 0.981484 0.124081 0.145923
vn -0.334292 0.941701 -0.038064
vn 0.060287 0.931348 0.359105
vn 0.981484 0.124081 0.145923
vn 0.060287 0.931348 0.359105
vn 0.024893 0.778931 0.626616
vn 0.981484 0.124081 0.145923
vn 0.024893 0.778931 0.626616
vn -0.004885 0.561217 0.827654
vn 0.981484 0.124081 0.145923
vn -0.004885 0.561217 0.827654
vn -0.029084 0.291392 0.956161
vn 0.981484 0.124081 0.145923
vn -0.029084 0.291392 0.956161
vn -0.047202 -0.011537 0.998819
vn 0.981484 0.124081 0.145923
vn -0.047202 -0.011537 0.998819
vn -0.056518 -0.303129 0.951272
vn 0.981484 0.124081 0.145923
vn -0.056518 -0.303129 0.951272
vn 0.369506 -0.554628 0.745555
vn 0.981484 0.124081 0.145923
vn 0.369506 -0.554628 0.745555
vn 0.432830 -0.705358 0.561363
vn 0.981484 0.124081 0.145923
vn 0.432830 -0.705358 0.561363
vn 0.475501 -0.808481 0.346781
vn 0.981484 0.124081 0.145923
vn 0.475501 -0.808481 0.346781
vn 0.496183 -0.862273 0.101430
vn 0.981484 0.124081 0.145923
vn 0.820512 -0.521221 0.234711
vn 0.704212 -0.644544 0.297740
vn 0.739363 -0.305298 0.600112
vn 0.817664 -0.234012 0.525989
vn 0.817664 -0.234012 0.525989
vn 0.739363 -0.305298 0.600112
vn 0.629049 0.081145 0.773119
vn 0.685067 0.092211 0.722620
vn 0.685067 0.092211 0.722620
vn 0.629049 0.081145 0.773119
vn 0.501800 0.320763 0.803311
vn 0.535651 0.309338 0.785741
vn 0.535651 0.309338 0.785741
vn 0.501800 0.320763 0.803311
vn 0.377467 0.501071 0.778747
vn 0.390136 0.469822 0.791872
vn 0.390136 0.469822 0.791872
vn 0.377467 0.501071 0.778747
vn 0.243123 0.654635 0.715783
vn 0.227822 0.609456 0.759382
vn 0.227822 0.609456 0.759382
vn 0.243123 0.654635 0.715783
vn 0.092061 0.786657 0.610488
vn 0.045458 0.726507 0.685654
vn 0.045458 0.726507 0.685654
vn 0.092061 0.786657 0.610488
vn -0.124889 0.904211 0.408419
vn -0.206813 0.824305 0.527020
vn -0.206813 0.824305 0.527020
vn -0.124889 0.904211 0.408419
vn -0.371850 0.923007 0.098919
vn -0.508484 0.827706 0.237375
vn -0.508484 0.827706 0.237375
vn -0.371850 0.923007 0.098919
vn -0.541172 0.816901 -0.199513
vn -0.708845 0.701940 -0.069418
vn -0.708845 0.701940 -0.069418
vn -0.541172 0.816901 -0.199513
vn -0.628982 0.643382 -0.436395
vn -0.793039 0.520488 -0.316516
vn -0.793039 0.520488 -0.316516
vn -0.628982 0.643382 -0.436395
vn -0.652947 0.401168 -0.642437
vn -0.793204 0.285504 -0.537881
vn -0.793204 0.285504 -0.537881
vn -0.652947 0.401168 -0.642437
vn -0.590081 0.066519 -0.804599
vn -0.682564 -0.026600 -0.730342
vn -0.682564 -0.026600 -0.730342
vn -0.590081 0.066519 -0.804599
vn -0.475800 -0.215246 -0.852809
vn -0.520371 -0.269598 -0.810266
vn -0.520371 -0.269598 -0.810266
vn -0.475800 -0.215246 -0.852809
vn -0.359968 -0.410085 -0.838005
vn -0.361531 -0.435140 -0.824590
vn -0.361531 -0.435140 -0.824590
vn -0.359968 -0.410085 -0.838005
vn -0.210614 -0.588880 -0.780297
vn -0.159157 -0.590006 -0.791557
vn -0.159157 -0.590006 -0.791557
vn -0.210614 -0.588880 -0.780297
vn 0.003434 -0.759780 -0.650171
vn 0.117542 -0.730101 -0.673155
vn 0.117542 -0.730101 -0.673155
vn 0.003434 -0.759780 -0.650171
vn 0.271973 -0.871762 -0.407508
vn 0.422744 -0.790964 -0.442339
vn 0.422744 -0.790964 -0.442339
vn 0.271973 -0.871762 -0.407508
vn 0.476084 -0.866454 -0.150338
vn 0.622440 -0.754502 -0.208076
vn 0.622440 -0.754502 -0.208076
vn 0.476084 -0.866454 -0.150338
vn 0.599645 -0.798386 0.054820
vn 0.738427 -0.674294 -0.007252
vn 0.738427 -0.674294 -0.007252
vn 0.599645 -0.798386 0.054820
vn 0.704212 -0.644544 0.297740
vn 0.820512 -0.521221 0.234711
vn 0.704212 -0.644544 0.297740
vn 0.031526 -0.784260 0.619631
vn 0.253584 -0.411693 0.875331
vn 0.739363 -0.305298 0.600112
vn 0.739363 -0.305298 0.600112
vn 0.253584 -0.411693 0.875331
vn 0.398008 0.035138 0.916709
vn 0.629049 0.081145 0.773119
vn 0.629049 0.081145 0.773119
vn 0.398008 0.035138 0.916709
vn 0.442915 0.298396 0.845450
vn 0.501800 0.320763 0.803311
vn 0.501800 0.320763 0.803311
vn 0.442915 0.298396 0.845450
vn 0.452300 0.493890 0.742629
vn 0.377467 0.501071 0.778747
vn 0.377467 0.501071 0.778747
vn 0.452300 0.493890 0.742629
vn 0.439900 0.655636 0.613701
vn 0.243123 0.654635 0.715783
vn 0.243123 0.654635 0.715783
vn 0.439900 0.655636 0.613701
vn 0.406769 0.794171 0.451476
vn 0.092061 0.786657 0.610488
vn 0.092061 0.786657 0.610488
vn 0.406769 0.794171 0.451476
vn 0.334035 0.923048 0.190794
vn -0.124889 0.904211 0.408419
vn -0.124889 0.904211 0.408419
vn 0.334035 0.923048 0.190794
vn 0.213259 0.964799 -0.153894
vn -0.371850 0.923007 0.098919
vn -0.371850 0.923007 0.098919
vn 0.213259 0.964799 -0.153894
vn 0.083103 0.886261 -0.455670
vn -0.541172 0.816901 -0.199513
vn -0.541172 0.816901 -0.199513
vn 0.083103 0.886261 -0.455670
vn -0.033608 0.735034 -0.677197
vn -0.628982 0.643382 -0.436395
vn -0.628982 0.643382 -0.436395
vn -0.033608 0.735034 -0.677197
vn -0.145639 0.511058 -0.847118
vn -0.652947 0.401168 -0.642437
vn -0.652947 0.401168 -0.642437
vn -0.145639 0.511058 -0.847118
vn -0.262160 0.163784 -0.951024
vn -0.590081 0.066519 -0.804599
vn -0.590081 0.066519 -0.804599
vn -0.262160 0.163784 -0.951024
vn -0.337318 -0.163224 -0.927132
vn -0.475800 -0.215246 -0.852809
vn -0.475800 -0.215246 -0.852809
vn -0.337318 -0.163224 -0.927132
vn -0.373112 -0.396442 -0.838821
vn -0.359968 -0.410085 -0.838005
vn -0.359968 -0.410085 -0.838005
vn -0.373112 -0.396442 -0.838821
vn -0.386689 -0.605683 -0.695428
vn -0.210614 -0.588880 -0.780297
vn -0.210614 -0.588880 -0.780297
vn -0.386689 -0.605683 -0.695428
vn -0.367115 -0.806384 -0.463650
vn 0.003434 -0.759780 -0.650171
vn 0.003434 -0.759780 -0.650171
vn -0.367115 -0.806384 -0.463650
vn -0.295915 -0.947165 -0.123743
vn 0.271973 -0.871762 -0.407508
vn 0.271973 -0.871762 -0.407508
vn -0.295915 -0.947165 -0.123743
vn -0.205558 -0.962637 0.176282
vn 0.476084 -0.866454 -0.150338
vn 0.476084 -0.866454 -0.150338
vn -0.205558 -0.962637 0.176282
vn -0.115763 -0.916303 0.383390
vn 0.599645 -0.798386 0.054820
vn 0.599645 -0.798386 0.054820
vn -0.115763 -0.916303 0.383390
vn 0.031526 -0.784260 0.619631
vn 0.704212 -0.644544 0.297740
vn 0.031526 -0.784260 0.619631
vn -0.295644 -0.668337 0.682584
vn -0.043894 -0.379381 0.924199
vn 0.253584 -0.411693 0.875331
vn 0.253584 -0.411693 0.875331
vn -0.043894 -0.379381 0.924199
vn 0.238418 0.013254 0.971072
vn 0.398008 0.035138 0.916709
vn 0.398008 0.035138 0.916709
vn 0.238418 0.013254 0.971072
vn 0.394040 0.264406 0.880240
vn 0.442915 0.298396 0.845450
vn 0.442915 0.298396 0.845450
vn 0.394040 0.264406 0.880240
vn 0.490095 0.438778 0.753181
vn 0.452300 0.493890 0.742629
vn 0.452300 0.493890 0.742629
vn 0.490095 0.438778 0.753181
vn 0.557880 0.579902 0.593703
vn 0.439900 0.655636 0.613701
vn 0.439900 0.655636 0.613701
vn 0.557880 0.579902 0.593703
vn 0.599794 0.690507 0.404287
vn 0.406769 0.794171 0.451476
vn 0.406769 0.794171 0.451476
vn 0.599794 0.690507 0.404287
vn 0.611180 0.782037 0.121976
vn 0.334035 0.923048 0.190794
vn 0.334035 0.923048 0.190794
vn 0.611180 0.782037 0.121976
vn 0.549663 0.797105 -0.249987
vn 0.213259 0.964799 -0.153894
vn 0.213259 0.964799 -0.153894
vn 0.549663 0.797105 -0.249987
vn 0.427303 0.711780 -0.557478
vn 0.083103 0.886261 -0.455670
vn 0.083103 0.886261 -0.455670
vn 0.427303 0.711780 -0.557478
vn 0.286041 0.573210 -0.767862
vn -0.033608 0.735034 -0.677197
vn -0.033608 0.735034 -0.677197
vn 0.286041 0.573210 -0.767862
vn 0.107700 0.367432 -0.923793
vn -0.145639 0.511058 -0.847118
vn -0.145639 0.511058 -0.847118
vn 0.107700 0.367432 -0.923793
vn -0.130670 0.052741 -0.990022
vn -0.262160 0.163784 -0.951024
vn -0.262160 0.163784 -0.951024
vn -0.130670 0.052741 -0.990022
vn -0.313965 -0.225027 -0.922382
vn -0.337318 -0.163224 -0.927132
vn -0.337318 -0.163224 -0.927132
vn -0.313965 -0.225027 -0.922382
vn -0.428106 -0.423146 -0.798544
vn -0.373112 -0.396442 -0.838821
vn -0.373112 -0.396442 -0.838821
vn -0.428106 -0.423146 -0.798544
vn -0.512181 -0.596281 -0.618158
vn -0.386689 -0.605683 -0.695428
vn -0.386689 -0.605683 -0.695428
vn -0.512181 -0.596281 -0.618158
vn -0.563469 -0.748920 -0.348744
vn -0.367115 -0.806384 -0.463650
vn -0.367115 -0.806384 -0.463650
vn -0.563469 -0.748920 -0.348744
vn -0.551369 -0.834261 0.000804
vn -0.295915 -0.947165 -0.123743
vn -0.295915 -0.947165 -0.123743
vn -0.551369 -0.834261 0.000804
vn -0.489368 -0.826211 0.279095
vn -0.205558 -0.962637 0.176282
vn -0.205558 -0.962637 0.176282
vn -0.489368 -0.826211 0.279095
vn -0.417982 -0.779157 0.467125
vn -0.115763 -0.916303 0.383390
vn -0.115763 -0.916303 0.383390
vn -0.417982 -0.779157 0.467125
vn -0.295644 -0.668337 0.682584
vn 0.031526 -0.784260 0.619631
vn 0.368686 -0.807530 0.460397
vn 0.873774 -0.008150 -0.486264
vn 0.488479 -0.486642 0.724271
vn 0.488479 -0.486642 0.724271
vn 0.873774 -0.008150 -0.486264
vn 0.524718 -0.056599 0.849393
vn 0.524718 -0.056599 0.849393
vn 0.873774 -0.008150 -0.486264
vn 0.490507 0.242302 0.837074
vn 0.490507 0.242302 0.837074
vn 0.873774 -0.008150 -0.486264
vn 0.437512 0.459177 0.773137
vn 0.437512 0.459177 0.773137
vn 0.873774 -0.008150 -0.486264
vn 0.366534 0.645136 0.670412
vn 0.366534 0.645136 0.670412
vn 0.873774 -0.008150 -0.486264
vn 0.279351 0.801250 0.529113
vn 0.279351 0.801250 0.529113
vn 0.873774 -0.008150 -0.486264
vn 0.147064 0.944135 0.294924
vn 0.147064 0.944135 0.294924
vn 0.873774 -0.008150 -0.486264
vn -0.034654 0.998398 -0.044730
vn -0.034654 0.998398 -0.044730
vn 0.873774 -0.008150 -0.486264
vn -0.188166 0.915367 -0.355945
vn -0.188166 0.915367 -0.355945
vn 0.873774 -0.008150 -0.486264
vn -0.292583 0.749038 -0.594421
vn -0.292583 0.749038 -0.594421
vn 0.873774 -0.008150 -0.486264
vn -0.365304 0.484721 -0.794732
vn -0.365304 0.484721 -0.794732
vn 0.873774 -0.008150 -0.486264
vn -0.391171 0.098779 -0.915002
vn -0.391171 0.098779 -0.915002
vn 0.873774 -0.008150 -0.486264
vn -0.360330 -0.224357 -0.905442
vn -0.360330 -0.224357 -0.905442
vn 0.873774 -0.008150 -0.486264
vn -0.303724 -0.461468 -0.833546
vn -0.303724 -0.461468 -0.833546
vn 0.873774 -0.008150 -0.486264
vn -0.221383 -0.675079 -0.703746
vn -0.221383 -0.675079 -0.703746
vn 0.873774 -0.008150 -0.486264
vn -0.102773 -0.865420 -0.490394
vn -0.102773 -0.865420 -0.490394
vn 0.873774 -0.008150 -0.486264
vn 0.046818 -0.978232 -0.202164
vn 0.046818 -0.978232 -0.202164
vn 0.873774 -0.008150 -0.486264
vn 0.174608 -0.983580 0.045626
vn 0.174608 -0.983580 0.045626
vn 0.873774 -0.008150 -0.486264
vn 0.265541 -0.935241 0.234119
vn 0.265541 -0.935241 0.234119
vn 0.873774 -0.008150 -0.486264
vn 0.368686 -0.807530 0.460397
vn -0.130670 0.052741 -0.990022
vn -0.249714 0.058617 -0.966544
vn -0.343874 -0.238355 -0.908261
vn -0.313965 -0.225027 -0.922382
vn -0.428106 -0.423146 -0.798544
vn -0.313965 -0.225027 -0.922382
vn -0.343874 -0.238355 -0.908261
vn -0.390157 -0.454062 -0.801003
vn -0.512181 -0.596281 -0.618158
vn -0.428106 -0.423146 -0.798544
vn -0.390157 -0.454062 -0.801003
vn -0.412983 -0.648815 -0.639128
vn -0.563469 -0.748920 -0.348744
vn -0.512181 -0.596281 -0.618158
vn -0.412983 -0.648815 -0.639128
vn -0.405539 -0.828050 -0.387132
vn -0.551369 -0.834261 0.000804
vn -0.563469 -0.748920 -0.348744
vn -0.405539 -0.828050 -0.387132
vn -0.346095 -0.936582 -0.055072
vn -0.489368 -0.826211 0.279095
vn -0.551369 -0.834261 0.000804
vn -0.346095 -0.936582 -0.055072
vn -0.262633 -0.940134 0.217194
vn -0.417982 -0.779157 0.467125
vn -0.489368 -0.826211 0.279095
vn -0.262633 -0.940134 0.217194
vn -0.185006 -0.891174 0.414223
vn -0.295644 -0.668337 0.682584
vn -0.417982 -0.779157 0.467125
vn -0.185006 -0.891174 0.414223
vn -0.071070 -0.764386 0.640830
vn -0.043894 -0.379381 0.924199
vn -0.295644 -0.668337 0.682584
vn -0.071070 -0.764386 0.640830
vn 0.122003 -0.449640 0.884838
vn 0.238418 0.013254 0.971072
vn -0.043894 -0.379381 0.924199
vn 0.122003 -0.449640 0.884838
vn 0.300974 -0.026649 0.953260
vn 0.394040 0.264406 0.880240
vn 0.238418 0.013254 0.971072
vn 0.300974 -0.026649 0.953260
vn 0.384147 0.254179 0.887594
vn 0.490095 0.438778 0.753181
vn 0.394040 0.264406 0.880240
vn 0.384147 0.254179 0.887594
vn 0.425014 0.449559 0.785658
vn 0.557880 0.579902 0.593703
vn 0.490095 0.438778 0.753181
vn 0.425014 0.449559 0.785658
vn 0.445506 0.616166 0.649511
vn 0.599794 0.690507 0.404287
vn 0.557880 0.579902 0.593703
vn 0.445506 0.616166 0.649511
vn 0.446211 0.755361 0.479923
vn 0.611180 0.782037 0.121976
vn 0.599794 0.690507 0.404287
vn 0.446211 0.755361 0.479923
vn 0.414852 0.884181 0.214759
vn 0.549663 0.797105 -0.249987
vn 0.611180 0.782037 0.121976
vn 0.414852 0.884181 0.214759
vn 0.318406 0.932898 -0.168285
vn 0.427303 0.711780 -0.557478
vn 0.549663 0.797105 -0.249987
vn 0.318406 0.932898 -0.168285
vn 0.184716 0.843839 -0.503802
vn 0.286041 0.573210 -0.767862
vn 0.427303 0.711780 -0.557478
vn 0.184716 0.843839 -0.503802
vn 0.054003 0.676032 -0.734891
vn 0.107700 0.367432 -0.923793
vn 0.286041 0.573210 -0.767862
vn 0.054003 0.676032 -0.734891
vn -0.090147 0.421835 -0.902180
vn -0.130670 0.052741 -0.990022
vn 0.107700 0.367432 -0.923793
vn -0.090147 0.421835 -0.902180
vn -0.249714 0.058617 -0.966544
vn -0.390157 -0.454062 -0.801003
vn -0.343874 -0.238355 -0.908261
vn -0.360330 -0.224357 -0.905442
vn -0.303724 -0.461468 -0.833546
vn -0.412983 -0.648815 -0.639128
vn -0.390157 -0.454062 -0.801003
vn -0.303724 -0.461468 -0.833546
vn -0.221383 -0.675079 -0.703746
vn -0.405539 -0.828050 -0.387132
vn -0.412983 -0.648815 -0.639128
vn -0.221383 -0.675079 -0.703746
vn -0.102773 -0.865420 -0.490394
vn -0.346095 -0.936582 -0.055072
vn -0.405539 -0.828050 -0.387132
vn -0.102773 -0.865420 -0.490394
vn 0.046818 -0.978232 -0.202164
vn -0.262633 -0.940134 0.217194
vn -0.346095 -0.936582 -0.055072
vn 0.046818 -0.978232 -0.202164
vn 0.174608 -0.983580 0.045626
vn -0.185006 -0.891174 0.414223
vn -0.262633 -0.940134 0.217194
vn 0.174608 -0.983580 0.045626
vn 0.265541 -0.935241 0.234119
vn -0.071070 -0.764386 0.640830
vn -0.185006 -0.891174 0.414223
vn 0.265541 -0.935241 0.234119
vn 0.368686 -0.807530 0.460397
vn 0.122003 -0.449640 0.884838
vn -0.071070 -0.764386 0.640830
vn 0.368686 -0.807530 0.460397
vn 0.488479 -0.486642 0.724271
vn 0.300974 -0.026649 0.953260
vn 0.122003 -0.449640 0.884838
vn 0.488479 -0.486642 0.724271
vn 0.524718 -0.056599 0.849393
vn 0.384147 0.254179 0.887594
vn 0.300974 -0.026649 0.953260
vn 0.524718 -0.056599 0.849393
vn 0.490507 0.242302 0.837074
vn 0.425014 0.449559 0.785658
vn 0.384147 0.254179 0.887594
vn 0.490507 0.242302 0.837074
vn 0.437512 0.459177 0.773137
vn 0.445506 0.616166 0.649511
vn 0.425014 0.449559 0.785658
vn 0.437512 0.459177 0.773137
vn 0.366534 0.645136 0.670412
vn 0.446211 0.755361 0.479923
vn 0.445506 0.616166 0.649511
vn 0.366534 0.645136 0.670412
vn 0.279351 0.801250 0.529113
vn 0.414852 0.884181 0.214759
vn 0.446211 0.755361 0.479923
vn 0.279351 0.801250 0.529113
vn 0.147064 0.944135 0.294924
vn 0.318406 0.932898 -0.168285
vn 0.414852 0.884181 0.214759
vn 0.147064 0.944135 0.294924
vn -0.034654 0.998398 -0.044730
vn 0.184716 0.843839 -0.503802
vn 0.318406 0.932898 -0.168285
vn -0.034654 0.998398 -0.044730
vn -0.188166 0.915367 -0.355945
vn 0.054003 0.676032 -0.734891
vn 0.184716 0.843839 -0.503802
vn -0.188166 0.915367 -0.355945
vn -0.292583 0.749038 -0.594421
vn -0.090147 0.421835 -0.902180
vn 0.054003 0.676032 -0.734891
vn -0.292583 0.749038 -0.594421
vn -0.365304 0.484721 -0.794732
vn -0.249714 0.058617 -0.966544
vn -0.090147 0.421835 -0.902180
vn -0.365304 0.484721 -0.794732
vn -0.391171 0.098779 -0.915002
vn -0.343874 -0.238355 -0.908261
vn -0.249714 0.058617 -0.966544
vn -0.391171 0.098779 -0.915002
vn -0.360330 -0.224357 -0.905442
vn -0.850268 0.448439 0.275583
vn -0.812663 0.312027 0.492156
vn -0.902146 0.231624 0.363981
vn -0.873728 0.451935 0.179873
vn -0.822488 0.568371 0.021628
vn -0.850268 0.448439 0.275583
vn -0.873728 0.451935 0.179873
vn -0.776010 0.630631 -0.010582
vn -0.711472 0.653976 -0.257145
vn -0.822488 0.568371 0.021628
vn -0.776010 0.630631 -0.010582
vn -0.615078 0.764077 -0.194590
vn -0.503723 0.682997 -0.528940
vn -0.711472 0.653976 -0.257145
vn -0.615078 0.764077 -0.194590
vn -0.394836 0.845361 -0.359817
vn -0.207306 0.638867 -0.740859
vn -0.503723 0.682997 -0.528940
vn -0.394836 0.845361 -0.359817
vn -0.135807 0.619802 -0.772918
vn 0.134367 0.525265 -0.840263
vn -0.207306 0.638867 -0.740859
vn -0.135807 0.619802 -0.772918
vn 0.187741 0.502688 -0.843835
vn 0.447005 0.374562 -0.812336
vn 0.134367 0.525265 -0.840263
vn 0.187741 0.502688 -0.843835
vn 0.471469 0.360714 -0.804737
vn 0.701581 0.210210 -0.680879
vn 0.447005 0.374562 -0.812336
vn 0.471469 0.360714 -0.804737
vn 0.703114 0.209042 -0.679656
vn 0.880790 0.043284 -0.471525
vn 0.701581 0.210210 -0.680879
vn 0.703114 0.209042 -0.679656
vn 0.871635 0.054140 -0.487156
vn 0.969912 -0.111643 -0.216350
vn 0.880790 0.043284 -0.471525
vn 0.871635 0.054140 -0.487156
vn 0.965279 -0.031929 -0.259263
vn 0.967500 -0.245816 0.059312
vn 0.969912 -0.111643 -0.216350
vn 0.965279 -0.031929 -0.259263
vn 0.958595 -0.271432 -0.086141
vn 0.872755 -0.351072 0.339186
vn 0.967500 -0.245816 0.059312
vn 0.958595 -0.271432 -0.086141
vn 0.872462 -0.479259 0.095500
vn 0.688479 -0.412288 0.596670
vn 0.872755 -0.351072 0.339186
vn 0.872462 -0.479259 0.095500
vn 0.707073 -0.648768 0.281334
vn 0.432006 -0.416498 0.799938
vn 0.688479 -0.412288 0.596670
vn 0.707073 -0.648768 0.281334
vn 0.497750 -0.420794 0.758404
vn 0.145491 -0.364396 0.919808
vn 0.432006 -0.416498 0.799938
vn 0.497750 -0.420794 0.758404
vn 0.207953 -0.379805 0.901390
vn -0.153451 -0.256811 0.954202
vn 0.145491 -0.364396 0.919808
vn 0.207953 -0.379805 0.901390
vn -0.104455 -0.278191 0.954829
vn -0.401289 -0.120819 0.907948
vn -0.153451 -0.256811 0.954202
vn -0.104455 -0.278191 0.954829
vn -0.377383 -0.136335 0.915967
vn -0.588824 0.024123 0.807901
vn -0.401289 -0.120819 0.907948
vn -0.377383 -0.136335 0.915967
vn -0.582437 0.018294 0.812670
vn -0.724766 0.170172 0.667649
vn -0.588824 0.024123 0.807901
vn -0.582437 0.018294 0.812670
vn -0.728445 0.175012 0.662374
vn -0.812663 0.312027 0.492156
vn -0.724766 0.170172 0.667649
vn -0.728445 0.175012 0.662374
vn -0.902146 0.231624 0.363981
vn 0.089718 -0.983255 0.158620
vn 0.352048 -0.931432 0.092182
vn 0.408399 -0.869028 0.279286
vn 0.127367 -0.918877 0.373419
vn 0.352048 -0.931432 0.092182
vn 0.707073 -0.648768 0.281334
vn 0.645790 -0.745459 0.165062
vn 0.408399 -0.869028 0.279286
vn 0.707073 -0.648768 0.281334
vn 0.872462 -0.479259 0.095500
vn 0.825288 -0.563471 0.037416
vn 0.645790 -0.745459 0.165062
vn 0.872462 -0.479259 0.095500
vn 0.958595 -0.271432 -0.086141
vn 0.936439 -0.337727 -0.094987
vn 0.825288 -0.563471 0.037416
vn 0.958595 -0.271432 -0.086141
vn 0.965279 -0.031929 -0.259263
vn 0.970869 -0.074869 -0.227615
vn 0.936439 -0.337727 -0.094987
vn 0.965279 -0.031929 -0.259263
vn 0.870912 0.353827 -0.341054
vn 0.911148 0.216151 -0.350839
vn 0.970869 -0.074869 -0.227615
vn 0.870912 0.353827 -0.341054
vn 0.676627 0.631677 -0.378364
vn 0.747294 0.496248 -0.441917
vn 0.911148 0.216151 -0.350839
vn 0.676627 0.631677 -0.378364
vn 0.426382 0.823560 -0.374096
vn 0.494792 0.722586 -0.482753
vn 0.747294 0.496248 -0.441917
vn 0.426382 0.823560 -0.374096
vn 0.160176 0.928493 -0.335028
vn 0.191573 0.863421 -0.466695
vn 0.494792 0.722586 -0.482753
vn 0.160176 0.928493 -0.335028
vn -0.105366 0.957566 -0.268262
vn -0.129409 0.907813 -0.398909
vn 0.191573 0.863421 -0.466695
vn -0.105366 0.957566 -0.268262
vn -0.394836 0.845361 -0.359817
vn -0.416893 0.859620 -0.295386
vn -0.129409 0.907813 -0.398909
vn -0.394836 0.845361 -0.359817
vn -0.615078 0.764077 -0.194590
vn -0.654296 0.736550 -0.171436
vn -0.416893 0.859620 -0.295386
vn -0.615078 0.764077 -0.194590
vn -0.776010 0.630631 -0.010582
vn -0.834307 0.550087 -0.036552
vn -0.654296 0.736550 -0.171436
vn -0.776010 0.630631 -0.010582
vn -0.873728 0.451935 0.179873
vn -0.947185 0.303447 0.103738
vn -0.834307 0.550087 -0.036552
vn -0.873728 0.451935 0.179873
vn -0.902146 0.231624 0.363981
vn -0.971248 0.011292 0.237804
vn -0.947185 0.303447 0.103738
vn -0.902146 0.231624 0.363981
vn -0.923929 -0.256170 0.284133
vn -0.897064 -0.276701 0.344548
vn -0.971248 0.011292 0.237804
vn -0.923929 -0.256170 0.284133
vn -0.756992 -0.580054 0.300834
vn -0.728838 -0.542123 0.418208
vn -0.897064 -0.276701 0.344548
vn -0.756992 -0.580054 0.300834
vn -0.500364 -0.820529 0.276348
vn -0.485985 -0.748598 0.451022
vn -0.728838 -0.542123 0.418208
vn -0.500364 -0.820529 0.276348
vn -0.207723 -0.952043 0.224645
vn -0.189620 -0.879139 0.437217
vn -0.485985 -0.748598 0.451022
vn -0.207723 -0.952043 0.224645
vn 0.089718 -0.983255 0.158620
vn 0.127367 -0.918877 0.373419
vn -0.189620 -0.879139 0.437217
vn 0.127367 -0.918877 0.373419
vn 0.408399 -0.869028 0.279286
vn 0.478738 -0.621624 0.619995
vn 0.181018 -0.682354 0.708255
vn 0.408399 -0.869028 0.279286
vn 0.645790 -0.745459 0.165062
vn 0.716103 -0.506703 0.480051
vn 0.478738 -0.621624 0.619995
vn 0.645790 -0.745459 0.165062
vn 0.825288 -0.563471 0.037416
vn 0.883915 -0.353375 0.306300
vn 0.716103 -0.506703 0.480051
vn 0.825288 -0.563471 0.037416
vn 0.936439 -0.337727 -0.094987
vn 0.977738 -0.175500 0.115013
vn 0.883915 -0.353375 0.306300
vn 0.936439 -0.337727 -0.094987
vn 0.970869 -0.074869 -0.227615
vn 0.996079 0.022048 -0.085683
vn 0.977738 -0.175500 0.115013
vn 0.970869 -0.074869 -0.227615
vn 0.911148 0.216151 -0.350839
vn 0.928232 0.234719 -0.288606
vn 0.996079 0.022048 -0.085683
vn 0.911148 0.216151 -0.350839
vn 0.747294 0.496248 -0.441917
vn 0.765792 0.439285 -0.469671
vn 0.928232 0.234719 -0.288606
vn 0.747294 0.496248 -0.441917
vn 0.494792 0.722586 -0.482753
vn 0.515484 0.608404 -0.603424
vn 0.765792 0.439285 -0.469671
vn 0.494792 0.722586 -0.482753
vn 0.191573 0.863421 -0.466695
vn 0.201300 0.715457 -0.669029
vn 0.515484 0.608404 -0.603424
vn 0.191573 0.863421 -0.466695
vn -0.129409 0.907813 -0.398909
vn -0.146842 0.741823 -0.654321
vn 0.201300 0.715457 -0.669029
vn -0.129409 0.907813 -0.398909
vn -0.416893 0.859620 -0.295386
vn -0.461610 0.684047 -0.564797
vn -0.146842 0.741823 -0.654321
vn -0.416893 0.859620 -0.295386
vn -0.654296 0.736550 -0.171436
vn -0.709453 0.562425 -0.424681
vn -0.461610 0.684047 -0.564797
vn -0.654296 0.736550 -0.171436
vn -0.834307 0.550087 -0.036552
vn -0.882507 0.396867 -0.252345
vn -0.709453 0.562425 -0.424681
vn -0.834307 0.550087 -0.036552
vn -0.947185 0.303447 0.103738
vn -0.978853 0.197084 -0.054815
vn -0.882507 0.396867 -0.252345
vn -0.947185 0.303447 0.103738
vn -0.971248 0.011292 0.237804
vn -0.987153 -0.025213 0.157776
vn -0.978853 0.197084 -0.054815
vn -0.971248 0.011292 0.237804
vn -0.897064 -0.276701 0.344548
vn -0.904030 -0.237947 0.355121
vn -0.987153 -0.025213 0.157776
vn -0.897064 -0.276701 0.344548
vn -0.728838 -0.542123 0.418208
vn -0.727077 -0.433904 0.532060
vn -0.904030 -0.237947 0.355121
vn -0.728838 -0.542123 0.418208
vn -0.485985 -0.748598 0.451022
vn -0.472025 -0.584646 0.659834
vn -0.727077 -0.433904 0.532060
vn -0.485985 -0.748598 0.451022
vn -0.189620 -0.879139 0.437217
vn -0.154632 -0.672045 0.724186
vn -0.472025 -0.584646 0.659834
vn -0.189620 -0.879139 0.437217
vn 0.127367 -0.918877 0.373419
vn 0.181018 -0.682354 0.708255
vn -0.154632 -0.672045 0.724186
vn 0.181018 -0.682354 0.708255
vn 0.478738 -0.621624 0.619995
vn 0.478588 -0.145489 0.865902
vn 0.205952 -0.190299 0.959880
vn 0.478738 -0.621624 0.619995
vn 0.716103 -0.506703 0.480051
vn 0.694473 -0.088827 0.714015
vn 0.478588 -0.145489 0.865902
vn 0.716103 -0.506703 0.480051
vn 0.883915 -0.353375 0.306300
vn 0.854440 -0.024914 0.518952
vn 0.694473 -0.088827 0.714015
vn 0.883915 -0.353375 0.306300
vn 0.977738 -0.175500 0.115013
vn 0.956661 0.041959 0.288165
vn 0.854440 -0.024914 0.518952
vn 0.977738 -0.175500 0.115013
vn 0.996079 0.022048 -0.085683
vn 0.993871 0.108615 0.020578
vn 0.956661 0.041959 0.288165
vn 0.996079 0.022048 -0.085683
vn 0.928232 0.234719 -0.288606
vn 0.942749 0.168915 -0.287562
vn 0.993871 0.108615 0.020578
vn 0.928232 0.234719 -0.288606
vn 0.765792 0.439285 -0.469671
vn 0.750204 0.468341 -0.466745
vn 0.942749 0.168915 -0.287562
vn 0.765792 0.439285 -0.469671
vn 0.515484 0.608404 -0.603424
vn 0.477501 0.568771 -0.669696
vn 0.750204 0.468341 -0.466745
vn 0.515484 0.608404 -0.603424
vn 0.201300 0.715457 -0.669029
vn 0.151139 0.603902 -0.782598
vn 0.477501 0.568771 -0.669696
vn 0.201300 0.715457 -0.669029
vn -0.146842 0.741823 -0.654321
vn -0.187999 0.573368 -0.797437
vn 0.151139 0.603902 -0.782598
vn -0.146842 0.741823 -0.654321
vn -0.461610 0.684047 -0.564797
vn -0.479265 0.492265 -0.726623
vn -0.187999 0.573368 -0.797437
vn -0.461610 0.684047 -0.564797
vn -0.709453 0.562425 -0.424681
vn -0.744992 0.045568 -0.665515
vn -0.479265 0.492265 -0.726623
vn -0.709453 0.562425 -0.424681
vn -0.882507 0.396867 -0.252345
vn -0.890902 0.001593 -0.454193
vn -0.744992 0.045568 -0.665515
vn -0.882507 0.396867 -0.252345
vn -0.978853 0.197084 -0.054815
vn -0.977920 -0.044999 -0.204076
vn -0.890902 0.001593 -0.454193
vn -0.978853 0.197084 -0.054815
vn -0.987153 -0.025213 0.157776
vn -0.991780 -0.095384 0.085289
vn -0.977920 -0.044999 -0.204076
vn -0.987153 -0.025213 0.157776
vn -0.904030 -0.237947 0.355121
vn -0.914635 -0.144939 0.377406
vn -0.991780 -0.095384 0.085289
vn -0.904030 -0.237947 0.355121
vn -0.727077 -0.433904 0.532060
vn -0.729047 -0.189759 0.657633
vn -0.914635 -0.144939 0.377406
vn -0.727077 -0.433904 0.532060
vn -0.472025 -0.584646 0.659834
vn -0.451796 -0.219794 0.864622
vn -0.729047 -0.189759 0.657633
vn -0.472025 -0.584646 0.659834
vn -0.154632 -0.672045 0.724186
vn -0.183417 -0.505904 0.842864
vn -0.451796 -0.219794 0.864622
vn -0.154632 -0.672045 0.724186
vn 0.181018 -0.682354 0.708255
vn 0.205952 -0.190299 0.959880
vn -0.183417 -0.505904 0.842864
vn 0.205952 -0.190299 0.959880
vn 0.478588 -0.145489 0.865902
vn 0.503462 -0.145650 0.851652
vn 0.207142 -0.178435 0.961901
vn 0.478588 -0.145489 0.865902
vn 0.694473 -0.088827 0.714015
vn 0.736967 -0.096115 0.669060
vn 0.503462 -0.145650 0.851652
vn 0.694473 -0.088827 0.714015
vn 0.854440 -0.024914 0.518952
vn 0.899690 -0.036578 0.434995
vn 0.736967 -0.096115 0.669060
vn 0.854440 -0.024914 0.518952
vn 0.956661 0.041959 0.288165
vn 0.985448 0.025930 0.167987
vn 0.899690 -0.036578 0.434995
vn 0.956661 0.041959 0.288165
vn 0.993871 0.108615 0.020578
vn 0.987956 0.088391 -0.127004
vn 0.985448 0.025930 0.167987
vn 0.993871 0.108615 0.020578
vn 0.942749 0.168915 -0.287562
vn 0.890998 0.143165 -0.430843
vn 0.987956 0.088391 -0.127004
vn 0.942749 0.168915 -0.287562
vn 0.746968 0.002442 -0.664856
vn 0.680043 -0.012602 -0.733064
vn 0.890998 0.143165 -0.430843
vn 0.746968 0.002442 -0.664856
vn 0.444679 -0.058876 -0.893753
vn 0.366965 -0.072684 -0.927391
vn 0.680043 -0.012602 -0.733064
vn 0.444679 -0.058876 -0.893753
vn 0.095790 -0.114876 -0.988751
vn 0.031181 -0.123715 -0.991828
vn 0.366965 -0.072684 -0.927391
vn 0.095790 -0.114876 -0.988751
vn -0.243417 -0.154737 -0.957499
vn -0.280847 -0.158112 -0.946639
vn 0.031181 -0.123715 -0.991828
vn -0.243417 -0.154737 -0.957499
vn -0.517379 -0.172853 -0.838117
vn -0.530477 -0.173292 -0.829797
vn -0.280847 -0.158112 -0.946639
vn -0.517379 -0.172853 -0.838117
vn -0.744992 0.045568 -0.665515
vn -0.721571 0.132785 -0.679488
vn -0.530477 -0.173292 -0.829797
vn -0.744992 0.045568 -0.665515
vn -0.890902 0.001593 -0.454193
vn -0.880738 0.090347 -0.464906
vn -0.721571 0.132785 -0.679488
vn -0.890902 0.001593 -0.454193
vn -0.977920 -0.044999 -0.204076
vn -0.977173 0.042000 -0.208255
vn -0.880738 0.090347 -0.464906
vn -0.977920 -0.044999 -0.204076
vn -0.991780 -0.095384 0.085289
vn -0.996054 -0.014737 0.087517
vn -0.977173 0.042000 -0.208255
vn -0.991780 -0.095384 0.085289
vn -0.914635 -0.144939 0.377406
vn -0.920031 -0.074144 0.384767
vn -0.996054 -0.014737 0.087517
vn -0.914635 -0.144939 0.377406
vn -0.729047 -0.189759 0.657633
vn -0.742496 -0.129641 0.657185
vn -0.920031 -0.074144 0.384767
vn -0.729047 -0.189759 0.657633
vn -0.451796 -0.219794 0.864622
vn -0.469794 -0.172297 0.865799
vn -0.742496 -0.129641 0.657185
vn -0.451796 -0.219794 0.864622
vn -0.052896 0.031991 0.998088
vn -0.106221 0.028297 0.993940
vn -0.469794 -0.172297 0.865799
vn -0.052896 0.031991 0.998088
vn 0.205952 -0.190299 0.959880
vn 0.207142 -0.178435 0.961901
vn -0.106221 0.028297 0.993940
vn 0.207142 -0.178435 0.961901
vn 0.503462 -0.145650 0.851652
vn 0.462196 -0.429396 0.775883
vn 0.169377 -0.445727 0.878999
vn 0.503462 -0.145650 0.851652
vn 0.736967 -0.096115 0.669060
vn 0.705688 -0.366741 0.606223
vn 0.462196 -0.429396 0.775883
vn 0.736967 -0.096115 0.669060
vn 0.899690 -0.036578 0.434995
vn 0.883070 -0.265880 0.386647
vn 0.705688 -0.366741 0.606223
vn 0.899690 -0.036578 0.434995
vn 0.985448 0.025930 0.167987
vn 0.980995 -0.137433 0.136968
vn 0.883070 -0.265880 0.386647
vn 0.985448 0.025930 0.167987
vn 0.987956 0.088391 -0.127004
vn 0.991511 0.011232 -0.129537
vn 0.980995 -0.137433 0.136968
vn 0.987956 0.088391 -0.127004
vn 0.890998 0.143165 -0.430843
vn 0.902613 0.171258 -0.394919
vn 0.991511 0.011232 -0.129537
vn 0.890998 0.143165 -0.430843
vn 0.669163 0.416630 -0.615338
vn 0.717239 0.320159 -0.618924
vn 0.902613 0.171258 -0.394919
vn 0.669163 0.416630 -0.615338
vn 0.430104 0.520807 -0.737408
vn 0.458319 0.439757 -0.772371
vn 0.717239 0.320159 -0.618924
vn 0.430104 0.520807 -0.737408
vn 0.168927 0.586212 -0.792351
vn 0.160406 0.517788 -0.840336
vn 0.458319 0.439757 -0.772371
vn 0.168927 0.586212 -0.792351
vn -0.105006 0.613611 -0.782595
vn -0.150793 0.550570 -0.821057
vn 0.160406 0.517788 -0.840336
vn -0.105006 0.613611 -0.782595
vn -0.366001 0.600835 -0.710663
vn -0.434871 0.537430 -0.722534
vn -0.150793 0.550570 -0.821057
vn -0.366001 0.600835 -0.710663
vn -0.721571 0.132785 -0.679488
vn -0.673881 0.482981 -0.559119
vn -0.434871 0.537430 -0.722534
vn -0.721571 0.132785 -0.679488
vn -0.880738 0.090347 -0.464906
vn -0.853997 0.391356 -0.342826
vn -0.673881 0.482981 -0.559119
vn -0.880738 0.090347 -0.464906
vn -0.977173 0.042000 -0.208255
vn -0.961397 0.263158 -0.080394
vn -0.853997 0.391356 -0.342826
vn -0.977173 0.042000 -0.208255
vn -0.996054 -0.014737 0.087517
vn -0.972610 0.105562 0.207089
vn -0.961397 0.263158 -0.080394
vn -0.996054 -0.014737 0.087517
vn -0.920031 -0.074144 0.384767
vn -0.881968 -0.053722 0.468238
vn -0.972610 0.105562 0.207089
vn -0.920031 -0.074144 0.384767
vn -0.742496 -0.129641 0.657185
vn -0.698224 -0.203705 0.686286
vn -0.881968 -0.053722 0.468238
vn -0.742496 -0.129641 0.657185
vn -0.469794 -0.172297 0.865799
vn -0.447558 -0.324334 0.833367
vn -0.698224 -0.203705 0.686286
vn -0.469794 -0.172297 0.865799
vn -0.160611 -0.499282 0.851424
vn -0.148510 -0.408966 0.900384
vn -0.447558 -0.324334 0.833367
vn -0.160611 -0.499282 0.851424
vn 0.207142 -0.178435 0.961901
vn 0.169377 -0.445727 0.878999
vn -0.148510 -0.408966 0.900384
vn 0.169377 -0.445727 0.878999
vn 0.462196 -0.429396 0.775883
vn 0.514715 -0.311761 0.798670
vn 0.218090 -0.299769 0.928749
vn 0.462196 -0.429396 0.775883
vn 0.705688 -0.366741 0.606223
vn 0.755269 -0.130279 0.642337
vn 0.514715 -0.311761 0.798670
vn 0.705688 -0.366741 0.606223
vn 0.883070 -0.265880 0.386647
vn 0.905753 -0.135478 0.401568
vn 0.755269 -0.130279 0.642337
vn 0.883070 -0.265880 0.386647
vn 0.980995 -0.137433 0.136968
vn 0.982398 -0.125563 0.138306
vn 0.905753 -0.135478 0.401568
vn 0.980995 -0.137433 0.136968
vn 0.991511 0.011232 -0.129537
vn 0.984788 -0.100651 -0.141640
vn 0.982398 -0.125563 0.138306
vn 0.991511 0.011232 -0.129537
vn 0.902613 0.171258 -0.394919
vn 0.899504 -0.060067 -0.432763
vn 0.984788 -0.100651 -0.141640
vn 0.902613 0.171258 -0.394919
vn 0.717239 0.320159 -0.618924
vn 0.715994 -0.004279 -0.698093
vn 0.899504 -0.060067 -0.432763
vn 0.717239 0.320159 -0.618924
vn 0.458319 0.439757 -0.772371
vn 0.466168 0.265958 -0.843774
vn 0.715994 -0.004279 -0.698093
vn 0.458319 0.439757 -0.772371
vn 0.160406 0.517788 -0.840336
vn 0.143432 0.351944 -0.924966
vn 0.466168 0.265958 -0.843774
vn 0.160406 0.517788 -0.840336
vn -0.150793 0.550570 -0.821057
vn -0.191771 0.401045 -0.895760
vn 0.143432 0.351944 -0.924966
vn -0.150793 0.550570 -0.821057
vn -0.434871 0.537430 -0.722534
vn -0.526804 0.247314 -0.813212
vn -0.191771 0.401045 -0.895760
vn -0.434871 0.537430 -0.722534
vn -0.673881 0.482981 -0.559119
vn -0.750328 0.276188 -0.600607
vn -0.526804 0.247314 -0.813212
vn -0.673881 0.482981 -0.559119
vn -0.853997 0.391356 -0.342826
vn -0.895769 0.285313 -0.340873
vn -0.750328 0.276188 -0.600607
vn -0.853997 0.391356 -0.342826
vn -0.961397 0.263158 -0.080394
vn -0.960517 0.274003 -0.048263
vn -0.895769 0.285313 -0.340873
vn -0.961397 0.263158 -0.080394
vn -0.972610 0.105562 0.207089
vn -0.936379 0.240782 0.255380
vn -0.960517 0.274003 -0.048263
vn -0.972610 0.105562 0.207089
vn -0.881968 -0.053722 0.468238
vn -0.828654 0.191120 0.526123
vn -0.936379 0.240782 0.255380
vn -0.881968 -0.053722 0.468238
vn -0.698224 -0.203705 0.686286
vn -0.687069 -0.063070 0.723850
vn -0.828654 0.191120 0.526123
vn -0.698224 -0.203705 0.686286
vn -0.447558 -0.324334 0.833367
vn -0.432595 -0.164727 0.886412
vn -0.687069 -0.063070 0.723850
vn -0.447558 -0.324334 0.833367
vn -0.148510 -0.408966 0.900384
vn -0.120811 -0.247504 0.961325
vn -0.432595 -0.164727 0.886412
vn -0.148510 -0.408966 0.900384
vn 0.169377 -0.445727 0.878999
vn 0.218090 -0.299769 0.928749
vn -0.120811 -0.247504 0.961325
vn 0.252204 0.421910 0.870853
vn 0.489470 0.342515 0.801936
vn 0.132292 0.989138 -0.064062
vn 0.489470 0.342515 0.801936
vn 0.755269 -0.130279 0.642337
vn 0.132292 0.989138 -0.064062
vn 0.755269 -0.130279 0.642337
vn 0.905753 -0.135478 0.401568
vn 0.132292 0.989138 -0.064062
vn 0.905753 -0.135478 0.401568
vn 0.982398 -0.125563 0.138306
vn 0.132292 0.989138 -0.064062
vn 0.982398 -0.125563 0.138306
vn 0.984788 -0.100651 -0.141640
vn 0.132292 0.989138 -0.064062
vn 0.984788 -0.100651 -0.141640
vn 0.899504 -0.060067 -0.432763
vn 0.132292 0.989138 -0.064062
vn 0.899504 -0.060067 -0.432763
vn 0.715994 -0.004279 -0.698093
vn 0.132292 0.989138 -0.064062
vn 0.715994 -0.004279 -0.698093
vn 0.330769 -0.351447 -0.875829
vn 0.132292 0.989138 -0.064062
vn 0.330769 -0.351447 -0.875829
vn 0.025804 -0.317802 -0.947806
vn 0.132292 0.989138 -0.064062
vn 0.025804 -0.317802 -0.947806
vn -0.280250 -0.241949 -0.928935
vn 0.132292 0.989138 -0.064062
vn -0.280250 -0.241949 -0.928935
vn -0.526804 0.247314 -0.813212
vn 0.132292 0.989138 -0.064062
vn -0.526804 0.247314 -0.813212
vn -0.750328 0.276188 -0.600607
vn 0.132292 0.989138 -0.064062
vn -0.750328 0.276188 -0.600607
vn -0.895769 0.285313 -0.340873
vn 0.132292 0.989138 -0.064062
vn -0.895769 0.285313 -0.340873
vn -0.960517 0.274003 -0.048263
vn 0.132292 0.989138 -0.064062
vn -0.960517 0.274003 -0.048263
vn -0.936379 0.240782 0.255380
vn 0.132292 0.989138 -0.064062
vn -0.936379 0.240782 0.255380
vn -0.828654 0.191120 0.526123
vn 0.132292 0.989138 -0.064062
vn -0.828654 0.191120 0.526123
vn -0.452533 0.514740 0.728187
vn 0.132292 0.989138 -0.064062
vn -0.452533 0.514740 0.728187
vn -0.228480 0.508201 0.830379
vn 0.132292 0.989138 -0.064062
vn -0.228480 0.508201 0.830379
vn 0.006650 0.477657 0.878521
vn 0.132292 0.989138 -0.064062
vn 0.006650 0.477657 0.878521
vn 0.252204 0.421910 0.870853
vn 0.132292 0.989138 -0.064062
vn 0.148730 0.801110 0.579743
vn 0.083469 0.696855 0.712338
vn -0.263283 0.848796 0.458506
vn -0.187331 0.908792 0.372832
vn -0.187331 0.908792 0.372832
vn -0.263283 0.848796 0.458506
vn -0.544857 0.829289 0.124139
vn -0.483753 0.869218 0.102194
vn -0.483753 0.869218 0.102194
vn -0.544857 0.829289 0.124139
vn -0.665796 0.738950 -0.103288
vn -0.636730 0.765108 -0.095833
vn -0.636730 0.765108 -0.095833
vn -0.665796 0.738950 -0.103288
vn -0.721614 0.630177 -0.286617
vn -0.722820 0.643116 -0.252852
vn -0.722820 0.643116 -0.252852
vn -0.721614 0.630177 -0.286617
vn -0.738817 0.498290 -0.453714
vn -0.773486 0.492025 -0.399538
vn -0.773486 0.492025 -0.399538
vn -0.738817 0.498290 -0.453714
vn -0.716935 0.336326 -0.610647
vn -0.786848 0.307876 -0.534867
vn -0.786848 0.307876 -0.534867
vn -0.716935 0.336326 -0.610647
vn -0.622012 0.082413 -0.778659
vn -0.738267 0.030961 -0.673798
vn -0.738267 0.030961 -0.673798
vn -0.622012 0.082413 -0.778659
vn -0.414125 -0.240152 -0.877968
vn -0.561724 -0.339539 -0.754440
vn -0.561724 -0.339539 -0.754440
vn -0.414125 -0.240152 -0.877968
vn -0.164611 -0.497191 -0.851883
vn -0.309339 -0.630369 -0.712000
vn -0.309339 -0.630369 -0.712000
vn -0.164611 -0.497191 -0.851883
vn 0.067856 -0.665083 -0.743680
vn -0.064527 -0.798497 -0.598530
vn -0.064527 -0.798497 -0.598530
vn 0.067856 -0.665083 -0.743680
vn 0.306647 -0.769651 -0.560005
vn 0.193984 -0.884100 -0.425132
vn 0.193984 -0.884100 -0.425132
vn 0.306647 -0.769651 -0.560005
vn 0.552058 -0.787434 -0.274190
vn 0.476689 -0.862943 -0.167620
vn 0.476689 -0.862943 -0.167620
vn 0.552058 -0.787434 -0.274190
vn 0.695382 -0.718562 -0.010590
vn 0.654966 -0.753894 0.051610
vn 0.654966 -0.753894 0.051610
vn 0.695382 -0.718562 -0.010590
vn 0.761004 -0.622026 0.184272
vn 0.753831 -0.621994 0.211807
vn 0.753831 -0.621994 0.211807
vn 0.761004 -0.622026 0.184272
vn 0.793346 -0.479704 0.374815
vn 0.819526 -0.433990 0.374204
vn 0.819526 -0.433990 0.374204
vn 0.793346 -0.479704 0.374815
vn 0.776314 -0.254198 0.576818
vn 0.825198 -0.149264 0.544764
vn 0.825198 -0.149264 0.544764
vn 0.776314 -0.254198 0.576818
vn 0.658071 0.061087 0.750474
vn 0.717302 0.202327 0.666740
vn 0.717302 0.202327 0.666740
vn 0.658071 0.061087 0.750474
vn 0.480222 0.330039 0.812688
vn 0.552225 0.463413 0.693034
vn 0.552225 0.463413 0.693034
vn 0.480222 0.330039 0.812688
vn 0.311974 0.513088 0.799633
vn 0.382939 0.639122 0.666994
vn 0.382939 0.639122 0.666994
vn 0.311974 0.513088 0.799633
vn 0.083469 0.696855 0.712338
vn 0.148730 0.801110 0.579743
vn 0.083469 0.696855 0.712338
vn -0.385316 0.135009 0.912855
vn -0.640160 0.454798 0.619156
vn -0.263283 0.848796 0.458506
vn -0.263283 0.848796 0.458506
vn -0.640160 0.454798 0.619156
vn -0.736885 0.646010 0.199178
vn -0.544857 0.829289 0.124139
vn -0.544857 0.829289 0.124139
vn -0.736885 0.646010 0.199178
vn -0.717434 0.692845 -0.072491
vn -0.665796 0.738950 -0.103288
vn -0.665796 0.738950 -0.103288
vn -0.717434 0.692845 -0.072491
vn -0.664019 0.690451 -0.286979
vn -0.721614 0.630177 -0.286617
vn -0.721614 0.630177 -0.286617
vn -0.664019 0.690451 -0.286979
vn -0.585252 0.656683 -0.475655
vn -0.738817 0.498290 -0.453714
vn -0.738817 0.498290 -0.453714
vn -0.585252 0.656683 -0.475655
vn -0.476639 0.591374 -0.650455
vn -0.716935 0.336326 -0.610647
vn -0.716935 0.336326 -0.610647
vn -0.476639 0.591374 -0.650455
vn -0.286576 0.459174 -0.840852
vn -0.622012 0.082413 -0.778659
vn -0.622012 0.082413 -0.778659
vn -0.286576 0.459174 -0.840852
vn -0.013379 0.248937 -0.968427
vn -0.414125 -0.240152 -0.877968
vn -0.414125 -0.240152 -0.877968
vn -0.013379 0.248937 -0.968427
vn 0.244784 0.030843 -0.969087
vn -0.164611 -0.497191 -0.851883
vn -0.164611 -0.497191 -0.851883
vn 0.244784 0.030843 -0.969087
vn 0.449227 -0.158155 -0.879308
vn 0.067856 -0.665083 -0.743680
vn 0.067856 -0.665083 -0.743680
vn 0.449227 -0.158155 -0.879308
vn 0.623889 -0.334566 -0.706278
vn 0.306647 -0.769651 -0.560005
vn 0.306647 -0.769651 -0.560005
vn 0.623889 -0.334566 -0.706278
vn 0.764205 -0.507823 -0.397627
vn 0.552058 -0.787434 -0.274190
vn 0.552058 -0.787434 -0.274190
vn 0.764205 -0.507823 -0.397627
vn 0.794040 -0.603045 -0.076398
vn 0.695382 -0.718562 -0.010590
vn 0.695382 -0.718562 -0.010590
vn 0.794040 -0.603045 -0.076398
vn 0.754697 -0.633509 0.170585
vn 0.761004 -0.622026 0.184272
vn 0.761004 -0.622026 0.184272
vn 0.754697 -0.633509 0.170585
vn 0.665563 -0.624756 0.408297
vn 0.793346 -0.479704 0.374815
vn 0.793346 -0.479704 0.374815
vn 0.665563 -0.624756 0.408297
vn 0.502629 -0.558186 0.660145
vn 0.776314 -0.254198 0.576818
vn 0.776314 -0.254198 0.576818
vn 0.502629 -0.558186 0.660145
vn 0.241466 -0.405817 0.881480
vn 0.658071 0.061087 0.750474
vn 0.658071 0.061087 0.750474
vn 0.241466 -0.405817 0.881480
vn -0.005559 -0.234954 0.971991
vn 0.480222 0.330039 0.812688
vn 0.480222 0.330039 0.812688
vn -0.005559 -0.234954 0.971991
vn -0.180816 -0.085558 0.979788
vn 0.311974 0.513088 0.799633
vn 0.311974 0.513088 0.799633
vn -0.180816 -0.085558 0.979788
vn -0.385316 0.135009 0.912855
vn 0.083469 0.696855 0.712338
vn -0.385316 0.135009 0.912855
vn -0.568601 -0.148011 0.809188
vn -0.782384 0.188257 0.593663
vn -0.640160 0.454798 0.619156
vn -0.640160 0.454798 0.619156
vn -0.782384 0.188257 0.593663
vn -0.830296 0.507431 0.230484
vn -0.736885 0.646010 0.199178
vn -0.736885 0.646010 0.199178
vn -0.830296 0.507431 0.230484
vn -0.756606 0.653085 -0.032045
vn -0.717434 0.692845 -0.072491
vn -0.717434 0.692845 -0.072491
vn -0.756606 0.653085 -0.032045
vn -0.649825 0.724383 -0.230211
vn -0.664019 0.690451 -0.286979
vn -0.664019 0.690451 -0.286979
vn -0.649825 0.724383 -0.230211
vn -0.513934 0.756351 -0.404729
vn -0.585252 0.656683 -0.475655
vn -0.585252 0.656683 -0.475655
vn -0.513934 0.756351 -0.404729
vn -0.351163 0.752213 -0.557549
vn -0.476639 0.591374 -0.650455
vn -0.476639 0.591374 -0.650455
vn -0.351163 0.752213 -0.557549
vn -0.107222 0.690488 -0.715353
vn -0.286576 0.459174 -0.840852
vn -0.286576 0.459174 -0.840852
vn -0.107222 0.690488 -0.715353
vn 0.215191 0.526429 -0.822536
vn -0.013379 0.248937 -0.968427
vn -0.013379 0.248937 -0.968427
vn 0.215191 0.526429 -0.822536
vn 0.482527 0.313496 -0.817855
vn 0.244784 0.030843 -0.969087
vn 0.244784 0.030843 -0.969087
vn 0.482527 0.313496 -0.817855
vn 0.666364 0.105493 -0.738126
vn 0.449227 -0.158155 -0.879308
vn 0.449227 -0.158155 -0.879308
vn 0.666364 0.105493 -0.738126
vn 0.803947 -0.128467 -0.580659
vn 0.623889 -0.334566 -0.706278
vn 0.623889 -0.334566 -0.706278
vn 0.803947 -0.128467 -0.580659
vn 0.865238 -0.404026 -0.296860
vn 0.764205 -0.507823 -0.397627
vn 0.764205 -0.507823 -0.397627
vn 0.865238 -0.404026 -0.296860
vn 0.810780 -0.585163 -0.014848
vn 0.794040 -0.603045 -0.076398
vn 0.794040 -0.603045 -0.076398
vn 0.810780 -0.585163 -0.014848
vn 0.706938 -0.676854 0.205202
vn 0.754697 -0.633509 0.170585
vn 0.754697 -0.633509 0.170585
vn 0.706938 -0.676854 0.205202
vn 0.554099 -0.721315 0.415547
vn 0.665563 -0.624756 0.408297
vn 0.665563 -0.624756 0.408297
vn 0.554099 -0.721315 0.415547
vn 0.323983 -0.707026 0.628609
vn 0.502629 -0.558186 0.660145
vn 0.502629 -0.558186 0.660145
vn 0.323983 -0.707026 0.628609
vn 0.023441 -0.603058 0.797353
vn 0.241466 -0.405817 0.881480
vn 0.241466 -0.405817 0.881480
vn 0.023441 -0.603058 0.797353
vn -0.217348 -0.463299 0.859135
vn -0.005559 -0.234954 0.971991
vn -0.005559 -0.234954 0.971991
vn -0.217348 -0.463299 0.859135
vn -0.380661 -0.336849 0.861179
vn -0.180816 -0.085558 0.979788
vn -0.180816 -0.085558 0.979788
vn -0.380661 -0.336849 0.861179
vn -0.568601 -0.148011 0.809188
vn -0.385316 0.135009 0.912855
vn -0.131005 0.408523 0.903298
vn 0.715294 0.692583 -0.093187
vn -0.412455 0.628423 0.659519
vn -0.412455 0.628423 0.659519
vn 0.715294 0.692583 -0.093187
vn -0.615487 0.738923 0.274170
vn -0.615487 0.738923 0.274170
vn 0.715294 0.692583 -0.093187
vn -0.682542 0.730595 -0.019180
vn -0.682542 0.730595 -0.019180
vn 0.715294 0.692583 -0.093187
vn -0.688788 0.681890 -0.246165
vn -0.688788 0.681890 -0.246165
vn 0.715294 0.692583 -0.093187
vn -0.657475 0.602021 -0.453098
vn -0.657475 0.602021 -0.453098
vn 0.715294 0.692583 -0.093187
vn -0.588514 0.492878 -0.640876
vn -0.588514 0.492878 -0.640876
vn 0.715294 0.692583 -0.093187
vn -0.444138 0.312829 -0.839571
vn -0.444138 0.312829 -0.839571
vn 0.715294 0.692583 -0.093187
vn -0.196746 0.047050 -0.979325
vn -0.196746 0.047050 -0.979325
vn 0.715294 0.692583 -0.093187
vn 0.064096 -0.196398 -0.978427
vn 0.064096 -0.196398 -0.978427
vn 0.715294 0.692583 -0.093187
vn 0.291393 -0.379927 -0.877921
vn 0.291393 -0.379927 -0.877921
vn 0.715294 0.692583 -0.093187
vn 0.515202 -0.531366 -0.672471
vn 0.515202 -0.531366 -0.672471
vn 0.715294 0.692583 -0.093187
vn 0.706817 -0.626536 -0.328424
vn 0.706817 -0.626536 -0.328424
vn 0.715294 0.692583 -0.093187
vn 0.780975 -0.624443 -0.012220
vn 0.780975 -0.624443 -0.012220
vn 0.715294 0.692583 -0.093187
vn 0.785544 -0.571921 0.236276
vn 0.785544 -0.571921 0.236276
vn 0.715294 0.692583 -0.093187
vn 0.738900 -0.476055 0.476863
vn 0.738900 -0.476055 0.476863
vn 0.715294 0.692583 -0.093187
vn 0.620485 -0.319379 0.716237
vn 0.620485 -0.319379 0.716237
vn 0.715294 0.692583 -0.093187
vn 0.424388 -0.104477 0.899433
vn 0.424388 -0.104477 0.899433
vn 0.715294 0.692583 -0.093187
vn 0.234706 0.088011 0.968074
vn 0.234706 0.088011 0.968074
vn 0.715294 0.692583 -0.093187
vn 0.076538 0.233314 0.969385
vn 0.076538 0.233314 0.969385
vn 0.715294 0.692583 -0.093187
vn -0.131005 0.408523 0.903298
vn 0.865238 -0.404026 -0.296860
vn 0.806311 -0.510211 -0.299245
vn 0.791730 -0.610871 0.000957
vn 0.810780 -0.585163 -0.014848
vn 0.706938 -0.676854 0.205202
vn 0.810780 -0.585163 -0.014848
vn 0.791730 -0.610871 0.000957
vn 0.727702 -0.644269 0.235303
vn 0.554099 -0.721315 0.415547
vn 0.706938 -0.676854 0.205202
vn 0.727702 -0.644269 0.235303
vn 0.615385 -0.637669 0.463335
vn 0.323983 -0.707026 0.628609
vn 0.554099 -0.721315 0.415547
vn 0.615385 -0.637669 0.463335
vn 0.425139 -0.574862 0.699136
vn 0.023441 -0.603058 0.797353
vn 0.323983 -0.707026 0.628609
vn 0.425139 -0.574862 0.699136
vn 0.160343 -0.432934 0.887051
vn -0.217348 -0.463299 0.859135
vn 0.023441 -0.603058 0.797353
vn 0.160343 -0.432934 0.887051
vn -0.065744 -0.275522 0.959044
vn -0.380661 -0.336849 0.861179
vn -0.217348 -0.463299 0.859135
vn -0.065744 -0.275522 0.959044
vn -0.235960 -0.140354 0.961574
vn -0.568601 -0.148011 0.809188
vn -0.380661 -0.336849 0.861179
vn -0.235960 -0.140354 0.961574
vn -0.440389 0.045147 0.896671
vn -0.782384 0.188257 0.593663
vn -0.568601 -0.148011 0.809188
vn -0.440389 0.045147 0.896671
vn -0.679942 0.328594 0.655518
vn -0.830296 0.507431 0.230484
vn -0.782384 0.188257 0.593663
vn -0.679942 0.328594 0.655518
vn -0.785870 0.558234 0.266051
vn -0.756606 0.653085 -0.032045
vn -0.830296 0.507431 0.230484
vn -0.785870 0.558234 0.266051
vn -0.764074 0.644803 -0.020476
vn -0.649825 0.724383 -0.230211
vn -0.756606 0.653085 -0.032045
vn -0.764074 0.644803 -0.020476
vn -0.701942 0.672680 -0.234047
vn -0.513934 0.756351 -0.404729
vn -0.649825 0.724383 -0.230211
vn -0.701942 0.672680 -0.234047
vn -0.607707 0.668621 -0.428531
vn -0.351163 0.752213 -0.557549
vn -0.513934 0.756351 -0.404729
vn -0.607707 0.668621 -0.428531
vn -0.482261 0.633542 -0.605020
vn -0.107222 0.690488 -0.715353
vn -0.351163 0.752213 -0.557549
vn -0.482261 0.633542 -0.605020
vn -0.275574 0.539508 -0.795607
vn 0.215191 0.526429 -0.822536
vn -0.107222 0.690488 -0.715353
vn -0.275574 0.539508 -0.795607
vn 0.038931 0.342040 -0.938879
vn 0.482527 0.313496 -0.817855
vn 0.215191 0.526429 -0.822536
vn 0.038931 0.342040 -0.938879
vn 0.329633 0.109965 -0.937683
vn 0.666364 0.105493 -0.738126
vn 0.482527 0.313496 -0.817855
vn 0.329633 0.109965 -0.937683
vn 0.542497 -0.096659 -0.834478
vn 0.803947 -0.128467 -0.580659
vn 0.666364 0.105493 -0.738126
vn 0.542497 -0.096659 -0.834478
vn 0.711925 -0.305817 -0.632169
vn 0.865238 -0.404026 -0.296860
vn 0.803947 -0.128467 -0.580659
vn 0.711925 -0.305817 -0.632169
vn 0.806311 -0.510211 -0.299245
vn 0.727702 -0.644269 0.235303
vn 0.791730 -0.610871 0.000957
vn 0.780975 -0.624443 -0.012220
vn 0.785544 -0.571921 0.236276
vn 0.615385 -0.637669 0.463335
vn 0.727702 -0.644269 0.235303
vn 0.785544 -0.571921 0.236276
vn 0.738900 -0.476055 0.476863
vn 0.425139 -0.574862 0.699136
vn 0.615385 -0.637669 0.463335
vn 0.738900 -0.476055 0.476863
vn 0.620485 -0.319379 0.716237
vn 0.160343 -0.432934 0.887051
vn 0.425139 -0.574862 0.699136
vn 0.620485 -0.319379 0.716237
vn 0.424388 -0.104477 0.899433
vn -0.065744 -0.275522 0.959044
vn 0.160343 -0.432934 0.887051
vn 0.424388 -0.104477 0.899433
vn 0.234706 0.088011 0.968074
vn -0.235960 -0.140354 0.961574
vn -0.065744 -0.275522 0.959044
vn 0.234706 0.088011 0.968074
vn 0.076538 0.233314 0.969385
vn -0.440389 0.045147 0.896671
vn -0.235960 -0.140354 0.961574
vn 0.076538 0.233314 0.969385
vn -0.131005 0.408523 0.903298
vn -0.679942 0.328594 0.655518
vn -0.440389 0.045147 0.896671
vn -0.131005 0.408523 0.903298
vn -0.412455 0.628423 0.659519
vn -0.785870 0.558234 0.266051
vn -0.679942 0.328594 0.655518
vn -0.412455 0.628423 0.659519
vn -0.615487 0.738923 0.274170
vn -0.764074 0.644803 -0.020476
vn -0.785870 0.558234 0.266051
vn -0.615487 0.738923 0.274170
vn -0.682542 0.730595 -0.019180
vn -0.701942 0.672680 -0.234047
vn -0.764074 0.644803 -0.020476
vn -0.682542 0.730595 -0.019180
vn -0.688788 0.681890 -0.246165
vn -0.607707 0.668621 -0.428531
vn -0.701942 0.672680 -0.234047
vn -0.688788 0.681890 -0.246165
vn -0.657475 0.602021 -0.453098
vn -0.482261 0.633542 -0.605020
vn -0.607707 0.668621 -0.428531
vn -0.657475 0.602021 -0.453098
vn -0.588514 0.492878 -0.640876
vn -0.275574 0.539508 -0.795607
vn -0.482261 0.633542 -0.605020
vn -0.588514 0.492878 -0.640876
vn -0.444138 0.312829 -0.839571
vn 0.038931 0.342040 -0.938879
vn -0.275574 0.539508 -0.795607
vn -0.444138 0.312829 -0.839571
vn -0.196746 0.047050 -0.979325
vn 0.329633 0.109965 -0.937683
vn 0.038931 0.342040 -0.938879
vn -0.196746 0.047050 -0.979325
vn 0.064096 -0.196398 -0.978427
vn 0.542497 -0.096659 -0.834478
vn 0.329633 0.109965 -0.937683
vn 0.064096 -0.196398 -0.978427
vn 0.291393 -0.379927 -0.877921
vn 0.711925 -0.305817 -0.632169
vn 0.542497 -0.096659 -0.834478
vn 0.291393 -0.379927 -0.877921
vn 0.515202 -0.531366 -0.672471
vn 0.806311 -0.510211 -0.299245
vn 0.711925 -0.305817 -0.632169
vn 0.515202 -0.531366 -0.672471
vn 0.706817 -0.626536 -0.328424
vn 0.791730 -0.610871 0.000957
vn 0.806311 -0.510211 -0.299245
vn 0.706817 -0.626536 -0.328424
vn 0.780975 -0.624443 -0.012220
vn 0.967687 -0.222841 0.117997
vn 0.874951 -0.463262 0.140887
vn 0.883561 -0.368663 0.288803
vn 0.979160 -0.131916 0.154417
vn 0.995530 0.054989 0.076785
vn 0.967687 -0.222841 0.117997
vn 0.979160 -0.131916 0.154417
vn 0.994296 0.106185 0.010065
vn 0.934712 0.355031 0.016330
vn 0.995530 0.054989 0.076785
vn 0.994296 0.106185 0.010065
vn 0.932725 0.331835 -0.141105
vn 0.764033 0.642069 -0.063254
vn 0.934712 0.355031 0.016330
vn 0.932725 0.331835 -0.141105
vn 0.794431 0.531051 -0.294726
vn 0.484611 0.860295 -0.158256
vn 0.764033 0.642069 -0.063254
vn 0.794431 0.531051 -0.294726
vn 0.413846 0.892417 -0.179788
vn 0.137717 0.956218 -0.258228
vn 0.484611 0.860295 -0.158256
vn 0.413846 0.892417 -0.179788
vn 0.081696 0.958447 -0.273321
vn -0.197130 0.917512 -0.345415
vn 0.137717 0.956218 -0.258228
vn 0.081696 0.958447 -0.273321
vn -0.224083 0.908744 -0.352096
vn -0.485084 0.770632 -0.413304
vn -0.197130 0.917512 -0.345415
vn -0.224083 0.908744 -0.352096
vn -0.486889 0.769285 -0.413690
vn -0.708204 0.541574 -0.452929
vn -0.485084 0.770632 -0.413304
vn -0.486889 0.769285 -0.413690
vn -0.695845 0.558626 -0.451372
vn -0.849005 0.263733 -0.457860
vn -0.708204 0.541574 -0.452929
vn -0.695845 0.558626 -0.451372
vn -0.800496 0.325279 -0.503388
vn -0.903418 -0.036427 -0.427211
vn -0.849005 0.263733 -0.457860
vn -0.800496 0.325279 -0.503388
vn -0.925936 0.096038 -0.365266
vn -0.867326 -0.341208 -0.362383
vn -0.903418 -0.036427 -0.427211
vn -0.925936 0.096038 -0.365266
vn -0.968877 -0.140134 -0.204057
vn -0.736155 -0.620819 -0.269555
vn -0.867326 -0.341208 -0.362383
vn -0.968877 -0.140134 -0.204057
vn -0.925790 -0.377296 -0.023693
vn -0.518536 -0.839784 -0.160883
vn -0.736155 -0.620819 -0.269555
vn -0.925790 -0.377296 -0.023693
vn -0.576622 -0.795217 -0.187450
vn -0.250701 -0.966543 -0.054263
vn -0.518536 -0.839784 -0.160883
vn -0.576622 -0.795217 -0.187450
vn -0.310844 -0.947380 -0.076471
vn 0.052856 -0.997776 0.040612
vn -0.250701 -0.966543 -0.054263
vn -0.310844 -0.947380 -0.076471
vn 0.001395 -0.999655 0.026246
vn 0.326179 -0.939615 0.103593
vn 0.052856 -0.997776 0.040612
vn 0.001395 -0.999655 0.026246
vn 0.298679 -0.949268 0.098391
vn 0.552664 -0.822127 0.136640
vn 0.326179 -0.939615 0.103593
vn 0.298679 -0.949268 0.098391
vn 0.544530 -0.827670 0.135829
vn 0.735597 -0.661176 0.147457
vn 0.552664 -0.822127 0.136640
vn 0.544530 -0.827670 0.135829
vn 0.740951 -0.655168 0.147468
vn 0.874951 -0.463262 0.140887
vn 0.735597 -0.661176 0.147457
vn 0.740951 -0.655168 0.147468
vn 0.883561 -0.368663 0.288803
vn -0.659076 -0.399957 0.636909
vn -0.839099 -0.299709 0.453968
vn -0.827221 -0.458553 0.324707
vn -0.628714 -0.586552 0.510564
vn -0.839099 -0.299709 0.453968
vn -0.925790 -0.377296 -0.023693
vn -0.948152 -0.295916 0.115938
vn -0.827221 -0.458553 0.324707
vn -0.925790 -0.377296 -0.023693
vn -0.968877 -0.140134 -0.204057
vn -0.989127 -0.110257 -0.097322
vn -0.948152 -0.295916 0.115938
vn -0.968877 -0.140134 -0.204057
vn -0.925936 0.096038 -0.365266
vn -0.950128 0.085389 -0.299942
vn -0.989127 -0.110257 -0.097322
vn -0.925936 0.096038 -0.365266
vn -0.800496 0.325279 -0.503388
vn -0.828239 0.284196 -0.482963
vn -0.950128 0.085389 -0.299942
vn -0.800496 0.325279 -0.503388
vn -0.497439 0.495843 -0.711824
vn -0.614431 0.473018 -0.631450
vn -0.828239 0.284196 -0.482963
vn -0.497439 0.495843 -0.711824
vn -0.178050 0.586918 -0.789827
vn -0.322642 0.619035 -0.716029
vn -0.614431 0.473018 -0.631450
vn -0.178050 0.586918 -0.789827
vn 0.136218 0.610785 -0.779991
vn 0.010338 0.695035 -0.718901
vn -0.322642 0.619035 -0.716029
vn 0.136218 0.610785 -0.779991
vn 0.412940 0.577218 -0.704486
vn 0.335917 0.689699 -0.641463
vn 0.010338 0.695035 -0.718901
vn 0.412940 0.577218 -0.704486
vn 0.645186 0.497368 -0.579965
vn 0.621104 0.608013 -0.494521
vn 0.335917 0.689699 -0.641463
vn 0.645186 0.497368 -0.579965
vn 0.794431 0.531051 -0.294726
vn 0.826567 0.470861 -0.308344
vn 0.621104 0.608013 -0.494521
vn 0.794431 0.531051 -0.294726
vn 0.932725 0.331835 -0.141105
vn 0.948743 0.298995 -0.102412
vn 0.826567 0.470861 -0.308344
vn 0.932725 0.331835 -0.141105
vn 0.994296 0.106185 0.010065
vn 0.988056 0.105166 0.112633
vn 0.948743 0.298995 -0.102412
vn 0.994296 0.106185 0.010065
vn 0.979160 -0.131916 0.154417
vn 0.938329 -0.103640 0.329845
vn 0.988056 0.105166 0.112633
vn 0.979160 -0.131916 0.154417
vn 0.883561 -0.368663 0.288803
vn 0.790476 -0.310519 0.527944
vn 0.938329 -0.103640 0.329845
vn 0.883561 -0.368663 0.288803
vn 0.593560 -0.420376 0.686274
vn 0.565613 -0.481460 0.669536
vn 0.790476 -0.310519 0.527944
vn 0.593560 -0.420376 0.686274
vn 0.265460 -0.505942 0.820703
vn 0.277768 -0.606531 0.744959
vn 0.565613 -0.481460 0.669536
vn 0.265460 -0.505942 0.820703
vn -0.085667 -0.522429 0.848368
vn -0.036224 -0.670500 0.741025
vn 0.277768 -0.606531 0.744959
vn -0.085667 -0.522429 0.848368
vn -0.400622 -0.481302 0.779648
vn -0.349903 -0.665248 0.659555
vn -0.036224 -0.670500 0.741025
vn -0.400622 -0.481302 0.779648
vn -0.659076 -0.399957 0.636909
vn -0.628714 -0.586552 0.510564
vn -0.349903 -0.665248 0.659555
vn -0.628714 -0.586552 0.510564
vn -0.827221 -0.458553 0.324707
vn -0.698150 -0.715888 0.009490
vn -0.493812 -0.842514 0.215222
vn -0.827221 -0.458553 0.324707
vn -0.948152 -0.295916 0.115938
vn -0.826812 -0.530759 -0.186218
vn -0.698150 -0.715888 0.009490
vn -0.948152 -0.295916 0.115938
vn -0.989127 -0.110257 -0.097322
vn -0.880600 -0.309216 -0.359067
vn -0.826812 -0.530759 -0.186218
vn -0.989127 -0.110257 -0.097322
vn -0.950128 0.085389 -0.299942
vn -0.863001 -0.070868 -0.500207
vn -0.880600 -0.309216 -0.359067
vn -0.950128 0.085389 -0.299942
vn -0.828239 0.284196 -0.482963
vn -0.775038 0.175056 -0.607184
vn -0.863001 -0.070868 -0.500207
vn -0.828239 0.284196 -0.482963
vn -0.614431 0.473018 -0.631450
vn -0.610514 0.419480 -0.671796
vn -0.775038 0.175056 -0.607184
vn -0.614431 0.473018 -0.631450
vn -0.322642 0.619035 -0.716029
vn -0.374758 0.632549 -0.677819
vn -0.610514 0.419480 -0.671796
vn -0.322642 0.619035 -0.716029
vn 0.010338 0.695035 -0.718901
vn -0.087427 0.783250 -0.615529
vn -0.374758 0.632549 -0.677819
vn 0.010338 0.695035 -0.718901
vn 0.335917 0.689699 -0.641463
vn 0.218289 0.846734 -0.485172
vn -0.087427 0.783250 -0.615529
vn 0.335917 0.689699 -0.641463
vn 0.621104 0.608013 -0.494521
vn 0.508663 0.809053 -0.294441
vn 0.218289 0.846734 -0.485172
vn 0.621104 0.608013 -0.494521
vn 0.826567 0.470861 -0.308344
vn 0.728288 0.680498 -0.080744
vn 0.508663 0.809053 -0.294441
vn 0.826567 0.470861 -0.308344
vn 0.948743 0.298995 -0.102412
vn 0.861061 0.492548 0.126371
vn 0.728288 0.680498 -0.080744
vn 0.948743 0.298995 -0.102412
vn 0.988056 0.105166 0.112633
vn 0.911309 0.268728 0.311932
vn 0.861061 0.492548 0.126371
vn 0.988056 0.105166 0.112633
vn 0.938329 -0.103640 0.329845
vn 0.882818 0.018472 0.469352
vn 0.911309 0.268728 0.311932
vn 0.938329 -0.103640 0.329845
vn 0.790476 -0.310519 0.527944
vn 0.772947 -0.244406 0.585508
vn 0.882818 0.018472 0.469352
vn 0.790476 -0.310519 0.527944
vn 0.565613 -0.481460 0.669536
vn 0.595852 -0.482188 0.642227
vn 0.772947 -0.244406 0.585508
vn 0.565613 -0.481460 0.669536
vn 0.277768 -0.606531 0.744959
vn 0.353605 -0.687794 0.633958
vn 0.595852 -0.482188 0.642227
vn 0.277768 -0.606531 0.744959
vn -0.036224 -0.670500 0.741025
vn 0.073301 -0.827550 0.556586
vn 0.353605 -0.687794 0.633958
vn -0.036224 -0.670500 0.741025
vn -0.349903 -0.665248 0.659555
vn -0.222978 -0.884439 0.409937
vn 0.073301 -0.827550 0.556586
vn -0.349903 -0.665248 0.659555
vn -0.628714 -0.586552 0.510564
vn -0.493812 -0.842514 0.215222
vn -0.222978 -0.884439 0.409937
vn -0.493812 -0.842514 0.215222
vn -0.698150 -0.715888 0.009490
vn -0.382368 -0.828815 -0.408486
vn -0.187373 -0.954616 -0.231516
vn -0.698150 -0.715888 0.009490
vn -0.826812 -0.530759 -0.186218
vn -0.531109 -0.649198 -0.544486
vn -0.382368 -0.828815 -0.408486
vn -0.826812 -0.530759 -0.186218
vn -0.880600 -0.309216 -0.359067
vn -0.635674 -0.431041 -0.640408
vn -0.531109 -0.649198 -0.544486
vn -0.880600 -0.309216 -0.359067
vn -0.863001 -0.070868 -0.500207
vn -0.696556 -0.182785 -0.693829
vn -0.635674 -0.431041 -0.640408
vn -0.863001 -0.070868 -0.500207
vn -0.775038 0.175056 -0.607184
vn -0.710098 0.095120 -0.697649
vn -0.696556 -0.182785 -0.693829
vn -0.775038 0.175056 -0.607184
vn -0.610514 0.419480 -0.671796
vn -0.662193 0.402657 -0.631955
vn -0.710098 0.095120 -0.697649
vn -0.610514 0.419480 -0.671796
vn -0.374758 0.632549 -0.677819
vn -0.344427 0.635917 -0.690638
vn -0.662193 0.402657 -0.631955
vn -0.374758 0.632549 -0.677819
vn -0.087427 0.783250 -0.615529
vn -0.088286 0.833387 -0.545593
vn -0.344427 0.635917 -0.690638
vn -0.087427 0.783250 -0.615529
vn 0.218289 0.846734 -0.485172
vn 0.178345 0.922626 -0.341985
vn -0.088286 0.833387 -0.545593
vn 0.218289 0.846734 -0.485172
vn 0.508663 0.809053 -0.294441
vn 0.423923 0.899382 -0.106782
vn 0.178345 0.922626 -0.341985
vn 0.508663 0.809053 -0.294441
vn 0.728288 0.680498 -0.080744
vn 0.609044 0.784807 0.114646
vn 0.423923 0.899382 -0.106782
vn 0.728288 0.680498 -0.080744
vn 0.861061 0.492548 0.126371
vn 0.548723 0.586912 0.595347
vn 0.609044 0.784807 0.114646
vn 0.861061 0.492548 0.126371
vn 0.911309 0.268728 0.311932
vn 0.656056 0.359516 0.663580
vn 0.548723 0.586912 0.595347
vn 0.911309 0.268728 0.311932
vn 0.882818 0.018472 0.469352
vn 0.719296 0.099269 0.687575
vn 0.656056 0.359516 0.663580
vn 0.882818 0.018472 0.469352
vn 0.772947 -0.244406 0.585508
vn 0.726611 -0.193316 0.659292
vn 0.719296 0.099269 0.687575
vn 0.772947 -0.244406 0.585508
vn 0.595852 -0.482188 0.642227
vn 0.663382 -0.480417 0.573693
vn 0.726611 -0.193316 0.659292
vn 0.595852 -0.482188 0.642227
vn 0.353605 -0.687794 0.633958
vn 0.516957 -0.745372 0.420923
vn 0.663382 -0.480417 0.573693
vn 0.353605 -0.687794 0.633958
vn 0.073301 -0.827550 0.556586
vn 0.300875 -0.928040 0.219584
vn 0.516957 -0.745372 0.420923
vn 0.073301 -0.827550 0.556586
vn -0.222978 -0.884439 0.409937
vn -0.087162 -0.957964 0.273326
vn 0.300875 -0.928040 0.219584
vn -0.222978 -0.884439 0.409937
vn -0.493812 -0.842514 0.215222
vn -0.187373 -0.954616 -0.231516
vn -0.087162 -0.957964 0.273326
vn -0.187373 -0.954616 -0.231516
vn -0.382368 -0.828815 -0.408486
vn -0.403313 -0.812978 -0.420006
vn -0.180826 -0.953374 -0.241619
vn -0.382368 -0.828815 -0.408486
vn -0.531109 -0.649198 -0.544486
vn -0.573139 -0.604143 -0.553645
vn -0.403313 -0.812978 -0.420006
vn -0.531109 -0.649198 -0.544486
vn -0.635674 -0.431041 -0.640408
vn -0.686235 -0.349358 -0.637989
vn -0.573139 -0.604143 -0.553645
vn -0.635674 -0.431041 -0.640408
vn -0.696556 -0.182785 -0.693829
vn -0.740324 -0.068866 -0.668713
vn -0.686235 -0.349358 -0.637989
vn -0.696556 -0.182785 -0.693829
vn -0.710098 0.095120 -0.697649
vn -0.731861 0.231276 -0.641008
vn -0.740324 -0.068866 -0.668713
vn -0.710098 0.095120 -0.697649
vn -0.662193 0.402657 -0.631955
vn -0.651015 0.529268 -0.544109
vn -0.731861 0.231276 -0.641008
vn -0.662193 0.402657 -0.631955
vn -0.646725 0.705244 -0.290480
vn -0.609978 0.761101 -0.220572
vn -0.651015 0.529268 -0.544109
vn -0.646725 0.705244 -0.290480
vn -0.469183 0.883101 -0.000008
vn -0.419954 0.905089 0.066737
vn -0.609978 0.761101 -0.220572
vn -0.469183 0.883101 -0.000008
vn -0.239190 0.929493 0.280770
vn -0.194282 0.924521 0.327895
vn -0.419954 0.905089 0.066737
vn -0.239190 0.929493 0.280770
vn 0.005082 0.859489 0.511129
vn 0.033368 0.844899 0.533883
vn -0.194282 0.924521 0.327895
vn 0.005082 0.859489 0.511129
vn 0.219914 0.716070 0.662482
vn 0.230694 0.706814 0.668726
vn 0.033368 0.844899 0.533883
vn 0.219914 0.716070 0.662482
vn 0.548723 0.586912 0.595347
vn 0.582612 0.625033 0.519517
vn 0.230694 0.706814 0.668726
vn 0.548723 0.586912 0.595347
vn 0.656056 0.359516 0.663580
vn 0.701580 0.393742 0.593930
vn 0.582612 0.625033 0.519517
vn 0.656056 0.359516 0.663580
vn 0.719296 0.099269 0.687575
vn 0.771737 0.125941 0.623347
vn 0.701580 0.393742 0.593930
vn 0.719296 0.099269 0.687575
vn 0.726611 -0.193316 0.659292
vn 0.779689 -0.174907 0.601243
vn 0.771737 0.125941 0.623347
vn 0.726611 -0.193316 0.659292
vn 0.663382 -0.480417 0.573693
vn 0.711772 -0.469594 0.522362
vn 0.779689 -0.174907 0.601243
vn 0.663382 -0.480417 0.573693
vn 0.516957 -0.745372 0.420923
vn 0.564380 -0.730500 0.384506
vn 0.711772 -0.469594 0.522362
vn 0.516957 -0.745372 0.420923
vn 0.300875 -0.928040 0.219584
vn 0.344261 -0.918412 0.194945
vn 0.564380 -0.730500 0.384506
vn 0.300875 -0.928040 0.219584
vn 0.155564 -0.956245 -0.247779
vn 0.194690 -0.957868 -0.211152
vn 0.344261 -0.918412 0.194945
vn 0.155564 -0.956245 -0.247779
vn -0.187373 -0.954616 -0.231516
vn -0.180826 -0.953374 -0.241619
vn 0.194690 -0.957868 -0.211152
vn -0.180826 -0.953374 -0.241619
vn -0.403313 -0.812978 -0.420006
vn -0.552391 -0.817362 -0.163659
vn -0.323228 -0.946319 0.002130
vn -0.403313 -0.812978 -0.420006
vn -0.573139 -0.604143 -0.553645
vn -0.720763 -0.616686 -0.316542
vn -0.552391 -0.817362 -0.163659
vn -0.573139 -0.604143 -0.553645
vn -0.686235 -0.349358 -0.637989
vn -0.818602 -0.363834 -0.444426
vn -0.720763 -0.616686 -0.316542
vn -0.686235 -0.349358 -0.637989
vn -0.740324 -0.068866 -0.668713
vn -0.840082 -0.081802 -0.536257
vn -0.818602 -0.363834 -0.444426
vn -0.740324 -0.068866 -0.668713
vn -0.731861 0.231276 -0.641008
vn -0.782273 0.214000 -0.585024
vn -0.840082 -0.081802 -0.536257
vn -0.731861 0.231276 -0.641008
vn -0.651015 0.529268 -0.544109
vn -0.639465 0.503033 -0.581413
vn -0.782273 0.214000 -0.585024
vn -0.651015 0.529268 -0.544109
vn -0.326730 0.758358 -0.564039
vn -0.423977 0.740949 -0.520806
vn -0.639465 0.503033 -0.581413
vn -0.326730 0.758358 -0.564039
vn -0.087010 0.881941 -0.463260
vn -0.162195 0.896989 -0.411221
vn -0.423977 0.740949 -0.520806
vn -0.087010 0.881941 -0.463260
vn 0.152599 0.928969 -0.337240
vn 0.112720 0.956618 -0.268656
vn -0.162195 0.896989 -0.411221
vn 0.152599 0.928969 -0.337240
vn 0.384996 0.902800 -0.191652
vn 0.378515 0.919435 -0.106616
vn 0.112720 0.956618 -0.268656
vn 0.384996 0.902800 -0.191652
vn 0.588468 0.807528 -0.040053
vn 0.602369 0.796482 0.052617
vn 0.378515 0.919435 -0.106616
vn 0.588468 0.807528 -0.040053
vn 0.582612 0.625033 0.519517
vn 0.771698 0.604305 0.198236
vn 0.602369 0.796482 0.052617
vn 0.582612 0.625033 0.519517
vn 0.701580 0.393742 0.593930
vn 0.877026 0.356786 0.321760
vn 0.771698 0.604305 0.198236
vn 0.701580 0.393742 0.593930
vn 0.771737 0.125941 0.623347
vn 0.907287 0.061760 0.415953
vn 0.877026 0.356786 0.321760
vn 0.771737 0.125941 0.623347
vn 0.779689 -0.174907 0.601243
vn 0.846504 -0.256642 0.466439
vn 0.907287 0.061760 0.415953
vn 0.779689 -0.174907 0.601243
vn 0.711772 -0.469594 0.522362
vn 0.702393 -0.541242 0.462278
vn 0.846504 -0.256642 0.466439
vn 0.711772 -0.469594 0.522362
vn 0.564380 -0.730500 0.384506
vn 0.486979 -0.773839 0.404999
vn 0.702393 -0.541242 0.462278
vn 0.564380 -0.730500 0.384506
vn 0.344261 -0.918412 0.194945
vn 0.230407 -0.924744 0.302921
vn 0.486979 -0.773839 0.404999
vn 0.344261 -0.918412 0.194945
vn -0.100161 -0.962493 0.252143
vn -0.049552 -0.985080 0.164806
vn 0.230407 -0.924744 0.302921
vn -0.100161 -0.962493 0.252143
vn -0.180826 -0.953374 -0.241619
vn -0.323228 -0.946319 0.002130
vn -0.049552 -0.985080 0.164806
vn -0.323228 -0.946319 0.002130
vn -0.552391 -0.817362 -0.163659
vn -0.519139 -0.804172 -0.289486
vn -0.267068 -0.952026 -0.149403
vn -0.552391 -0.817362 -0.163659
vn -0.720763 -0.616686 -0.316542
vn -0.610960 -0.585747 -0.532568
vn -0.519139 -0.804172 -0.289486
vn -0.720763 -0.616686 -0.316542
vn -0.818602 -0.363834 -0.444426
vn -0.754895 -0.342356 -0.559398
vn -0.610960 -0.585747 -0.532568
vn -0.818602 -0.363834 -0.444426
vn -0.840082 -0.081802 -0.536257
vn -0.833769 -0.079863 -0.546307
vn -0.754895 -0.342356 -0.559398
vn -0.840082 -0.081802 -0.536257
vn -0.782273 0.214000 -0.585024
vn -0.846851 0.196056 -0.494374
vn -0.833769 -0.079863 -0.546307
vn -0.782273 0.214000 -0.585024
vn -0.639465 0.503033 -0.581413
vn -0.782670 0.479102 -0.397353
vn -0.846851 0.196056 -0.494374
vn -0.639465 0.503033 -0.581413
vn -0.423977 0.740949 -0.520806
vn -0.629734 0.732755 -0.257885
vn -0.782670 0.479102 -0.397353
vn -0.423977 0.740949 -0.520806
vn -0.162195 0.896989 -0.411221
vn -0.281821 0.921228 -0.268170
vn -0.629734 0.732755 -0.257885
vn -0.162195 0.896989 -0.411221
vn 0.112720 0.956618 -0.268656
vn 0.016171 0.993482 -0.112833
vn -0.281821 0.921228 -0.268170
vn 0.112720 0.956618 -0.268656
vn 0.378515 0.919435 -0.106616
vn 0.311726 0.948896 0.049233
vn 0.016171 0.993482 -0.112833
vn 0.378515 0.919435 -0.106616
vn 0.602369 0.796482 0.052617
vn 0.487644 0.800383 0.348698
vn 0.311726 0.948896 0.049233
vn 0.602369 0.796482 0.052617
vn 0.771698 0.604305 0.198236
vn 0.700697 0.583843 0.410061
vn 0.487644 0.800383 0.348698
vn 0.771698 0.604305 0.198236
vn 0.877026 0.356786 0.321760
vn 0.844824 0.323708 0.426011
vn 0.700697 0.583843 0.410061
vn 0.877026 0.356786 0.321760
vn 0.907287 0.061760 0.415953
vn 0.916305 0.033755 0.399056
vn 0.844824 0.323708 0.426011
vn 0.907287 0.061760 0.415953
vn 0.846504 -0.256642 0.466439
vn 0.905739 -0.264809 0.330927
vn 0.916305 0.033755 0.399056
vn 0.846504 -0.256642 0.466439
vn 0.702393 -0.541242 0.462278
vn 0.816454 -0.528711 0.232096
vn 0.905739 -0.264809 0.330927
vn 0.702393 -0.541242 0.462278
vn 0.486979 -0.773839 0.404999
vn 0.568150 -0.772490 0.283663
vn 0.816454 -0.528711 0.232096
vn 0.486979 -0.773839 0.404999
vn 0.230407 -0.924744 0.302921
vn 0.321711 -0.933027 0.161131
vn 0.568150 -0.772490 0.283663
vn 0.230407 -0.924744 0.302921
vn -0.049552 -0.985080 0.164806
vn 0.033656 -0.999364 0.011750
vn 0.321711 -0.933027 0.161131
vn -0.049552 -0.985080 0.164806
vn -0.323228 -0.946319 0.002130
vn -0.267068 -0.952026 -0.149403
vn 0.033656 -0.999364 0.011750
vn 0.143870 -0.706048 -0.693396
vn -0.097287 -0.639686 -0.762455
vn 0.497721 0.329923 -0.802137
vn -0.097287 -0.639686 -0.762455
vn -0.610960 -0.585747 -0.532568
vn 0.497721 0.329923 -0.802137
vn -0.610960 -0.585747 -0.532568
vn -0.754895 -0.342356 -0.559398
vn 0.497721 0.329923 -0.802137
vn -0.754895 -0.342356 -0.559398
vn -0.833769 -0.079863 -0.546307
vn 0.497721 0.329923 -0.802137
vn -0.833769 -0.079863 -0.546307
vn -0.846851 0.196056 -0.494374
vn 0.497721 0.329923 -0.802137
vn -0.846851 0.196056 -0.494374
vn -0.782670 0.479102 -0.397353
vn 0.497721 0.329923 -0.802137
vn -0.782670 0.479102 -0.397353
vn -0.629734 0.732755 -0.257885
vn 0.497721 0.329923 -0.802137
vn -0.629734 0.732755 -0.257885
vn -0.557900 0.779960 0.283566
vn 0.497721 0.329923 -0.802137
vn -0.557900 0.779960 0.283566
vn -0.305048 0.831364 0.464520
vn 0.497721 0.329923 -0.802137
vn -0.305048 0.831364 0.464520
vn -0.016929 0.806149 0.591470
vn 0.497721 0.329923 -0.802137
vn -0.016929 0.806149 0.591470
vn 0.487644 0.800383 0.348698
vn 0.497721 0.329923 -0.802137
vn 0.487644 0.800383 0.348698
vn 0.700697 0.583843 0.410061
vn 0.497721 0.329923 -0.802137
vn 0.700697 0.583843 0.410061
vn 0.844824 0.323708 0.426011
vn 0.497721 0.329923 -0.802137
vn 0.844824 0.323708 0.426011
vn 0.916305 0.033755 0.399056
vn 0.497721 0.329923 -0.802137
vn 0.916305 0.033755 0.399056
vn 0.905739 -0.264809 0.330927
vn 0.497721 0.329923 -0.802137
vn 0.905739 -0.264809 0.330927
vn 0.816454 -0.528711 0.232096
vn 0.497721 0.329923 -0.802137
vn 0.816454 -0.528711 0.232096
vn 0.739588 -0.606213 -0.292429
vn 0.497721 0.329923 -0.802137
vn 0.739588 -0.606213 -0.292429
vn 0.569697 -0.686659 -0.451603
vn 0.497721 0.329923 -0.802137
vn 0.569697 -0.686659 -0.451603
vn 0.371274 -0.720399 -0.585817
vn 0.497721 0.329923 -0.802137
vn 0.371274 -0.720399 -0.585817
vn 0.143870 -0.706048 -0.693396
vn 0.497721 0.329923 -0.802137
vn 0.430279 -0.336659 -0.837568
vn 0.429944 -0.496935 -0.753793
vn 0.770920 -0.243622 -0.588499
vn 0.740137 -0.139035 -0.657926
vn 0.740137 -0.139035 -0.657926
vn 0.770920 -0.243622 -0.588499
vn 0.947919 0.048310 -0.314827
vn 0.922485 0.085134 -0.376529
vn 0.922485 0.085134 -0.376529
vn 0.947919 0.048310 -0.314827
vn 0.965674 0.233080 -0.114661
vn 0.959668 0.235232 -0.153957
vn 0.959668 0.235232 -0.153957
vn 0.965674 0.233080 -0.114661
vn 0.925262 0.376293 0.047892
vn 0.937348 0.347073 0.030309
vn 0.937348 0.347073 0.030309
vn 0.925262 0.376293 0.047892
vn 0.841935 0.501267 0.199691
vn 0.870386 0.444501 0.211773
vn 0.870386 0.444501 0.211773
vn 0.841935 0.501267 0.199691
vn 0.710485 0.612054 0.347277
vn 0.754967 0.525695 0.392007
vn 0.754967 0.525695 0.392007
vn 0.710485 0.612054 0.347277
vn 0.464291 0.716005 0.521316
vn 0.533702 0.591640 0.604254
vn 0.533702 0.591640 0.604254
vn 0.464291 0.716005 0.521316
vn 0.093923 0.745929 0.659370
vn 0.160250 0.588448 0.792495
vn 0.160250 0.588448 0.792495
vn 0.093923 0.745929 0.659370
vn -0.256959 0.675908 0.690739
vn -0.212103 0.494162 0.843099
vn -0.212103 0.494162 0.843099
vn -0.256959 0.675908 0.690739
vn -0.531974 0.548523 0.645078
vn -0.496429 0.362753 0.788650
vn -0.496429 0.362753 0.788650
vn -0.531974 0.548523 0.645078
vn -0.765896 0.365583 0.528916
vn -0.735127 0.196339 0.648876
vn -0.735127 0.196339 0.648876
vn -0.765896 0.365583 0.528916
vn -0.942062 0.107461 0.317760
vn -0.919286 -0.021195 0.393018
vn -0.919286 -0.021195 0.393018
vn -0.942062 0.107461 0.317760
vn -0.987121 -0.115666 0.110518
vn -0.971260 -0.188193 0.145732
vn -0.971260 -0.188193 0.145732
vn -0.987121 -0.115666 0.110518
vn -0.960813 -0.272297 -0.051882
vn -0.952568 -0.299394 -0.054567
vn -0.952568 -0.299394 -0.054567
vn -0.960813 -0.272297 -0.051882
vn -0.880722 -0.415794 -0.226814
vn -0.873220 -0.401058 -0.276838
vn -0.873220 -0.401058 -0.276838
vn -0.880722 -0.415794 -0.226814
vn -0.709776 -0.553024 -0.436330
vn -0.686670 -0.490694 -0.536379
vn -0.686670 -0.490694 -0.536379
vn -0.709776 -0.553024 -0.436330
vn -0.407073 -0.648511 -0.643215
vn -0.374670 -0.526132 -0.763418
vn -0.374670 -0.526132 -0.763418
vn -0.407073 -0.648511 -0.643215
vn -0.096679 -0.654045 -0.750252
vn -0.082533 -0.498066 -0.863202
vn -0.082533 -0.498066 -0.863202
vn -0.096679 -0.654045 -0.750252
vn 0.146310 -0.608664 -0.779821
vn 0.155549 -0.442187 -0.883332
vn 0.155549 -0.442187 -0.883332
vn 0.146310 -0.608664 -0.779821
vn 0.429944 -0.496935 -0.753793
vn 0.430279 -0.336659 -0.837568
vn 0.429944 -0.496935 -0.753793
vn 0.471216 -0.876538 -0.098163
vn 0.839498 -0.533260 -0.104290
vn 0.770920 -0.243622 -0.588499
vn 0.770920 -0.243622 -0.588499
vn 0.839498 -0.533260 -0.104290
vn 0.992935 -0.088217 -0.079364
vn 0.947919 0.048310 -0.314827
vn 0.947919 0.048310 -0.314827
vn 0.992935 -0.088217 -0.079364
vn 0.980745 0.186965 -0.056429
vn 0.965674 0.233080 -0.114661
vn 0.965674 0.233080 -0.114661
vn 0.980745 0.186965 -0.056429
vn 0.917115 0.397304 -0.032394
vn 0.925262 0.376293 0.047892
vn 0.925262 0.376293 0.047892
vn 0.917115 0.397304 -0.032394
vn 0.816795 0.576883 -0.007163
vn 0.841935 0.501267 0.199691
vn 0.841935 0.501267 0.199691
vn 0.816795 0.576883 -0.007163
vn 0.675052 0.737510 0.019577
vn 0.710485 0.612054 0.347277
vn 0.710485 0.612054 0.347277
vn 0.675052 0.737510 0.019577
vn 0.426923 0.902897 0.050138
vn 0.464291 0.716005 0.521316
vn 0.464291 0.716005 0.521316
vn 0.426923 0.902897 0.050138
vn 0.071676 0.994859 0.071542
vn 0.093923 0.745929 0.659370
vn 0.093923 0.745929 0.659370
vn 0.071676 0.994859 0.071542
vn -0.264573 0.961409 0.075455
vn -0.256959 0.675908 0.690739
vn -0.256959 0.675908 0.690739
vn -0.264573 0.961409 0.075455
vn -0.532323 0.843850 0.067451
vn -0.531974 0.548523 0.645078
vn -0.531974 0.548523 0.645078
vn -0.532323 0.843850 0.067451
vn -0.761146 0.646872 0.047057
vn -0.765896 0.365583 0.528916
vn -0.765896 0.365583 0.528916
vn -0.761146 0.646872 0.047057
vn -0.948281 0.317255 0.010562
vn -0.942062 0.107461 0.317760
vn -0.942062 0.107461 0.317760
vn -0.948281 0.317255 0.010562
vn -0.999718 -0.013782 -0.019363
vn -0.987121 -0.115666 0.110518
vn -0.987121 -0.115666 0.110518
vn -0.999718 -0.013782 -0.019363
vn -0.964217 -0.262672 -0.035915
vn -0.960813 -0.272297 -0.051882
vn -0.960813 -0.272297 -0.051882
vn -0.964217 -0.262672 -0.035915
vn -0.866506 -0.496786 -0.048699
vn -0.880722 -0.415794 -0.226814
vn -0.880722 -0.415794 -0.226814
vn -0.866506 -0.496786 -0.048699
vn -0.674146 -0.735924 -0.062784
vn -0.709776 -0.553024 -0.436330
vn -0.709776 -0.553024 -0.436330
vn -0.674146 -0.735924 -0.062784
vn -0.354966 -0.932057 -0.072592
vn -0.407073 -0.648511 -0.643215
vn -0.407073 -0.648511 -0.643215
vn -0.354966 -0.932057 -0.072592
vn -0.047900 -0.996308 -0.071241
vn -0.096679 -0.654045 -0.750252
vn -0.096679 -0.654045 -0.750252
vn -0.047900 -0.996308 -0.071241
vn 0.181888 -0.980318 -0.076764
vn 0.146310 -0.608664 -0.779821
vn 0.146310 -0.608664 -0.779821
vn 0.181888 -0.980318 -0.076764
vn 0.471216 -0.876538 -0.098163
vn 0.429944 -0.496935 -0.753793
vn 0.471216 -0.876538 -0.098163
vn 0.431213 -0.866294 0.252170
vn 0.784837 -0.590366 0.188414
vn 0.839498 -0.533260 -0.104290
vn 0.839498 -0.533260 -0.104290
vn 0.784837 -0.590366 0.188414
vn 0.984002 -0.162359 0.073349
vn 0.992935 -0.088217 -0.079364
vn 0.992935 -0.088217 -0.079364
vn 0.984002 -0.162359 0.073349
vn 0.990854 0.134301 -0.013086
vn 0.980745 0.186965 -0.056429
vn 0.980745 0.186965 -0.056429
vn 0.990854 0.134301 -0.013086
vn 0.932211 0.352733 -0.081004
vn 0.917115 0.397304 -0.032394
vn 0.917115 0.397304 -0.032394
vn 0.932211 0.352733 -0.081004
vn 0.828841 0.540750 -0.143570
vn 0.816795 0.576883 -0.007163
vn 0.816795 0.576883 -0.007163
vn 0.828841 0.540750 -0.143570
vn 0.684280 0.700874 -0.201336
vn 0.675052 0.737510 0.019577
vn 0.675052 0.737510 0.019577
vn 0.684280 0.700874 -0.201336
vn 0.440303 0.857893 -0.264865
vn 0.426923 0.902897 0.050138
vn 0.426923 0.902897 0.050138
vn 0.440303 0.857893 -0.264865
vn 0.076782 0.946516 -0.313388
vn 0.071676 0.994859 0.071542
vn 0.071676 0.994859 0.071542
vn 0.076782 0.946516 -0.313388
vn -0.262975 0.910071 -0.320335
vn -0.264573 0.961409 0.075455
vn -0.264573 0.961409 0.075455
vn -0.262975 0.910071 -0.320335
vn -0.527181 0.795455 -0.298885
vn -0.532323 0.843850 0.067451
vn -0.532323 0.843850 0.067451
vn -0.527181 0.795455 -0.298885
vn -0.763774 0.595263 -0.249622
vn -0.761146 0.646872 0.047057
vn -0.761146 0.646872 0.047057
vn -0.763774 0.595263 -0.249622
vn -0.954160 0.256113 -0.154867
vn -0.948281 0.317255 0.010562
vn -0.948281 0.317255 0.010562
vn -0.954160 0.256113 -0.154867
vn -0.996026 -0.066897 -0.058795
vn -0.999718 -0.013782 -0.019363
vn -0.999718 -0.013782 -0.019363
vn -0.996026 -0.066897 -0.058795
vn -0.950129 -0.311401 0.016883
vn -0.964217 -0.262672 -0.035915
vn -0.964217 -0.262672 -0.035915
vn -0.950129 -0.311401 0.016883
vn -0.837761 -0.538570 0.089992
vn -0.866506 -0.496786 -0.048699
vn -0.866506 -0.496786 -0.048699
vn -0.837761 -0.538570 0.089992
vn -0.628546 -0.759818 0.166152
vn -0.674146 -0.735924 -0.062784
vn -0.674146 -0.735924 -0.062784
vn -0.628546 -0.759818 0.166152
vn -0.313234 -0.921364 0.230160
vn -0.354966 -0.932057 -0.072592
vn -0.354966 -0.932057 -0.072592
vn -0.313234 -0.921364 0.230160
vn -0.032867 -0.965522 0.258240
vn -0.047900 -0.996308 -0.071241
vn -0.047900 -0.996308 -0.071241
vn -0.032867 -0.965522 0.258240
vn 0.172941 -0.948904 0.263956
vn 0.181888 -0.980318 -0.076764
vn 0.181888 -0.980318 -0.076764
vn 0.172941 -0.948904 0.263956
vn 0.431213 -0.866294 0.252170
vn 0.471216 -0.876538 -0.098163
vn 0.439012 -0.774156 -0.456016
vn -0.143963 0.331858 -0.932280
vn 0.771494 -0.507197 -0.384120
vn 0.771494 -0.507197 -0.384120
vn -0.143963 0.331858 -0.932280
vn 0.961974 -0.125581 -0.242561
vn 0.961974 -0.125581 -0.242561
vn -0.143963 0.331858 -0.932280
vn 0.981625 0.148588 -0.119726
vn 0.981625 0.148588 -0.119726
vn -0.143963 0.331858 -0.932280
vn 0.935136 0.353650 -0.021262
vn 0.935136 0.353650 -0.021262
vn -0.143963 0.331858 -0.932280
vn 0.841986 0.534650 0.072170
vn 0.841986 0.534650 0.072170
vn -0.143963 0.331858 -0.932280
vn 0.703122 0.692976 0.159385
vn 0.703122 0.692976 0.159385
vn -0.143963 0.331858 -0.932280
vn 0.460592 0.849948 0.255817
vn 0.460592 0.849948 0.255817
vn -0.143963 0.331858 -0.932280
vn 0.090332 0.936936 0.337625
vn 0.090332 0.936936 0.337625
vn -0.143963 0.331858 -0.932280
vn -0.263449 0.895634 0.358376
vn -0.263449 0.895634 0.358376
vn -0.143963 0.331858 -0.932280
vn -0.544713 0.771171 0.329520
vn -0.544713 0.771171 0.329520
vn -0.143963 0.331858 -0.932280
vn -0.793678 0.553726 0.251919
vn -0.793678 0.553726 0.251919
vn -0.143963 0.331858 -0.932280
vn -0.969639 0.214976 0.116560
vn -0.969639 0.214976 0.116560
vn -0.143963 0.331858 -0.932280
vn -0.996550 -0.082137 -0.011862
vn -0.996550 -0.082137 -0.011862
vn -0.143963 0.331858 -0.932280
vn -0.944320 -0.307252 -0.117709
vn -0.944320 -0.307252 -0.117709
vn -0.143963 0.331858 -0.932280
vn -0.826124 -0.517784 -0.222303
vn -0.826124 -0.517784 -0.222303
vn -0.143963 0.331858 -0.932280
vn -0.614463 -0.717668 -0.327702
vn -0.614463 -0.717668 -0.327702
vn -0.143963 0.331858 -0.932280
vn -0.311556 -0.855155 -0.414298
vn -0.311556 -0.855155 -0.414298
vn -0.143963 0.331858 -0.932280
vn -0.038244 -0.887743 -0.458749
vn -0.038244 -0.887743 -0.458749
vn -0.143963 0.331858 -0.932280
vn 0.175067 -0.865075 -0.470102
vn 0.175067 -0.865075 -0.470102
vn -0.143963 0.331858 -0.932280
vn 0.439012 -0.774156 -0.456016
vn -0.954160 0.256113 -0.154867
vn -0.973416 0.225726 -0.038846
vn -0.995391 -0.090407 -0.031979
vn -0.996026 -0.066897 -0.058795
vn -0.950129 -0.311401 0.016883
vn -0.996026 -0.066897 -0.058795
vn -0.995391 -0.090407 -0.031979
vn -0.943516 -0.330147 -0.027929
vn -0.837761 -0.538570 0.089992
vn -0.950129 -0.311401 0.016883
vn -0.943516 -0.330147 -0.027929
vn -0.829872 -0.557506 -0.022345
vn -0.628546 -0.759818 0.166152
vn -0.837761 -0.538570 0.089992
vn -0.829872 -0.557506 -0.022345
vn -0.619936 -0.784549 -0.012711
vn -0.313234 -0.921364 0.230160
vn -0.628546 -0.759818 0.166152
vn -0.619936 -0.784549 -0.012711
vn -0.307542 -0.951527 -0.003899
vn -0.032867 -0.965522 0.258240
vn -0.313234 -0.921364 0.230160
vn -0.307542 -0.951527 -0.003899
vn -0.026904 -0.999638 -0.000653
vn 0.172941 -0.948904 0.263956
vn -0.032867 -0.965522 0.258240
vn -0.026904 -0.999638 -0.000653
vn 0.189726 -0.981833 0.002692
vn 0.431213 -0.866294 0.252170
vn 0.172941 -0.948904 0.263956
vn 0.189726 -0.981833 0.002692
vn 0.457646 -0.889108 0.006851
vn 0.784837 -0.590366 0.188414
vn 0.431213 -0.866294 0.252170
vn 0.457646 -0.889108 0.006851
vn 0.796584 -0.604508 0.004918
vn 0.984002 -0.162359 0.073349
vn 0.784837 -0.590366 0.188414
vn 0.796584 -0.604508 0.004918
vn 0.983757 -0.179501 -0.000995
vn 0.990854 0.134301 -0.013086
vn 0.984002 -0.162359 0.073349
vn 0.983757 -0.179501 -0.000995
vn 0.992707 0.120440 -0.005294
vn 0.932211 0.352733 -0.081004
vn 0.990854 0.134301 -0.013086
vn 0.992707 0.120440 -0.005294
vn 0.940943 0.338434 -0.009416
vn 0.828841 0.540750 -0.143570
vn 0.932211 0.352733 -0.081004
vn 0.940943 0.338434 -0.009416
vn 0.846197 0.532676 -0.014383
vn 0.684280 0.700874 -0.201336
vn 0.828841 0.540750 -0.143570
vn 0.846197 0.532676 -0.014383
vn 0.709635 0.704283 -0.020064
vn 0.440303 0.857893 -0.264865
vn 0.684280 0.700874 -0.201336
vn 0.709635 0.704283 -0.020064
vn 0.471889 0.881209 -0.028125
vn 0.076782 0.946516 -0.313388
vn 0.440303 0.857893 -0.264865
vn 0.471889 0.881209 -0.028125
vn 0.090652 0.995171 -0.037642
vn -0.262975 0.910071 -0.320335
vn 0.076782 0.946516 -0.313388
vn 0.090652 0.995171 -0.037642
vn -0.279523 0.959141 -0.043772
vn -0.527181 0.795455 -0.298885
vn -0.262975 0.910071 -0.320335
vn -0.279523 0.959141 -0.043772
vn -0.563404 0.824829 -0.047253
vn -0.763774 0.595263 -0.249622
vn -0.527181 0.795455 -0.298885
vn -0.563404 0.824829 -0.047253
vn -0.805463 0.590732 -0.047601
vn -0.954160 0.256113 -0.154867
vn -0.763774 0.595263 -0.249622
vn -0.805463 0.590732 -0.047601
vn -0.973416 0.225726 -0.038846
vn -0.943516 -0.330147 -0.027929
vn -0.995391 -0.090407 -0.031979
vn -0.996550 -0.082137 -0.011862
vn -0.944320 -0.307252 -0.117709
vn -0.829872 -0.557506 -0.022345
vn -0.943516 -0.330147 -0.027929
vn -0.944320 -0.307252 -0.117709
vn -0.826124 -0.517784 -0.222303
vn -0.619936 -0.784549 -0.012711
vn -0.829872 -0.557506 -0.022345
vn -0.826124 -0.517784 -0.222303
vn -0.614463 -0.717668 -0.327702
vn -0.307542 -0.951527 -0.003899
vn -0.619936 -0.784549 -0.012711
vn -0.614463 -0.717668 -0.327702
vn -0.311556 -0.855155 -0.414298
vn -0.026904 -0.999638 -0.000653
vn -0.307542 -0.951527 -0.003899
vn -0.311556 -0.855155 -0.414298
vn -0.038244 -0.887743 -0.458749
vn 0.189726 -0.981833 0.002692
vn -0.026904 -0.999638 -0.000653
vn -0.038244 -0.887743 -0.458749
vn 0.175067 -0.865075 -0.470102
vn 0.457646 -0.889108 0.006851
vn 0.189726 -0.981833 0.002692
vn 0.175067 -0.865075 -0.470102
vn 0.439012 -0.774156 -0.456016
vn 0.796584 -0.604508 0.004918
vn 0.457646 -0.889108 0.006851
vn 0.439012 -0.774156 -0.456016
vn 0.771494 -0.507197 -0.384120
vn 0.983757 -0.179501 -0.000995
vn 0.796584 -0.604508 0.004918
vn 0.771494 -0.507197 -0.384120
vn 0.961974 -0.125581 -0.242561
vn 0.992707 0.120440 -0.005294
vn 0.983757 -0.179501 -0.000995
vn 0.961974 -0.125581 -0.242561
vn 0.981625 0.148588 -0.119726
vn 0.940943 0.338434 -0.009416
vn 0.992707 0.120440 -0.005294
vn 0.981625 0.148588 -0.119726
vn 0.935136 0.353650 -0.021262
vn 0.846197 0.532676 -0.014383
vn 0.940943 0.338434 -0.009416
vn 0.935136 0.353650 -0.021262
vn 0.841986 0.534650 0.072170
vn 0.709635 0.704283 -0.020064
vn 0.846197 0.532676 -0.014383
vn 0.841986 0.534650 0.072170
vn 0.703122 0.692976 0.159385
vn 0.471889 0.881209 -0.028125
vn 0.709635 0.704283 -0.020064
vn 0.703122 0.692976 0.159385
vn 0.460592 0.849948 0.255817
vn 0.090652 0.995171 -0.037642
vn 0.471889 0.881209 -0.028125
vn 0.460592 0.849948 0.255817
vn 0.090332 0.936936 0.337625
vn -0.279523 0.959141 -0.043772
vn 0.090652 0.995171 -0.037642
vn 0.090332 0.936936 0.337625
vn -0.263449 0.895634 0.358376
vn -0.563404 0.824829 -0.047253
vn -0.279523 0.959141 -0.043772
vn -0.263449 0.895634 0.358376
vn -0.544713 0.771171 0.329520
vn -0.805463 0.590732 -0.047601
vn -0.563404 0.824829 -0.047253
vn -0.544713 0.771171 0.329520
vn -0.793678 0.553726 0.251919
vn -0.973416 0.225726 -0.038846
vn -0.805463 0.590732 -0.047601
vn -0.793678 0.553726 0.251919
vn -0.969639 0.214976 0.116560
vn -0.995391 -0.090407 -0.031979
vn -0.973416 0.225726 -0.038846
vn -0.969639 0.214976 0.116560
vn -0.996550 -0.082137 -0.011862
vn 0.319922 0.945365 -0.062725
vn 0.345386 0.896906 -0.276167
vn -0.064614 0.910822 -0.407711
vn -0.106052 0.979243 -0.172731
vn -0.106052 0.979243 -0.172731
vn -0.064614 0.910822 -0.407711
vn -0.449896 0.760637 -0.468001
vn -0.494329 0.831624 -0.253062
vn -0.494329 0.831624 -0.253062
vn -0.449896 0.760637 -0.468001
vn -0.668809 0.579671 -0.465485
vn -0.704947 0.647276 -0.289970
vn -0.704947 0.647276 -0.289970
vn -0.668809 0.579671 -0.465485
vn -0.804415 0.400389 -0.438867
vn -0.835251 0.456201 -0.306979
vn -0.835251 0.456201 -0.306979
vn -0.804415 0.400389 -0.438867
vn -0.900789 0.201540 -0.384657
vn -0.921120 0.239906 -0.306568
vn -0.921120 0.239906 -0.306568
vn -0.900789 0.201540 -0.384657
vn -0.952475 -0.008473 -0.304499
vn -0.958351 0.005067 -0.285547
vn -0.958351 0.005067 -0.285547
vn -0.952475 -0.008473 -0.304499
vn -0.946260 -0.277083 -0.166784
vn -0.925589 -0.304279 -0.225167
vn -0.925589 -0.304279 -0.225167
vn -0.946260 -0.277083 -0.166784
vn -0.810208 -0.583882 0.051423
vn -0.751651 -0.650335 -0.109930
vn -0.751651 -0.650335 -0.109930
vn -0.810208 -0.583882 0.051423
vn -0.565869 -0.785526 0.250483
vn -0.482794 -0.875607 0.014891
vn -0.482794 -0.875607 0.014891
vn -0.565869 -0.785526 0.250483
vn -0.293812 -0.872907 0.389497
vn -0.200469 -0.972393 0.119436
vn -0.200469 -0.972393 0.119436
vn -0.293812 -0.872907 0.389497
vn 0.031192 -0.869071 0.493703
vn 0.119397 -0.969487 0.214102
vn 0.119397 -0.969487 0.214102
vn 0.031192 -0.869071 0.493703
vn 0.404266 -0.735336 0.543921
vn 0.464803 -0.837234 0.288091
vn 0.464803 -0.837234 0.288091
vn 0.404266 -0.735336 0.543921
vn 0.647453 -0.556146 0.521062
vn 0.691287 -0.651749 0.312003
vn 0.691287 -0.651749 0.312003
vn 0.647453 -0.556146 0.521062
vn 0.793117 -0.390098 0.467750
vn 0.825916 -0.473040 0.306750
vn 0.825916 -0.473040 0.306750
vn 0.793117 -0.390098 0.467750
vn 0.901752 -0.188040 0.389211
vn 0.923007 -0.259278 0.284312
vn 0.923007 -0.259278 0.284312
vn 0.901752 -0.188040 0.389211
vn 0.959728 0.099807 0.262604
vn 0.970359 0.039866 0.238357
vn 0.970359 0.039866 0.238357
vn 0.959728 0.099807 0.262604
vn 0.895239 0.435772 0.093003
vn 0.900393 0.404754 0.159584
vn 0.900393 0.404754 0.159584
vn 0.895239 0.435772 0.093003
vn 0.753372 0.655901 -0.047163
vn 0.741026 0.666664 0.080248
vn 0.741026 0.666664 0.080248
vn 0.753372 0.655901 -0.047163
vn 0.598338 0.786482 -0.153094
vn 0.575089 0.817899 0.017740
vn 0.575089 0.817899 0.017740
vn 0.598338 0.786482 -0.153094
vn 0.345386 0.896906 -0.276167
vn 0.319922 0.945365 -0.062725
vn 0.345386 0.896906 -0.276167
vn 0.383595 0.578676 -0.719714
vn 0.032697 0.582168 -0.812411
vn -0.064614 0.910822 -0.407711
vn -0.064614 0.910822 -0.407711
vn 0.032697 0.582168 -0.812411
vn -0.338972 0.492224 -0.801757
vn -0.449896 0.760637 -0.468001
vn -0.449896 0.760637 -0.468001
vn -0.338972 0.492224 -0.801757
vn -0.581891 0.383927 -0.716940
vn -0.668809 0.579671 -0.465485
vn -0.668809 0.579671 -0.465485
vn -0.581891 0.383927 -0.716940
vn -0.749641 0.273801 -0.602554
vn -0.804415 0.400389 -0.438867
vn -0.804415 0.400389 -0.438867
vn -0.749641 0.273801 -0.602554
vn -0.888290 0.145835 -0.435514
vn -0.900789 0.201540 -0.384657
vn -0.900789 0.201540 -0.384657
vn -0.888290 0.145835 -0.435514
vn -0.976469 0.004056 -0.215620
vn -0.952475 -0.008473 -0.304499
vn -0.952475 -0.008473 -0.304499
vn -0.976469 0.004056 -0.215620
vn -0.976746 -0.183307 0.111207
vn -0.946260 -0.277083 -0.166784
vn -0.946260 -0.277083 -0.166784
vn -0.976746 -0.183307 0.111207
vn -0.791111 -0.367756 0.488772
vn -0.810208 -0.583882 0.051423
vn -0.810208 -0.583882 0.051423
vn -0.791111 -0.367756 0.488772
vn -0.529577 -0.464401 0.709845
vn -0.565869 -0.785526 0.250483
vn -0.565869 -0.785526 0.250483
vn -0.529577 -0.464401 0.709845
vn -0.283115 -0.509135 0.812790
vn -0.293812 -0.872907 0.389497
vn -0.293812 -0.872907 0.389497
vn -0.283115 -0.509135 0.812790
vn 0.009108 -0.520631 0.853733
vn 0.031192 -0.869071 0.493703
vn 0.031192 -0.869071 0.493703
vn 0.009108 -0.520631 0.853733
vn 0.362521 -0.475735 0.801408
vn 0.404266 -0.735336 0.543921
vn 0.404266 -0.735336 0.543921
vn 0.362521 -0.475735 0.801408
vn 0.611332 -0.392979 0.686907
vn 0.647453 -0.556146 0.521062
vn 0.647453 -0.556146 0.521062
vn 0.611332 -0.392979 0.686907
vn 0.778306 -0.297083 0.553156
vn 0.793117 -0.390098 0.467750
vn 0.793117 -0.390098 0.467750
vn 0.778306 -0.297083 0.553156
vn 0.917403 -0.157866 0.365307
vn 0.901752 -0.188040 0.389211
vn 0.901752 -0.188040 0.389211
vn 0.917403 -0.157866 0.365307
vn 0.994814 0.050795 0.088116
vn 0.959728 0.099807 0.262604
vn 0.959728 0.099807 0.262604
vn 0.994814 0.050795 0.088116
vn 0.929959 0.286315 -0.230650
vn 0.895239 0.435772 0.093003
vn 0.895239 0.435772 0.093003
vn 0.929959 0.286315 -0.230650
vn 0.776201 0.435107 -0.456283
vn 0.753372 0.655901 -0.047163
vn 0.753372 0.655901 -0.047163
vn 0.776201 0.435107 -0.456283
vn 0.612715 0.517688 -0.597143
vn 0.598338 0.786482 -0.153094
vn 0.598338 0.786482 -0.153094
vn 0.612715 0.517688 -0.597143
vn 0.383595 0.578676 -0.719714
vn 0.345386 0.896906 -0.276167
vn 0.383595 0.578676 -0.719714
vn 0.351407 0.465067 -0.812543
vn -0.018874 0.485753 -0.873892
vn 0.032697 0.582168 -0.812411
vn 0.032697 0.582168 -0.812411
vn -0.018874 0.485753 -0.873892
vn -0.401788 0.434447 -0.806116
vn -0.338972 0.492224 -0.801757
vn -0.338972 0.492224 -0.801757
vn -0.401788 0.434447 -0.806116
vn -0.639082 0.354097 -0.682781
vn -0.581891 0.383927 -0.716940
vn -0.581891 0.383927 -0.716940
vn -0.639082 0.354097 -0.682781
vn -0.803657 0.261867 -0.534379
vn -0.749641 0.273801 -0.602554
vn -0.749641 0.273801 -0.602554
vn -0.803657 0.261867 -0.534379
vn -0.925790 0.150236 -0.346903
vn -0.888290 0.145835 -0.435514
vn -0.888290 0.145835 -0.435514
vn -0.925790 0.150236 -0.346903
vn -0.992315 0.019988 -0.122115
vn -0.976469 0.004056 -0.215620
vn -0.976469 0.004056 -0.215620
vn -0.992315 0.019988 -0.122115
vn -0.966875 -0.160647 0.198355
vn -0.976746 -0.183307 0.111207
vn -0.976746 -0.183307 0.111207
vn -0.966875 -0.160647 0.198355
vn -0.777682 -0.346425 0.524596
vn -0.791111 -0.367756 0.488772
vn -0.791111 -0.367756 0.488772
vn -0.777682 -0.346425 0.524596
vn -0.520312 -0.457696 0.720965
vn -0.529577 -0.464401 0.709845
vn -0.529577 -0.464401 0.709845
vn -0.520312 -0.457696 0.720965
vn -0.267652 -0.510559 0.817124
vn -0.283115 -0.509135 0.812790
vn -0.283115 -0.509135 0.812790
vn -0.267652 -0.510559 0.817124
vn 0.020592 -0.528729 0.848541
vn 0.009108 -0.520631 0.853733
vn 0.009108 -0.520631 0.853733
vn 0.020592 -0.528729 0.848541
vn 0.371009 -0.492551 0.787239
vn 0.362521 -0.475735 0.801408
vn 0.362521 -0.475735 0.801408
vn 0.371009 -0.492551 0.787239
vn 0.631510 -0.414312 0.655394
vn 0.611332 -0.392979 0.686907
vn 0.611332 -0.392979 0.686907
vn 0.631510 -0.414312 0.655394
vn 0.793807 -0.327431 0.512502
vn 0.778306 -0.297083 0.553156
vn 0.778306 -0.297083 0.553156
vn 0.793807 -0.327431 0.512502
vn 0.925604 -0.207047 0.316843
vn 0.917403 -0.157866 0.365307
vn 0.917403 -0.157866 0.365307
vn 0.925604 -0.207047 0.316843
vn 0.999206 -0.029154 0.027147
vn 0.994814 0.050795 0.088116
vn 0.994814 0.050795 0.088116
vn 0.999206 -0.029154 0.027147
vn 0.930849 0.180302 -0.317823
vn 0.929959 0.286315 -0.230650
vn 0.929959 0.286315 -0.230650
vn 0.930849 0.180302 -0.317823
vn 0.763550 0.325221 -0.557874
vn 0.776201 0.435107 -0.456283
vn 0.776201 0.435107 -0.456283
vn 0.763550 0.325221 -0.557874
vn 0.589876 0.406708 -0.697592
vn 0.612715 0.517688 -0.597143
vn 0.612715 0.517688 -0.597143
vn 0.589876 0.406708 -0.697592
vn 0.351407 0.465067 -0.812543
vn 0.383595 0.578676 -0.719714
vn 0.351407 0.465067 -0.812543
vn 0.370698 0.709391 -0.599455
vn -0.073177 0.707238 -0.703178
vn -0.018874 0.485753 -0.873892
vn -0.018874 0.485753 -0.873892
vn -0.073177 0.707238 -0.703178
vn -0.485744 0.566223 -0.665917
vn -0.401788 0.434447 -0.806116
vn -0.401788 0.434447 -0.806116
vn -0.485744 0.566223 -0.665917
vn -0.698338 0.417248 -0.581574
vn -0.639082 0.354097 -0.682781
vn -0.639082 0.354097 -0.682781
vn -0.698338 0.417248 -0.581574
vn -0.830739 0.267960 -0.487924
vn -0.803657 0.261867 -0.534379
vn -0.803657 0.261867 -0.534379
vn -0.830739 0.267960 -0.487924
vn -0.919391 0.107538 -0.378358
vn -0.925790 0.150236 -0.346903
vn -0.925790 0.150236 -0.346903
vn -0.919391 0.107538 -0.378358
vn -0.966407 -0.070924 -0.247038
vn -0.992315 0.019988 -0.122115
vn -0.992315 0.019988 -0.122115
vn -0.966407 -0.070924 -0.247038
vn -0.947600 -0.316388 -0.044191
vn -0.966875 -0.160647 0.198355
vn -0.966875 -0.160647 0.198355
vn -0.947600 -0.316388 -0.044191
vn -0.789454 -0.577101 0.209086
vn -0.777682 -0.346425 0.524596
vn -0.777682 -0.346425 0.524596
vn -0.789454 -0.577101 0.209086
vn -0.536878 -0.739478 0.406121
vn -0.520312 -0.457696 0.720965
vn -0.520312 -0.457696 0.720965
vn -0.536878 -0.739478 0.406121
vn -0.264875 -0.804629 0.531426
vn -0.267652 -0.510559 0.817124
vn -0.267652 -0.510559 0.817124
vn -0.264875 -0.804629 0.531426
vn 0.045578 -0.795728 0.603937
vn 0.020592 -0.528729 0.848541
vn 0.020592 -0.528729 0.848541
vn 0.045578 -0.795728 0.603937
vn 0.406219 -0.685377 0.604355
vn 0.371009 -0.492551 0.787239
vn 0.371009 -0.492551 0.787239
vn 0.406219 -0.685377 0.604355
vn 0.659432 -0.522444 0.540557
vn 0.631510 -0.414312 0.655394
vn 0.631510 -0.414312 0.655394
vn 0.659432 -0.522444 0.540557
vn 0.807615 -0.371312 0.458132
vn 0.793807 -0.327431 0.512502
vn 0.793807 -0.327431 0.512502
vn 0.807615 -0.371312 0.458132
vn 0.920318 -0.196582 0.338186
vn 0.925604 -0.207047 0.316843
vn 0.925604 -0.207047 0.316843
vn 0.920318 -0.196582 0.338186
vn 0.988166 0.031466 0.150128
vn 0.999206 -0.029154 0.027147
vn 0.999206 -0.029154 0.027147
vn 0.988166 0.031466 0.150128
vn 0.945693 0.307246 -0.106132
vn 0.930849 0.180302 -0.317823
vn 0.930849 0.180302 -0.317823
vn 0.945693 0.307246 -0.106132
vn 0.799001 0.509745 -0.318994
vn 0.763550 0.325221 -0.557874
vn 0.763550 0.325221 -0.557874
vn 0.799001 0.509745 -0.318994
vn 0.629993 0.625210 -0.460674
vn 0.589876 0.406708 -0.697592
vn 0.589876 0.406708 -0.697592
vn 0.629993 0.625210 -0.460674
vn 0.370698 0.709391 -0.599455
vn 0.351407 0.465067 -0.812543
vn 0.370698 0.709391 -0.599455
vn 0.153014 0.985534 0.072870
vn -0.255255 0.941841 -0.218590
vn -0.073177 0.707238 -0.703178
vn -0.073177 0.707238 -0.703178
vn -0.255255 0.941841 -0.218590
vn -0.584255 0.684028 -0.436750
vn -0.485744 0.566223 -0.665917
vn -0.485744 0.566223 -0.665917
vn -0.584255 0.684028 -0.436750
vn -0.719495 0.458499 -0.521637
vn -0.698338 0.417248 -0.581574
vn -0.698338 0.417248 -0.581574
vn -0.719495 0.458499 -0.521637
vn -0.789883 0.252286 -0.558961
vn -0.830739 0.267960 -0.487924
vn -0.830739 0.267960 -0.487924
vn -0.789883 0.252286 -0.558961
vn -0.821575 0.047712 -0.568101
vn -0.919391 0.107538 -0.378358
vn -0.919391 0.107538 -0.378358
vn -0.821575 0.047712 -0.568101
vn -0.817108 -0.167524 -0.551607
vn -0.966407 -0.070924 -0.247038
vn -0.966407 -0.070924 -0.247038
vn -0.817108 -0.167524 -0.551607
vn -0.745233 -0.451998 -0.490230
vn -0.947600 -0.316388 -0.044191
vn -0.947600 -0.316388 -0.044191
vn -0.745233 -0.451998 -0.490230
vn -0.560892 -0.743740 -0.363663
vn -0.789454 -0.577101 0.209086
vn -0.789454 -0.577101 0.209086
vn -0.560892 -0.743740 -0.363663
vn -0.320082 -0.923910 -0.209613
vn -0.536878 -0.739478 0.406121
vn -0.536878 -0.739478 0.406121
vn -0.320082 -0.923910 -0.209613
vn -0.078896 -0.995063 -0.060202
vn -0.264875 -0.804629 0.531426
vn -0.264875 -0.804629 0.531426
vn -0.078896 -0.995063 -0.060202
vn 0.180728 -0.978976 0.094565
vn 0.045578 -0.795728 0.603937
vn 0.045578 -0.795728 0.603937
vn 0.180728 -0.978976 0.094565
vn 0.484133 -0.831860 0.271337
vn 0.406219 -0.685377 0.604355
vn 0.406219 -0.685377 0.604355
vn 0.484133 -0.831860 0.271337
vn 0.692892 -0.600831 0.398626
vn 0.659432 -0.522444 0.540557
vn 0.659432 -0.522444 0.540557
vn 0.692892 -0.600831 0.398626
vn 0.796348 -0.382108 0.468854
vn 0.807615 -0.371312 0.458132
vn 0.807615 -0.371312 0.458132
vn 0.796348 -0.382108 0.468854
vn 0.848654 -0.137134 0.510863
vn 0.920318 -0.196582 0.338186
vn 0.920318 -0.196582 0.338186
vn 0.848654 -0.137134 0.510863
vn 0.840128 0.169995 0.515059
vn 0.988166 0.031466 0.150128
vn 0.988166 0.031466 0.150128
vn 0.840128 0.169995 0.515059
vn 0.723095 0.520698 0.453880
vn 0.945693 0.307246 -0.106132
vn 0.945693 0.307246 -0.106132
vn 0.723095 0.520698 0.453880
vn 0.545395 0.759396 0.354770
vn 0.799001 0.509745 -0.318994
vn 0.799001 0.509745 -0.318994
vn 0.545395 0.759396 0.354770
vn 0.385740 0.888126 0.249874
vn 0.629993 0.625210 -0.460674
vn 0.629993 0.625210 -0.460674
vn 0.385740 0.888126 0.249874
vn 0.153014 0.985534 0.072870
vn 0.370698 0.709391 -0.599455
vn 0.153014 0.985534 0.072870
vn -0.022518 0.927452 0.373265
vn -0.356384 0.931928 0.067094
vn -0.255255 0.941841 -0.218590
vn -0.255255 0.941841 -0.218590
vn -0.356384 0.931928 0.067094
vn -0.629128 0.725815 -0.278192
vn -0.584255 0.684028 -0.436750
vn -0.584255 0.684028 -0.436750
vn -0.629128 0.725815 -0.278192
vn -0.725784 0.502990 -0.469296
vn -0.719495 0.458499 -0.521637
vn -0.719495 0.458499 -0.521637
vn -0.725784 0.502990 -0.469296
vn -0.751518 0.300085 -0.587512
vn -0.789883 0.252286 -0.558961
vn -0.789883 0.252286 -0.558961
vn -0.751518 0.300085 -0.587512
vn -0.735585 0.093379 -0.670965
vn -0.821575 0.047712 -0.568101
vn -0.821575 0.047712 -0.568101
vn -0.735585 0.093379 -0.670965
vn -0.681333 -0.116930 -0.722573
vn -0.817108 -0.167524 -0.551607
vn -0.817108 -0.167524 -0.551607
vn -0.681333 -0.116930 -0.722573
vn -0.555184 -0.385412 -0.737040
vn -0.745233 -0.451998 -0.490230
vn -0.745233 -0.451998 -0.490230
vn -0.555184 -0.385412 -0.737040
vn -0.324249 -0.674569 -0.663189
vn -0.560892 -0.743740 -0.363663
vn -0.560892 -0.743740 -0.363663
vn -0.324249 -0.674569 -0.663189
vn -0.073527 -0.853734 -0.515492
vn -0.320082 -0.923910 -0.209613
vn -0.320082 -0.923910 -0.209613
vn -0.073527 -0.853734 -0.515492
vn 0.147299 -0.927177 -0.344451
vn -0.078896 -0.995063 -0.060202
vn -0.078896 -0.995063 -0.060202
vn 0.147299 -0.927177 -0.344451
vn 0.374377 -0.918405 -0.127961
vn 0.180728 -0.978976 0.094565
vn 0.180728 -0.978976 0.094565
vn 0.374377 -0.918405 -0.127961
vn 0.610434 -0.775361 0.161818
vn 0.484133 -0.831860 0.271337
vn 0.484133 -0.831860 0.271337
vn 0.610434 -0.775361 0.161818
vn 0.737860 -0.553902 0.385688
vn 0.692892 -0.600831 0.398626
vn 0.692892 -0.600831 0.398626
vn 0.737860 -0.553902 0.385688
vn 0.780177 -0.338982 0.525752
vn 0.796348 -0.382108 0.468854
vn 0.796348 -0.382108 0.468854
vn 0.780177 -0.338982 0.525752
vn 0.770821 -0.096773 0.629658
vn 0.848654 -0.137134 0.510863
vn 0.848654 -0.137134 0.510863
vn 0.770821 -0.096773 0.629658
vn 0.691509 0.200024 0.694122
vn 0.840128 0.169995 0.515059
vn 0.840128 0.169995 0.515059
vn 0.691509 0.200024 0.694122
vn 0.518992 0.515846 0.681579
vn 0.723095 0.520698 0.453880
vn 0.723095 0.520698 0.453880
vn 0.518992 0.515846 0.681579
vn 0.334742 0.720414 0.607414
vn 0.545395 0.759396 0.354770
vn 0.545395 0.759396 0.354770
vn 0.334742 0.720414 0.607414
vn 0.184599 0.833147 0.521335
vn 0.385740 0.888126 0.249874
vn 0.385740 0.888126 0.249874
vn 0.184599 0.833147 0.521335
vn -0.022518 0.927452 0.373265
vn 0.153014 0.985534 0.072870
vn 0.328055 0.911310 -0.248786
vn 0.465730 -0.281548 -0.838944
vn -0.063808 0.900015 -0.431162
vn -0.063808 0.900015 -0.431162
vn 0.465730 -0.281548 -0.838944
vn -0.453428 0.706419 -0.543484
vn -0.453428 0.706419 -0.543484
vn 0.465730 -0.281548 -0.838944
vn -0.666158 0.493879 -0.558853
vn -0.666158 0.493879 -0.558853
vn 0.465730 -0.281548 -0.838944
vn -0.787580 0.296927 -0.539956
vn -0.787580 0.296927 -0.539956
vn 0.465730 -0.281548 -0.838944
vn -0.863345 0.090398 -0.496452
vn -0.863345 0.090398 -0.496452
vn 0.465730 -0.281548 -0.838944
vn -0.893835 -0.125409 -0.430501
vn -0.893835 -0.125409 -0.430501
vn 0.465730 -0.281548 -0.838944
vn -0.858917 -0.404537 -0.314025
vn -0.858917 -0.404537 -0.314025
vn 0.465730 -0.281548 -0.838944
vn -0.696223 -0.706026 -0.129615
vn -0.696223 -0.706026 -0.129615
vn 0.465730 -0.281548 -0.838944
vn -0.449346 -0.892038 0.048545
vn -0.449346 -0.892038 0.048545
vn 0.465730 -0.281548 -0.838944
vn -0.183838 -0.964578 0.189190
vn -0.183838 -0.964578 0.189190
vn 0.465730 -0.281548 -0.838944
vn 0.131324 -0.940581 0.313147
vn 0.131324 -0.940581 0.313147
vn 0.465730 -0.281548 -0.838944
vn 0.487389 -0.772157 0.407708
vn 0.487389 -0.772157 0.407708
vn 0.465730 -0.281548 -0.838944
vn 0.719014 -0.545598 0.430513
vn 0.719014 -0.545598 0.430513
vn 0.465730 -0.281548 -0.838944
vn 0.850173 -0.329012 0.411045
vn 0.850173 -0.329012 0.411045
vn 0.465730 -0.281548 -0.838944
vn 0.929278 -0.083276 0.359872
vn 0.929278 -0.083276 0.359872
vn 0.465730 -0.281548 -0.838944
vn 0.940627 0.211417 0.265565
vn 0.940627 0.211417 0.265565
vn 0.465730 -0.281548 -0.838944
vn 0.850121 0.511616 0.124677
vn 0.850121 0.511616 0.124677
vn 0.465730 -0.281548 -0.838944
vn 0.705984 0.708145 -0.010795
vn 0.705984 0.708145 -0.010795
vn 0.465730 -0.281548 -0.838944
vn 0.557486 0.821989 -0.116379
vn 0.557486 0.821989 -0.116379
vn 0.465730 -0.281548 -0.838944
vn 0.328055 0.911310 -0.248786
vn 0.610434 -0.775361 0.161818
vn 0.572442 -0.771678 0.277169
vn 0.733467 -0.536970 0.416759
vn 0.737860 -0.553902 0.385688
vn 0.780177 -0.338982 0.525752
vn 0.737860 -0.553902 0.385688
vn 0.733467 -0.536970 0.416759
vn 0.809856 -0.317025 0.493587
vn 0.770821 -0.096773 0.629658
vn 0.780177 -0.338982 0.525752
vn 0.809856 -0.317025 0.493587
vn 0.837849 -0.068932 0.541532
vn 0.691509 0.200024 0.694122
vn 0.770821 -0.096773 0.629658
vn 0.837849 -0.068932 0.541532
vn 0.798364 0.237755 0.553252
vn 0.518992 0.515846 0.681579
vn 0.691509 0.200024 0.694122
vn 0.798364 0.237755 0.553252
vn 0.661533 0.560058 0.498707
vn 0.334742 0.720414 0.607414
vn 0.518992 0.515846 0.681579
vn 0.661533 0.560058 0.498707
vn 0.493019 0.769745 0.405493
vn 0.184599 0.833147 0.521335
vn 0.334742 0.720414 0.607414
vn 0.493019 0.769745 0.405493
vn 0.336229 0.888377 0.312628
vn -0.022518 0.927452 0.373265
vn 0.184599 0.833147 0.521335
vn 0.336229 0.888377 0.312628
vn 0.108853 0.979473 0.169660
vn -0.356384 0.931928 0.067094
vn -0.022518 0.927452 0.373265
vn 0.108853 0.979473 0.169660
vn -0.254096 0.963609 -0.083025
vn -0.629128 0.725815 -0.278192
vn -0.356384 0.931928 0.067094
vn -0.254096 0.963609 -0.083025
vn -0.578850 0.744603 -0.332414
vn -0.725784 0.502990 -0.469296
vn -0.629128 0.725815 -0.278192
vn -0.578850 0.744603 -0.332414
vn -0.724816 0.514534 -0.458144
vn -0.751518 0.300085 -0.587512
vn -0.725784 0.502990 -0.469296
vn -0.724816 0.514534 -0.458144
vn -0.791007 0.311511 -0.526563
vn -0.735585 0.093379 -0.670965
vn -0.751518 0.300085 -0.587512
vn -0.791007 0.311511 -0.526563
vn -0.816399 0.100897 -0.568606
vn -0.681333 -0.116930 -0.722573
vn -0.735585 0.093379 -0.670965
vn -0.816399 0.100897 -0.568606
vn -0.802343 -0.117256 -0.585232
vn -0.555184 -0.385412 -0.737040
vn -0.681333 -0.116930 -0.722573
vn -0.802343 -0.117256 -0.585232
vn -0.721221 -0.401525 -0.564463
vn -0.324249 -0.674569 -0.663189
vn -0.555184 -0.385412 -0.737040
vn -0.721221 -0.401525 -0.564463
vn -0.512275 -0.724363 -0.461380
vn -0.073527 -0.853734 -0.515492
vn -0.324249 -0.674569 -0.663189
vn -0.512275 -0.724363 -0.461380
vn -0.241773 -0.922581 -0.300651
vn 0.147299 -0.927177 -0.344451
vn -0.073527 -0.853734 -0.515492
vn -0.241773 -0.922581 -0.300651
vn 0.015922 -0.990815 -0.134282
vn 0.374377 -0.918405 -0.127961
vn 0.147299 -0.927177 -0.344451
vn 0.015922 -0.990815 -0.134282
vn 0.290710 -0.955108 0.057062
vn 0.610434 -0.775361 0.161818
vn 0.374377 -0.918405 -0.127961
vn 0.290710 -0.955108 0.057062
vn 0.572442 -0.771678 0.277169
vn 0.809856 -0.317025 0.493587
vn 0.733467 -0.536970 0.416759
vn 0.719014 -0.545598 0.430513
vn 0.850173 -0.329012 0.411045
vn 0.837849 -0.068932 0.541532
vn 0.809856 -0.317025 0.493587
vn 0.850173 -0.329012 0.411045
vn 0.929278 -0.083276 0.359872
vn 0.798364 0.237755 0.553252
vn 0.837849 -0.068932 0.541532
vn 0.929278 -0.083276 0.359872
vn 0.940627 0.211417 0.265565
vn 0.661533 0.560058 0.498707
vn 0.798364 0.237755 0.553252
vn 0.940627 0.211417 0.265565
vn 0.850121 0.511616 0.124677
vn 0.493019 0.769745 0.405493
vn 0.661533 0.560058 0.498707
vn 0.850121 0.511616 0.124677
vn 0.705984 0.708145 -0.010795
vn 0.336229 0.888377 0.312628
vn 0.493019 0.769745 0.405493
vn 0.705984 0.708145 -0.010795
vn 0.557486 0.821989 -0.116379
vn 0.108853 0.979473 0.169660
vn 0.336229 0.888377 0.312628
vn 0.557486 0.821989 -0.116379
vn 0.328055 0.911310 -0.248786
vn -0.254096 0.963609 -0.083025
vn 0.108853 0.979473 0.169660
vn 0.328055 0.911310 -0.248786
vn -0.063808 0.900015 -0.431162
vn -0.578850 0.744603 -0.332414
vn -0.254096 0.963609 -0.083025
vn -0.063808 0.900015 -0.431162
vn -0.453428 0.706419 -0.543484
vn -0.724816 0.514534 -0.458144
vn -0.578850 0.744603 -0.332414
vn -0.453428 0.706419 -0.543484
vn -0.666158 0.493879 -0.558853
vn -0.791007 0.311511 -0.526563
vn -0.724816 0.514534 -0.458144
vn -0.666158 0.493879 -0.558853
vn -0.787580 0.296927 -0.539956
vn -0.816399 0.100897 -0.568606
vn -0.791007 0.311511 -0.526563
vn -0.787580 0.296927 -0.539956
vn -0.863345 0.090398 -0.496452
vn -0.802343 -0.117256 -0.585232
vn -0.816399 0.100897 -0.568606
vn -0.863345 0.090398 -0.496452
vn -0.893835 -0.125409 -0.430501
vn -0.721221 -0.401525 -0.564463
vn -0.802343 -0.117256 -0.585232
vn -0.893835 -0.125409 -0.430501
vn -0.858917 -0.404537 -0.314025
vn -0.512275 -0.724363 -0.461380
vn -0.721221 -0.401525 -0.564463
vn -0.858917 -0.404537 -0.314025
vn -0.696223 -0.706026 -0.129615
vn -0.241773 -0.922581 -0.300651
vn -0.512275 -0.724363 -0.461380
vn -0.696223 -0.706026 -0.129615
vn -0.449346 -0.892038 0.048545
vn 0.015922 -0.990815 -0.134282
vn -0.241773 -0.922581 -0.300651
vn -0.449346 -0.892038 0.048545
vn -0.183838 -0.964578 0.189190
vn 0.290710 -0.955108 0.057062
vn 0.015922 -0.990815 -0.134282
vn -0.183838 -0.964578 0.189190
vn 0.131324 -0.940581 0.313147
vn 0.572442 -0.771678 0.277169
vn 0.290710 -0.955108 0.057062
vn 0.131324 -0.940581 0.313147
vn 0.487389 -0.772157 0.407708
vn 0.733467 -0.536970 0.416759
vn 0.572442 -0.771678 0.277169
vn 0.487389 -0.772157 0.407708
vn 0.719014 -0.545598 0.430513
vn 0.273716 0.960143 0.056606
vn 0.458811 0.887699 -0.038510
vn 0.322057 0.836263 -0.443783
vn 0.110877 0.929284 -0.352330
vn 0.110877 0.929284 -0.352330
vn 0.322057 0.836263 -0.443783
vn 0.136800 0.635405 -0.759964
vn -0.059939 0.727996 -0.682956
vn -0.059939 0.727996 -0.682956
vn 0.136800 0.635405 -0.759964
vn -0.001437 0.431897 -0.901922
vn -0.161665 0.517015 -0.840571
vn -0.161665 0.517015 -0.840571
vn -0.001437 0.431897 -0.901922
vn -0.109620 0.242938 -0.963828
vn -0.232023 0.311405 -0.921516
vn -0.232023 0.311405 -0.921516
vn -0.109620 0.242938 -0.963828
vn -0.217433 0.042901 -0.975132
vn -0.290947 0.088427 -0.952644
vn -0.290947 0.088427 -0.952644
vn -0.217433 0.042901 -0.975132
vn -0.320023 -0.159512 -0.933885
vn -0.338272 -0.144403 -0.929903
vn -0.338272 -0.144403 -0.929903
vn -0.320023 -0.159512 -0.933885
vn -0.436672 -0.405373 -0.803113
vn -0.378417 -0.437302 -0.815823
vn -0.378417 -0.437302 -0.815823
vn -0.436672 -0.405373 -0.803113
vn -0.542462 -0.663174 -0.515690
vn -0.380293 -0.742691 -0.551170
vn -0.380293 -0.742691 -0.551170
vn -0.542462 -0.663174 -0.515690
vn -0.564904 -0.807219 -0.171118
vn -0.329319 -0.916763 -0.226040
vn -0.329319 -0.916763 -0.226040
vn -0.564904 -0.807219 -0.171118
vn -0.518558 -0.843308 0.141167
vn -0.249485 -0.965387 0.076057
vn -0.249485 -0.965387 0.076057
vn -0.518558 -0.843308 0.141167
vn -0.409570 -0.787907 0.459843
vn -0.135899 -0.912744 0.385267
vn -0.135899 -0.912744 0.385267
vn -0.409570 -0.787907 0.459843
vn -0.224033 -0.605988 0.763274
vn 0.014052 -0.732442 0.680685
vn 0.014052 -0.732442 0.680685
vn -0.224033 -0.605988 0.763274
vn -0.055103 -0.404025 0.913087
vn 0.135680 -0.520163 0.843221
vn 0.135680 -0.520163 0.843221
vn -0.055103 -0.404025 0.913087
vn 0.080052 -0.230382 0.969802
vn 0.226073 -0.329108 0.916831
vn 0.226073 -0.329108 0.916831
vn 0.080052 -0.230382 0.969802
vn 0.214817 -0.028900 0.976227
vn 0.309282 -0.110169 0.944567
vn 0.309282 -0.110169 0.944567
vn 0.214817 -0.028900 0.976227
vn 0.361274 0.244851 0.899738
vn 0.384953 0.183930 0.904423
vn 0.384953 0.183930 0.904423
vn 0.361274 0.244851 0.899738
vn 0.471420 0.546052 0.692525
vn 0.419809 0.524759 0.740533
vn 0.419809 0.524759 0.740533
vn 0.471420 0.546052 0.692525
vn 0.507895 0.727970 0.460546
vn 0.398455 0.753661 0.522714
vn 0.398455 0.753661 0.522714
vn 0.507895 0.727970 0.460546
vn 0.505841 0.824611 0.253261
vn 0.355734 0.875001 0.328369
vn 0.355734 0.875001 0.328369
vn 0.505841 0.824611 0.253261
vn 0.458811 0.887699 -0.038510
vn 0.273716 0.960143 0.056606
vn 0.458811 0.887699 -0.038510
vn 0.826997 0.521259 -0.210630
vn 0.693660 0.471535 -0.544510
vn 0.322057 0.836263 -0.443783
vn 0.322057 0.836263 -0.443783
vn 0.693660 0.471535 -0.544510
vn 0.461545 0.340792 -0.819046
vn 0.136800 0.635405 -0.759964
vn 0.136800 0.635405 -0.759964
vn 0.461545 0.340792 -0.819046
vn 0.245434 0.216703 -0.944882
vn -0.001437 0.431897 -0.901922
vn -0.001437 0.431897 -0.901922
vn 0.245434 0.216703 -0.944882
vn 0.050044 0.103469 -0.993373
vn -0.109620 0.242938 -0.963828
vn -0.109620 0.242938 -0.963828
vn 0.050044 0.103469 -0.993373
vn -0.171084 -0.017078 -0.985108
vn -0.217433 0.042901 -0.975132
vn -0.217433 0.042901 -0.975132
vn -0.171084 -0.017078 -0.985108
vn -0.405309 -0.138458 -0.903634
vn -0.320023 -0.159512 -0.933885
vn -0.320023 -0.159512 -0.933885
vn -0.405309 -0.138458 -0.903634
vn -0.675055 -0.280525 -0.682354
vn -0.436672 -0.405373 -0.803113
vn -0.436672 -0.405373 -0.803113
vn -0.675055 -0.280525 -0.682354
vn -0.875318 -0.391350 -0.284014
vn -0.542462 -0.663174 -0.515690
vn -0.542462 -0.663174 -0.515690
vn -0.875318 -0.391350 -0.284014
vn -0.901546 -0.427143 0.069022
vn -0.564904 -0.807219 -0.171118
vn -0.564904 -0.807219 -0.171118
vn -0.901546 -0.427143 0.069022
vn -0.839838 -0.428928 0.332705
vn -0.518558 -0.843308 0.141167
vn -0.518558 -0.843308 0.141167
vn -0.839838 -0.428928 0.332705
vn -0.699933 -0.400676 0.591230
vn -0.409570 -0.787907 0.459843
vn -0.409570 -0.787907 0.459843
vn -0.699933 -0.400676 0.591230
vn -0.446712 -0.321842 0.834785
vn -0.224033 -0.605988 0.763274
vn -0.224033 -0.605988 0.763274
vn -0.446712 -0.321842 0.834785
vn -0.204144 -0.226072 0.952479
vn -0.055103 -0.404025 0.913087
vn -0.055103 -0.404025 0.913087
vn -0.204144 -0.226072 0.952479
vn 0.005865 -0.129445 0.991569
vn 0.080052 -0.230382 0.969802
vn 0.080052 -0.230382 0.969802
vn 0.005865 -0.129445 0.991569
vn 0.244399 -0.000467 0.969675
vn 0.214817 -0.028900 0.976227
vn 0.214817 -0.028900 0.976227
vn 0.244399 -0.000467 0.969675
vn 0.520713 0.178060 0.834957
vn 0.361274 0.244851 0.899738
vn 0.361274 0.244851 0.899738
vn 0.520713 0.178060 0.834957
vn 0.747077 0.360949 0.558204
vn 0.471420 0.546052 0.692525
vn 0.471420 0.546052 0.692525
vn 0.747077 0.360949 0.558204
vn 0.842727 0.460129 0.279450
vn 0.507895 0.727970 0.460546
vn 0.507895 0.727970 0.460546
vn 0.842727 0.460129 0.279450
vn 0.862062 0.503982 0.053400
vn 0.505841 0.824611 0.253261
vn 0.505841 0.824611 0.253261
vn 0.862062 0.503982 0.053400
vn 0.826997 0.521259 -0.210630
vn 0.458811 0.887699 -0.038510
vn 0.826997 0.521259 -0.210630
vn 0.878559 0.393575 -0.270614
vn 0.709124 0.362577 -0.604715
vn 0.693660 0.471535 -0.544510
vn 0.693660 0.471535 -0.544510
vn 0.709124 0.362577 -0.604715
vn 0.425755 0.275973 -0.861726
vn 0.461545 0.340792 -0.819046
vn 0.461545 0.340792 -0.819046
vn 0.425755 0.275973 -0.861726
vn 0.182985 0.185065 -0.965540
vn 0.245434 0.216703 -0.944882
vn 0.245434 0.216703 -0.944882
vn 0.182985 0.185065 -0.965540
vn -0.037247 0.094248 -0.994852
vn 0.050044 0.103469 -0.993373
vn 0.050044 0.103469 -0.993373
vn -0.037247 0.094248 -0.994852
vn -0.264455 -0.005642 -0.964381
vn -0.171084 -0.017078 -0.985108
vn -0.171084 -0.017078 -0.985108
vn -0.264455 -0.005642 -0.964381
vn -0.489356 -0.112488 -0.864799
vn -0.405309 -0.138458 -0.903634
vn -0.405309 -0.138458 -0.903634
vn -0.489356 -0.112488 -0.864799
vn -0.738518 -0.245737 -0.627857
vn -0.675055 -0.280525 -0.682354
vn -0.675055 -0.280525 -0.682354
vn -0.738518 -0.245737 -0.627857
vn -0.895418 -0.364117 -0.256215
vn -0.875318 -0.391350 -0.284014
vn -0.875318 -0.391350 -0.284014
vn -0.895418 -0.364117 -0.256215
vn -0.904760 -0.418012 0.081697
vn -0.901546 -0.427143 0.069022
vn -0.901546 -0.427143 0.069022
vn -0.904760 -0.418012 0.081697
vn -0.834207 -0.427955 0.347783
vn -0.839838 -0.428928 0.332705
vn -0.839838 -0.428928 0.332705
vn -0.834207 -0.427955 0.347783
vn -0.689235 -0.407975 0.598758
vn -0.699933 -0.400676 0.591230
vn -0.699933 -0.400676 0.591230
vn -0.689235 -0.407975 0.598758
vn -0.430880 -0.339241 0.836217
vn -0.446712 -0.321842 0.834785
vn -0.446712 -0.321842 0.834785
vn -0.430880 -0.339241 0.836217
vn -0.167585 -0.248804 0.953946
vn -0.204144 -0.226072 0.952479
vn -0.204144 -0.226072 0.952479
vn -0.167585 -0.248804 0.953946
vn 0.046680 -0.162795 0.985555
vn 0.005865 -0.129445 0.991569
vn 0.005865 -0.129445 0.991569
vn 0.046680 -0.162795 0.985555
vn 0.286502 -0.054223 0.956544
vn 0.244399 -0.000467 0.969675
vn 0.244399 -0.000467 0.969675
vn 0.286502 -0.054223 0.956544
vn 0.569529 0.091935 0.816814
vn 0.520713 0.178060 0.834957
vn 0.520713 0.178060 0.834957
vn 0.569529 0.091935 0.816814
vn 0.813970 0.245364 0.526544
vn 0.747077 0.360949 0.558204
vn 0.747077 0.360949 0.558204
vn 0.813970 0.245364 0.526544
vn 0.913055 0.337259 0.229316
vn 0.842727 0.460129 0.279450
vn 0.842727 0.460129 0.279450
vn 0.913055 0.337259 0.229316
vn 0.925392 0.378990 -0.003991
vn 0.862062 0.503982 0.053400
vn 0.862062 0.503982 0.053400
vn 0.925392 0.378990 -0.003991
vn 0.878559 0.393575 -0.270614
vn 0.826997 0.521259 -0.210630
vn 0.878559 0.393575 -0.270614
vn 0.727244 0.664065 -0.173591
vn 0.547455 0.596447 -0.586978
vn 0.709124 0.362577 -0.604715
vn 0.709124 0.362577 -0.604715
vn 0.547455 0.596447 -0.586978
vn 0.267870 0.414082 -0.869932
vn 0.425755 0.275973 -0.861726
vn 0.425755 0.275973 -0.861726
vn 0.267870 0.414082 -0.869932
vn 0.068679 0.253443 -0.964909
vn 0.182985 0.185065 -0.965540
vn 0.182985 0.185065 -0.965540
vn 0.068679 0.253443 -0.964909
vn -0.090461 0.103102 -0.990549
vn -0.037247 0.094248 -0.994852
vn -0.037247 0.094248 -0.994852
vn -0.090461 0.103102 -0.990549
vn -0.236870 -0.051016 -0.970201
vn -0.264455 -0.005642 -0.964381
vn -0.264455 -0.005642 -0.964381
vn -0.236870 -0.051016 -0.970201
vn -0.376728 -0.215187 -0.900983
vn -0.489356 -0.112488 -0.864799
vn -0.489356 -0.112488 -0.864799
vn -0.376728 -0.215187 -0.900983
vn -0.537490 -0.428316 -0.726396
vn -0.738518 -0.245737 -0.627857
vn -0.738518 -0.245737 -0.627857
vn -0.537490 -0.428316 -0.726396
vn -0.656759 -0.633586 -0.408946
vn -0.895418 -0.364117 -0.256215
vn -0.895418 -0.364117 -0.256215
vn -0.656759 -0.633586 -0.408946
vn -0.671298 -0.738269 -0.065711
vn -0.904760 -0.418012 0.081697
vn -0.904760 -0.418012 0.081697
vn -0.671298 -0.738269 -0.065711
vn -0.613158 -0.754262 0.234788
vn -0.834207 -0.427955 0.347783
vn -0.834207 -0.427955 0.347783
vn -0.613158 -0.754262 0.234788
vn -0.487124 -0.699690 0.522633
vn -0.689235 -0.407975 0.598758
vn -0.689235 -0.407975 0.598758
vn -0.487124 -0.699690 0.522633
vn -0.269724 -0.548721 0.791299
vn -0.430880 -0.339241 0.836217
vn -0.430880 -0.339241 0.836217
vn -0.269724 -0.548721 0.791299
vn -0.062485 -0.366903 0.928159
vn -0.167585 -0.248804 0.953946
vn -0.167585 -0.248804 0.953946
vn -0.062485 -0.366903 0.928159
vn 0.097045 -0.211444 0.972560
vn 0.046680 -0.162795 0.985555
vn 0.046680 -0.162795 0.985555
vn 0.097045 -0.211444 0.972560
vn 0.266574 -0.041765 0.962909
vn 0.286502 -0.054223 0.956544
vn 0.286502 -0.054223 0.956544
vn 0.266574 -0.041765 0.962909
vn 0.466193 0.166303 0.868911
vn 0.569529 0.091935 0.816814
vn 0.569529 0.091935 0.816814
vn 0.466193 0.166303 0.868911
vn 0.656978 0.399574 0.639312
vn 0.813970 0.245364 0.526544
vn 0.813970 0.245364 0.526544
vn 0.656978 0.399574 0.639312
vn 0.748447 0.554111 0.364400
vn 0.913055 0.337259 0.229316
vn 0.913055 0.337259 0.229316
vn 0.748447 0.554111 0.364400
vn 0.766335 0.629590 0.127859
vn 0.925392 0.378990 -0.003991
vn 0.925392 0.378990 -0.003991
vn 0.766335 0.629590 0.127859
vn 0.727244 0.664065 -0.173591
vn 0.878559 0.393575 -0.270614
vn 0.727244 0.664065 -0.173591
vn 0.067093 0.997736 -0.004669
vn 0.057986 0.869011 -0.491383
vn 0.547455 0.596447 -0.586978
vn 0.547455 0.596447 -0.586978
vn 0.057986 0.869011 -0.491383
vn 0.029281 0.548286 -0.835778
vn 0.267870 0.414082 -0.869932
vn 0.267870 0.414082 -0.869932
vn 0.029281 0.548286 -0.835778
vn 0.009382 0.299362 -0.954094
vn 0.068679 0.253443 -0.964909
vn 0.068679 0.253443 -0.964909
vn 0.009382 0.299362 -0.954094
vn -0.009642 0.083227 -0.996484
vn -0.090461 0.103102 -0.990549
vn -0.090461 0.103102 -0.990549
vn -0.009642 0.083227 -0.996484
vn -0.028351 -0.123084 -0.991991
vn -0.236870 -0.051016 -0.970201
vn -0.236870 -0.051016 -0.970201
vn -0.028351 -0.123084 -0.991991
vn -0.046618 -0.332347 -0.942005
vn -0.376728 -0.215187 -0.900983
vn -0.376728 -0.215187 -0.900983
vn -0.046618 -0.332347 -0.942005
vn -0.063490 -0.596036 -0.800444
vn -0.537490 -0.428316 -0.726396
vn -0.537490 -0.428316 -0.726396
vn -0.063490 -0.596036 -0.800444
vn -0.066381 -0.845236 -0.530254
vn -0.656759 -0.633586 -0.408946
vn -0.656759 -0.633586 -0.408946
vn -0.066381 -0.845236 -0.530254
vn -0.053953 -0.974399 -0.218255
vn -0.671298 -0.738269 -0.065711
vn -0.671298 -0.738269 -0.065711
vn -0.053953 -0.974399 -0.218255
vn -0.033689 -0.996786 0.072685
vn -0.613158 -0.754262 0.234788
vn -0.613158 -0.754262 0.234788
vn -0.033689 -0.996786 0.072685
vn -0.003701 -0.930420 0.366477
vn -0.487124 -0.699690 0.522633
vn -0.487124 -0.699690 0.522633
vn -0.003701 -0.930420 0.366477
vn 0.039183 -0.727051 0.685465
vn -0.269724 -0.548721 0.791299
vn -0.269724 -0.548721 0.791299
vn 0.039183 -0.727051 0.685465
vn 0.068753 -0.458585 0.885987
vn -0.062485 -0.366903 0.928159
vn -0.062485 -0.366903 0.928159
vn 0.068753 -0.458585 0.885987
vn 0.081359 -0.222001 0.971646
vn 0.097045 -0.211444 0.972560
vn 0.097045 -0.211444 0.972560
vn 0.081359 -0.222001 0.971646
vn 0.087275 0.030794 0.995708
vn 0.266574 -0.041765 0.962909
vn 0.266574 -0.041765 0.962909
vn 0.087275 0.030794 0.995708
vn 0.089750 0.332735 0.938740
vn 0.466193 0.166303 0.868911
vn 0.466193 0.166303 0.868911
vn 0.089750 0.332735 0.938740
vn 0.082045 0.656360 0.749974
vn 0.656978 0.399574 0.639312
vn 0.656978 0.399574 0.639312
vn 0.082045 0.656360 0.749974
vn 0.064919 0.857675 0.510078
vn 0.748447 0.554111 0.364400
vn 0.748447 0.554111 0.364400
vn 0.064919 0.857675 0.510078
vn 0.059210 0.952091 0.300029
vn 0.766335 0.629590 0.127859
vn 0.766335 0.629590 0.127859
vn 0.059210 0.952091 0.300029
vn 0.067093 0.997736 -0.004669
vn 0.727244 0.664065 -0.173591
vn 0.067093 0.997736 -0.004669
vn -0.280700 0.958981 0.039528
vn -0.232160 0.884491 -0.404693
vn 0.057986 0.869011 -0.491383
vn 0.057986 0.869011 -0.491383
vn -0.232160 0.884491 -0.404693
vn -0.123401 0.604753 -0.786795
vn 0.029281 0.548286 -0.835778
vn 0.029281 0.548286 -0.835778
vn -0.123401 0.604753 -0.786795
vn -0.034878 0.349224 -0.936390
vn 0.009382 0.299362 -0.954094
vn 0.009382 0.299362 -0.954094
vn -0.034878 0.349224 -0.936390
vn 0.037767 0.131076 -0.990653
vn -0.009642 0.083227 -0.996484
vn -0.009642 0.083227 -0.996484
vn 0.037767 0.131076 -0.990653
vn 0.107009 -0.081410 -0.990919
vn -0.028351 -0.123084 -0.991991
vn -0.028351 -0.123084 -0.991991
vn 0.107009 -0.081410 -0.990919
vn 0.173219 -0.288804 -0.941588
vn -0.046618 -0.332347 -0.942005
vn -0.046618 -0.332347 -0.942005
vn 0.173219 -0.288804 -0.941588
vn 0.250114 -0.540243 -0.803480
vn -0.063490 -0.596036 -0.800444
vn -0.063490 -0.596036 -0.800444
vn 0.250114 -0.540243 -0.803480
vn 0.317343 -0.788283 -0.527166
vn -0.066381 -0.845236 -0.530254
vn -0.066381 -0.845236 -0.530254
vn 0.317343 -0.788283 -0.527166
vn 0.340801 -0.916125 -0.211115
vn -0.053953 -0.974399 -0.218255
vn -0.053953 -0.974399 -0.218255
vn 0.340801 -0.916125 -0.211115
vn 0.331508 -0.940343 0.076531
vn -0.033689 -0.996786 0.072685
vn -0.033689 -0.996786 0.072685
vn 0.331508 -0.940343 0.076531
vn 0.292281 -0.876978 0.381421
vn -0.003701 -0.930420 0.366477
vn -0.003701 -0.930420 0.366477
vn 0.292281 -0.876978 0.381421
vn 0.204183 -0.670840 0.712940
vn 0.039183 -0.727051 0.685465
vn 0.039183 -0.727051 0.685465
vn 0.204183 -0.670840 0.712940
vn 0.107491 -0.408801 0.906271
vn 0.068753 -0.458585 0.885987
vn 0.068753 -0.458585 0.885987
vn 0.107491 -0.408801 0.906271
vn 0.027530 -0.174044 0.984353
vn 0.081359 -0.222001 0.971646
vn 0.081359 -0.222001 0.971646
vn 0.027530 -0.174044 0.984353
vn -0.053010 0.076835 0.995634
vn 0.087275 0.030794 0.995708
vn 0.087275 0.030794 0.995708
vn -0.053010 0.076835 0.995634
vn -0.141350 0.368111 0.918975
vn 0.089750 0.332735 0.938740
vn 0.089750 0.332735 0.938740
vn -0.141350 0.368111 0.918975
vn -0.222317 0.657224 0.720161
vn 0.082045 0.656360 0.749974
vn 0.082045 0.656360 0.749974
vn -0.222317 0.657224 0.720161
vn -0.264621 0.827416 0.495337
vn 0.064919 0.857675 0.510078
vn 0.064919 0.857675 0.510078
vn -0.264621 0.827416 0.495337
vn -0.280382 0.909635 0.306513
vn 0.059210 0.952091 0.300029
vn 0.059210 0.952091 0.300029
vn -0.280382 0.909635 0.306513
vn -0.280700 0.958981 0.039528
vn 0.067093 0.997736 -0.004669
vn 0.427019 0.903404 -0.038939
vn 0.941072 -0.331514 -0.066944
vn 0.341002 0.822659 -0.454917
vn 0.341002 0.822659 -0.454917
vn 0.941072 -0.331514 -0.066944
vn 0.193512 0.571791 -0.797250
vn 0.193512 0.571791 -0.797250
vn 0.941072 -0.331514 -0.066944
vn 0.072206 0.335620 -0.939226
vn 0.072206 0.335620 -0.939226
vn 0.941072 -0.331514 -0.066944
vn -0.021987 0.129924 -0.991280
vn -0.021987 0.129924 -0.991280
vn 0.941072 -0.331514 -0.066944
vn -0.109237 -0.076653 -0.991056
vn -0.109237 -0.076653 -0.991056
vn 0.941072 -0.331514 -0.066944
vn -0.188041 -0.284158 -0.940157
vn -0.188041 -0.284158 -0.940157
vn 0.941072 -0.331514 -0.066944
vn -0.270951 -0.539761 -0.797022
vn -0.270951 -0.539761 -0.797022
vn 0.941072 -0.331514 -0.066944
vn -0.333574 -0.793580 -0.508880
vn -0.333574 -0.793580 -0.508880
vn 0.941072 -0.331514 -0.066944
vn -0.337153 -0.924650 -0.177060
vn -0.337153 -0.924650 -0.177060
vn 0.941072 -0.331514 -0.066944
vn -0.295456 -0.946688 0.128403
vn -0.295456 -0.946688 0.128403
vn 0.941072 -0.331514 -0.066944
vn -0.207481 -0.870025 0.447223
vn -0.207481 -0.870025 0.447223
vn 0.941072 -0.331514 -0.066944
vn -0.066477 -0.650165 0.756880
vn -0.066477 -0.650165 0.756880
vn 0.941072 -0.331514 -0.066944
vn 0.060540 -0.397031 0.915806
vn 0.060540 -0.397031 0.915806
vn 0.941072 -0.331514 -0.066944
vn 0.161662 -0.170906 0.971935
vn 0.161662 -0.170906 0.971935
vn 0.941072 -0.331514 -0.066944
vn 0.258471 0.073691 0.963204
vn 0.258471 0.073691 0.963204
vn 0.941072 -0.331514 -0.066944
vn 0.351520 0.352878 0.867128
vn 0.351520 0.352878 0.867128
vn 0.941072 -0.331514 -0.066944
vn 0.421886 0.619564 0.661931
vn 0.421886 0.619564 0.661931
vn 0.941072 -0.331514 -0.066944
vn 0.452390 0.778576 0.434929
vn 0.452390 0.778576 0.434929
vn 0.941072 -0.331514 -0.066944
vn 0.453349 0.859540 0.235937
vn 0.453349 0.859540 0.235937
vn 0.941072 -0.331514 -0.066944
vn 0.427019 0.903404 -0.038939
vn 0.204183 -0.670840 0.712940
vn 0.088988 -0.656694 0.748889
vn 0.080487 -0.388620 0.917876
vn 0.107491 -0.408801 0.906271
vn 0.027530 -0.174044 0.984353
vn 0.107491 -0.408801 0.906271
vn 0.080487 -0.388620 0.917876
vn 0.071784 -0.153105 0.985599
vn -0.053010 0.076835 0.995634
vn 0.027530 -0.174044 0.984353
vn 0.071784 -0.153105 0.985599
vn 0.058616 0.100664 0.993192
vn -0.141350 0.368111 0.918975
vn -0.053010 0.076835 0.995634
vn 0.058616 0.100664 0.993192
vn 0.036682 0.399484 0.916006
vn -0.222317 0.657224 0.720161
vn -0.141350 0.368111 0.918975
vn 0.036682 0.399484 0.916006
vn 0.010876 0.693726 0.720157
vn -0.264621 0.827416 0.495337
vn -0.222317 0.657224 0.720161
vn 0.010876 0.693726 0.720157
vn -0.006583 0.868324 0.495954
vn -0.280382 0.909635 0.306513
vn -0.264621 0.827416 0.495337
vn -0.006583 0.868324 0.495954
vn -0.020615 0.954685 0.296902
vn -0.280700 0.958981 0.039528
vn -0.280382 0.909635 0.306513
vn -0.020615 0.954685 0.296902
vn -0.037169 0.999160 0.017275
vn -0.232160 0.884491 -0.404693
vn -0.280700 0.958981 0.039528
vn -0.037169 0.999160 0.017275
vn -0.049617 0.908180 -0.415629
vn -0.123401 0.604753 -0.786795
vn -0.232160 0.884491 -0.404693
vn -0.049617 0.908180 -0.415629
vn -0.049301 0.622097 -0.781386
vn -0.034878 0.349224 -0.936390
vn -0.123401 0.604753 -0.786795
vn -0.049301 0.622097 -0.781386
vn -0.042865 0.362152 -0.931133
vn 0.037767 0.131076 -0.990653
vn -0.034878 0.349224 -0.936390
vn -0.042865 0.362152 -0.931133
vn -0.034275 0.145614 -0.988748
vn 0.107009 -0.081410 -0.990919
vn 0.037767 0.131076 -0.990653
vn -0.034275 0.145614 -0.988748
vn -0.022981 -0.070192 -0.997269
vn 0.173219 -0.288804 -0.941588
vn 0.107009 -0.081410 -0.990919
vn -0.022981 -0.070192 -0.997269
vn -0.009031 -0.285493 -0.958338
vn 0.250114 -0.540243 -0.803480
vn 0.173219 -0.288804 -0.941588
vn -0.009031 -0.285493 -0.958338
vn 0.012266 -0.553162 -0.832984
vn 0.317343 -0.788283 -0.527166
vn 0.250114 -0.540243 -0.803480
vn 0.012266 -0.553162 -0.832984
vn 0.041736 -0.833151 -0.551468
vn 0.340801 -0.916125 -0.211115
vn 0.317343 -0.788283 -0.527166
vn 0.041736 -0.833151 -0.551468
vn 0.065767 -0.975735 -0.208843
vn 0.331508 -0.940343 0.076531
vn 0.340801 -0.916125 -0.211115
vn 0.065767 -0.975735 -0.208843
vn 0.082275 -0.991109 0.104570
vn 0.292281 -0.876978 0.381421
vn 0.331508 -0.940343 0.076531
vn 0.082275 -0.991109 0.104570
vn 0.092524 -0.898900 0.428274
vn 0.204183 -0.670840 0.712940
vn 0.292281 -0.876978 0.381421
vn 0.092524 -0.898900 0.428274
vn 0.088988 -0.656694 0.748889
vn 0.071784 -0.153105 0.985599
vn 0.080487 -0.388620 0.917876
vn 0.060540 -0.397031 0.915806
vn 0.161662 -0.170906 0.971935
vn 0.058616 0.100664 0.993192
vn 0.071784 -0.153105 0.985599
vn 0.161662 -0.170906 0.971935
vn 0.258471 0.073691 0.963204
vn 0.036682 0.399484 0.916006
vn 0.058616 0.100664 0.993192
vn 0.258471 0.073691 0.963204
vn 0.351520 0.352878 0.867128
vn 0.010876 0.693726 0.720157
vn 0.036682 0.399484 0.916006
vn 0.351520 0.352878 0.867128
vn 0.421886 0.619564 0.661931
vn -0.006583 0.868324 0.495954
vn 0.010876 0.693726 0.720157
vn 0.421886 0.619564 0.661931
vn 0.452390 0.778576 0.434929
vn -0.020615 0.954685 0.296902
vn -0.006583 0.868324 0.495954
vn 0.452390 0.778576 0.434929
vn 0.453349 0.859540 0.235937
vn -0.037169 0.999160 0.017275
vn -0.020615 0.954685 0.296902
vn 0.453349 0.859540 0.235937
vn 0.427019 0.903404 -0.038939
vn -0.049617 0.908180 -0.415629
vn -0.037169 0.999160 0.017275
vn 0.427019 0.903404 -0.038939
vn 0.341002 0.822659 -0.454917
vn -0.049301 0.622097 -0.781386
vn -0.049617 0.908180 -0.415629
vn 0.341002 0.822659 -0.454917
vn 0.193512 0.571791 -0.797250
vn -0.042865 0.362152 -0.931133
vn -0.049301 0.622097 -0.781386
vn 0.193512 0.571791 -0.797250
vn 0.072206 0.335620 -0.939226
vn -0.034275 0.145614 -0.988748
vn -0.042865 0.362152 -0.931133
vn 0.072206 0.335620 -0.939226
vn -0.021987 0.129924 -0.991280
vn -0.022981 -0.070192 -0.997269
vn -0.034275 0.145614 -0.988748
vn -0.021987 0.129924 -0.991280
vn -0.109237 -0.076653 -0.991056
vn -0.009031 -0.285493 -0.958338
vn -0.022981 -0.070192 -0.997269
vn -0.109237 -0.076653 -0.991056
vn -0.188041 -0.284158 -0.940157
vn 0.012266 -0.553162 -0.832984
vn -0.009031 -0.285493 -0.958338
vn -0.188041 -0.284158 -0.940157
vn -0.270951 -0.539761 -0.797022
vn 0.041736 -0.833151 -0.551468
vn 0.012266 -0.553162 -0.832984
vn -0.270951 -0.539761 -0.797022
vn -0.333574 -0.793580 -0.508880
vn 0.065767 -0.975735 -0.208843
vn 0.041736 -0.833151 -0.551468
vn -0.333574 -0.793580 -0.508880
vn -0.337153 -0.924650 -0.177060
vn 0.082275 -0.991109 0.104570
vn 0.065767 -0.975735 -0.208843
vn -0.337153 -0.924650 -0.177060
vn -0.295456 -0.946688 0.128403
vn 0.092524 -0.898900 0.428274
vn 0.082275 -0.991109 0.104570
vn -0.295456 -0.946688 0.128403
vn -0.207481 -0.870025 0.447223
vn 0.088988 -0.656694 0.748889
vn 0.092524 -0.898900 0.428274
vn -0.207481 -0.870025 0.447223
vn -0.066477 -0.650165 0.756880
vn 0.080487 -0.388620 0.917876
vn 0.088988 -0.656694 0.748889
vn -0.066477 -0.650165 0.756880
vn 0.060540 -0.397031 0.915806
vn -0.590371 -0.765261 0.256589
vn -0.705718 -0.704065 0.079088
vn -0.453893 -0.859827 -0.233836
vn -0.321143 -0.946070 -0.042634
vn -0.321143 -0.946070 -0.042634
vn -0.453893 -0.859827 -0.233836
vn -0.131785 -0.855930 -0.500017
vn -0.007906 -0.944989 -0.327006
vn -0.007906 -0.944989 -0.327006
vn -0.131785 -0.855930 -0.500017
vn 0.101125 -0.765670 -0.635235
vn 0.199061 -0.847346 -0.492320
vn 0.199061 -0.847346 -0.492320
vn 0.101125 -0.765670 -0.635235
vn 0.280058 -0.647885 -0.708387
vn 0.354953 -0.715248 -0.602021
vn 0.354953 -0.715248 -0.602021
vn 0.280058 -0.647885 -0.708387
vn 0.448551 -0.498654 -0.741719
vn 0.492822 -0.544244 -0.678915
vn 0.492822 -0.544244 -0.678915
vn 0.448551 -0.498654 -0.741719
vn 0.598721 -0.323852 -0.732566
vn 0.608847 -0.339200 -0.717111
vn 0.608847 -0.339200 -0.717111
vn 0.598721 -0.323852 -0.732566
vn 0.751822 -0.075443 -0.655036
vn 0.713915 -0.040789 -0.699044
vn 0.713915 -0.040789 -0.699044
vn 0.751822 -0.075443 -0.655036
vn 0.856216 0.252591 -0.450657
vn 0.747502 0.340784 -0.570182
vn 0.747502 0.340784 -0.570182
vn 0.856216 0.252591 -0.450657
vn 0.831062 0.521924 -0.192175
vn 0.672015 0.643320 -0.366790
vn 0.672015 0.643320 -0.366790
vn 0.831062 0.521924 -0.192175
vn 0.715998 0.696514 0.047072
vn 0.533959 0.831476 -0.153411
vn 0.533959 0.831476 -0.153411
vn 0.715998 0.696514 0.047072
vn 0.511543 0.806130 0.297454
vn 0.328915 0.940423 0.086136
vn 0.328915 0.940423 0.086136
vn 0.511543 0.806130 0.297454
vn 0.199167 0.813523 0.546363
vn 0.051272 0.938509 0.341427
vn 0.051272 0.938509 0.341427
vn 0.199167 0.813523 0.546363
vn -0.062941 0.734275 0.675928
vn -0.175366 0.845901 0.503685
vn -0.175366 0.845901 0.503685
vn -0.062941 0.734275 0.675928
vn -0.259436 0.633296 0.729129
vn -0.342247 0.727612 0.594514
vn -0.342247 0.727612 0.594514
vn -0.259436 0.633296 0.729129
vn -0.451305 0.486249 0.748255
vn -0.499639 0.563705 0.657722
vn -0.499639 0.563705 0.657722
vn -0.451305 0.486249 0.748255
vn -0.655649 0.242566 0.715043
vn -0.657346 0.303062 0.689964
vn -0.657346 0.303062 0.689964
vn -0.655649 0.242566 0.715043
vn -0.800855 -0.088535 0.592278
vn -0.760381 -0.059897 0.646710
vn -0.760381 -0.059897 0.646710
vn -0.800855 -0.088535 0.592278
vn -0.832207 -0.340296 0.437755
vn -0.759770 -0.358844 0.542200
vn -0.759770 -0.358844 0.542200
vn -0.832207 -0.340296 0.437755
vn -0.806521 -0.514303 0.291577
vn -0.709554 -0.557438 0.431041
vn -0.709554 -0.557438 0.431041
vn -0.806521 -0.514303 0.291577
vn -0.705718 -0.704065 0.079088
vn -0.590371 -0.765261 0.256589
vn -0.705718 -0.704065 0.079088
vn -0.863697 -0.379222 -0.331992
vn -0.635135 -0.505325 -0.584167
vn -0.453893 -0.859827 -0.233836
vn -0.453893 -0.859827 -0.233836
vn -0.635135 -0.505325 -0.584167
vn -0.306387 -0.555012 -0.773362
vn -0.131785 -0.855930 -0.500017
vn -0.131785 -0.855930 -0.500017
vn -0.306387 -0.555012 -0.773362
vn -0.035150 -0.543807 -0.838474
vn 0.101125 -0.765670 -0.635235
vn 0.101125 -0.765670 -0.635235
vn -0.035150 -0.543807 -0.838474
vn 0.192504 -0.504886 -0.841447
vn 0.280058 -0.647885 -0.708387
vn 0.280058 -0.647885 -0.708387
vn 0.192504 -0.504886 -0.841447
vn 0.430196 -0.440582 -0.787920
vn 0.448551 -0.498654 -0.741719
vn 0.448551 -0.498654 -0.741719
vn 0.430196 -0.440582 -0.787920
vn 0.659819 -0.346991 -0.666511
vn 0.598721 -0.323852 -0.732566
vn 0.598721 -0.323852 -0.732566
vn 0.659819 -0.346991 -0.666511
vn 0.890050 -0.182780 -0.417616
vn 0.751822 -0.075443 -0.655036
vn 0.751822 -0.075443 -0.655036
vn 0.890050 -0.182780 -0.417616
vn 0.998500 0.043753 -0.032926
vn 0.856216 0.252591 -0.450657
vn 0.856216 0.252591 -0.450657
vn 0.998500 0.043753 -0.032926
vn 0.937333 0.220578 0.269724
vn 0.831062 0.521924 -0.192175
vn 0.831062 0.521924 -0.192175
vn 0.937333 0.220578 0.269724
vn 0.810063 0.347376 0.472364
vn 0.715998 0.696514 0.047072
vn 0.715998 0.696514 0.047072
vn 0.810063 0.347376 0.472364
vn 0.603667 0.461579 0.650024
vn 0.511543 0.806130 0.297454
vn 0.511543 0.806130 0.297454
vn 0.603667 0.461579 0.650024
vn 0.282246 0.548091 0.787359
vn 0.199167 0.813523 0.546363
vn 0.199167 0.813523 0.546363
vn 0.282246 0.548091 0.787359
vn -0.000822 0.563770 0.825931
vn -0.062941 0.734275 0.675928
vn -0.062941 0.734275 0.675928
vn -0.000822 0.563770 0.825931
vn -0.233348 0.538459 0.809698
vn -0.259436 0.633296 0.729129
vn -0.259436 0.633296 0.729129
vn -0.233348 0.538459 0.809698
vn -0.485820 0.464483 0.740428
vn -0.451305 0.486249 0.748255
vn -0.451305 0.486249 0.748255
vn -0.485820 0.464483 0.740428
vn -0.758202 0.306496 0.575492
vn -0.655649 0.242566 0.715043
vn -0.655649 0.242566 0.715043
vn -0.758202 0.306496 0.575492
vn -0.948198 0.073748 0.309001
vn -0.800855 -0.088535 0.592278
vn -0.800855 -0.088535 0.592278
vn -0.948198 0.073748 0.309001
vn -0.991526 -0.112976 0.064135
vn -0.832207 -0.340296 0.437755
vn -0.832207 -0.340296 0.437755
vn -0.991526 -0.112976 0.064135
vn -0.961815 -0.244113 -0.123778
vn -0.806521 -0.514303 0.291577
vn -0.806521 -0.514303 0.291577
vn -0.961815 -0.244113 -0.123778
vn -0.863697 -0.379222 -0.331992
vn -0.705718 -0.704065 0.079088
vn -0.863697 -0.379222 -0.331992
vn -0.849802 -0.281793 -0.445455
vn -0.595166 -0.431887 -0.677680
vn -0.635135 -0.505325 -0.584167
vn -0.635135 -0.505325 -0.584167
vn -0.595166 -0.431887 -0.677680
vn -0.240302 -0.523493 -0.817441
vn -0.306387 -0.555012 -0.773362
vn -0.306387 -0.555012 -0.773362
vn -0.240302 -0.523493 -0.817441
vn 0.037469 -0.537580 -0.842380
vn -0.035150 -0.543807 -0.838474
vn -0.035150 -0.543807 -0.838474
vn 0.037469 -0.537580 -0.842380
vn 0.274500 -0.515314 -0.811851
vn 0.192504 -0.504886 -0.841447
vn 0.192504 -0.504886 -0.841447
vn 0.274500 -0.515314 -0.811851
vn 0.504465 -0.460974 -0.730081
vn 0.430196 -0.440582 -0.787920
vn 0.430196 -0.440582 -0.787920
vn 0.504465 -0.460974 -0.730081
vn 0.715774 -0.370528 -0.591927
vn 0.659819 -0.346991 -0.666511
vn 0.659819 -0.346991 -0.666511
vn 0.715774 -0.370528 -0.591927
vn 0.920185 -0.203158 -0.334644
vn 0.890050 -0.182780 -0.417616
vn 0.890050 -0.182780 -0.417616
vn 0.920185 -0.203158 -0.334644
vn 0.999592 0.027505 0.007736
vn 0.998500 0.043753 -0.032926
vn 0.998500 0.043753 -0.032926
vn 0.999592 0.027505 0.007736
vn 0.933613 0.217286 0.284875
vn 0.937333 0.220578 0.269724
vn 0.937333 0.220578 0.269724
vn 0.933613 0.217286 0.284875
vn 0.800530 0.354108 0.483486
vn 0.810063 0.347376 0.472364
vn 0.810063 0.347376 0.472364
vn 0.800530 0.354108 0.483486
vn 0.594491 0.473410 0.649972
vn 0.603667 0.461579 0.650024
vn 0.603667 0.461579 0.650024
vn 0.594491 0.473410 0.649972
vn 0.273586 0.567279 0.776753
vn 0.282246 0.548091 0.787359
vn 0.282246 0.548091 0.787359
vn 0.273586 0.567279 0.776753
vn -0.026283 0.591921 0.805567
vn -0.000822 0.563770 0.825931
vn -0.000822 0.563770 0.825931
vn -0.026283 0.591921 0.805567
vn -0.256938 0.573645 0.777763
vn -0.233348 0.538459 0.809698
vn -0.233348 0.538459 0.809698
vn -0.256938 0.573645 0.777763
vn -0.501629 0.514866 0.695185
vn -0.485820 0.464483 0.740428
vn -0.485820 0.464483 0.740428
vn -0.501629 0.514866 0.695185
vn -0.767569 0.384621 0.512743
vn -0.758202 0.306496 0.575492
vn -0.758202 0.306496 0.575492
vn -0.767569 0.384621 0.512743
vn -0.960000 0.175774 0.217952
vn -0.948198 0.073748 0.309001
vn -0.948198 0.073748 0.309001
vn -0.960000 0.175774 0.217952
vn -0.998847 -0.011729 -0.046548
vn -0.991526 -0.112976 0.064135
vn -0.991526 -0.112976 0.064135
vn -0.998847 -0.011729 -0.046548
vn -0.960125 -0.145537 -0.238702
vn -0.961815 -0.244113 -0.123778
vn -0.961815 -0.244113 -0.123778
vn -0.960125 -0.145537 -0.238702
vn -0.849802 -0.281793 -0.445455
vn -0.863697 -0.379222 -0.331992
vn -0.849802 -0.281793 -0.445455
vn -0.833168 -0.509660 -0.214656
vn -0.534904 -0.663474 -0.523144
vn -0.595166 -0.431887 -0.677680
vn -0.595166 -0.431887 -0.677680
vn -0.534904 -0.663474 -0.523144
vn -0.143513 -0.681037 -0.718047
vn -0.240302 -0.523493 -0.817441
vn -0.240302 -0.523493 -0.817441
vn -0.143513 -0.681037 -0.718047
vn 0.116575 -0.620987 -0.775103
vn 0.037469 -0.537580 -0.842380
vn 0.037469 -0.537580 -0.842380
vn 0.116575 -0.620987 -0.775103
vn 0.318091 -0.532196 -0.784592
vn 0.274500 -0.515314 -0.811851
vn 0.274500 -0.515314 -0.811851
vn 0.318091 -0.532196 -0.784592
vn 0.496820 -0.417834 -0.760648
vn 0.504465 -0.460974 -0.730081
vn 0.504465 -0.460974 -0.730081
vn 0.496820 -0.417834 -0.760648
vn 0.659714 -0.272400 -0.700411
vn 0.715774 -0.370528 -0.591927
vn 0.715774 -0.370528 -0.591927
vn 0.659714 -0.272400 -0.700411
vn 0.829193 -0.043165 -0.557293
vn 0.920185 -0.203158 -0.334644
vn 0.920185 -0.203158 -0.334644
vn 0.829193 -0.043165 -0.557293
vn 0.919443 0.248633 -0.304641
vn 0.999592 0.027505 0.007736
vn 0.999592 0.027505 0.007736
vn 0.919443 0.248633 -0.304641
vn 0.874071 0.484347 -0.037522
vn 0.933613 0.217286 0.284875
vn 0.933613 0.217286 0.284875
vn 0.874071 0.484347 -0.037522
vn 0.744765 0.638630 0.193591
vn 0.800530 0.354108 0.483486
vn 0.800530 0.354108 0.483486
vn 0.744765 0.638630 0.193591
vn 0.533751 0.739326 0.410496
vn 0.594491 0.473410 0.649972
vn 0.594491 0.473410 0.649972
vn 0.533751 0.739326 0.410496
vn 0.212898 0.765677 0.606970
vn 0.273586 0.567279 0.776753
vn 0.273586 0.567279 0.776753
vn 0.212898 0.765677 0.606970
vn -0.073165 0.706503 0.703918
vn -0.026283 0.591921 0.805567
vn -0.026283 0.591921 0.805567
vn -0.073165 0.706503 0.703918
vn -0.281950 0.621289 0.731098
vn -0.256938 0.573645 0.777763
vn -0.256938 0.573645 0.777763
vn -0.281950 0.621289 0.731098
vn -0.489730 0.502536 0.712476
vn -0.501629 0.514866 0.695185
vn -0.501629 0.514866 0.695185
vn -0.489730 0.502536 0.712476
vn -0.714517 0.320163 0.622063
vn -0.767569 0.384621 0.512743
vn -0.767569 0.384621 0.512743
vn -0.714517 0.320163 0.622063
vn -0.902758 0.055859 0.426507
vn -0.960000 0.175774 0.217952
vn -0.960000 0.175774 0.217952
vn -0.902758 0.055859 0.426507
vn -0.962356 -0.178837 0.204664
vn -0.998847 -0.011729 -0.046548
vn -0.998847 -0.011729 -0.046548
vn -0.962356 -0.178837 0.204664
vn -0.939291 -0.342616 0.018618
vn -0.960125 -0.145537 -0.238702
vn -0.960125 -0.145537 -0.238702
vn -0.939291 -0.342616 0.018618
vn -0.833168 -0.509660 -0.214656
vn -0.849802 -0.281793 -0.445455
vn -0.833168 -0.509660 -0.214656
vn -0.400789 -0.866936 0.296295
vn -0.214782 -0.963198 -0.161613
vn -0.534904 -0.663474 -0.523144
vn -0.534904 -0.663474 -0.523144
vn -0.214782 -0.963198 -0.161613
vn 0.015480 -0.833620 -0.552121
vn -0.143513 -0.681037 -0.718047
vn -0.143513 -0.681037 -0.718047
vn 0.015480 -0.833620 -0.552121
vn 0.151152 -0.668977 -0.727752
vn 0.116575 -0.620987 -0.775103
vn 0.116575 -0.620987 -0.775103
vn 0.151152 -0.668977 -0.727752
vn 0.253916 -0.500647 -0.827574
vn 0.318091 -0.532196 -0.784592
vn 0.318091 -0.532196 -0.784592
vn 0.253916 -0.500647 -0.827574
vn 0.340161 -0.320871 -0.883930
vn 0.496820 -0.417834 -0.760648
vn 0.496820 -0.417834 -0.760648
vn 0.340161 -0.320871 -0.883930
vn 0.414531 -0.118971 -0.902225
vn 0.659714 -0.272400 -0.700411
vn 0.659714 -0.272400 -0.700411
vn 0.414531 -0.118971 -0.902225
vn 0.481138 0.170226 -0.859959
vn 0.829193 -0.043165 -0.557293
vn 0.829193 -0.043165 -0.557293
vn 0.481138 0.170226 -0.859959
vn 0.494866 0.504443 -0.707563
vn 0.919443 0.248633 -0.304641
vn 0.919443 0.248633 -0.304641
vn 0.494866 0.504443 -0.707563
vn 0.442218 0.753932 -0.485829
vn 0.874071 0.484347 -0.037522
vn 0.874071 0.484347 -0.037522
vn 0.442218 0.753932 -0.485829
vn 0.351755 0.902000 -0.250330
vn 0.744765 0.638630 0.193591
vn 0.744765 0.638630 0.193591
vn 0.351755 0.902000 -0.250330
vn 0.221372 0.975105 0.012837
vn 0.533751 0.739326 0.410496
vn 0.533751 0.739326 0.410496
vn 0.221372 0.975105 0.012837
vn 0.025539 0.940970 0.337526
vn 0.212898 0.765677 0.606970
vn 0.212898 0.765677 0.606970
vn 0.025539 0.940970 0.337526
vn -0.148084 0.796182 0.586656
vn -0.073165 0.706503 0.703918
vn -0.073165 0.706503 0.703918
vn -0.148084 0.796182 0.586656
vn -0.263990 0.626987 0.732937
vn -0.281950 0.621289 0.731098
vn -0.281950 0.621289 0.731098
vn -0.263990 0.626987 0.732937
vn -0.362502 0.415846 0.834065
vn -0.489730 0.502536 0.712476
vn -0.489730 0.502536 0.712476
vn -0.362502 0.415846 0.834065
vn -0.452525 0.126124 0.882787
vn -0.714517 0.320163 0.622063
vn -0.714517 0.320163 0.622063
vn -0.452525 0.126124 0.882787
vn -0.504587 -0.241088 0.829017
vn -0.902758 0.055859 0.426507
vn -0.902758 0.055859 0.426507
vn -0.504587 -0.241088 0.829017
vn -0.492278 -0.524315 0.694806
vn -0.962356 -0.178837 0.204664
vn -0.962356 -0.178837 0.204664
vn -0.492278 -0.524315 0.694806
vn -0.461784 -0.698295 0.546937
vn -0.939291 -0.342616 0.018618
vn -0.939291 -0.342616 0.018618
vn -0.461784 -0.698295 0.546937
vn -0.400789 -0.866936 0.296295
vn -0.833168 -0.509660 -0.214656
vn -0.400789 -0.866936 0.296295
vn -0.087185 -0.885324 0.456728
vn 0.016767 -0.999385 0.030784
vn -0.214782 -0.963198 -0.161613
vn -0.214782 -0.963198 -0.161613
vn 0.016767 -0.999385 0.030784
vn 0.119864 -0.893791 -0.432170
vn 0.015480 -0.833620 -0.552121
vn 0.015480 -0.833620 -0.552121
vn 0.119864 -0.893791 -0.432170
vn 0.168963 -0.714417 -0.679013
vn 0.151152 -0.668977 -0.727752
vn 0.151152 -0.668977 -0.727752
vn 0.168963 -0.714417 -0.679013
vn 0.193331 -0.530566 -0.825302
vn 0.253916 -0.500647 -0.827574
vn 0.253916 -0.500647 -0.827574
vn 0.193331 -0.530566 -0.825302
vn 0.203985 -0.329330 -0.921918
vn 0.340161 -0.320871 -0.883930
vn 0.340161 -0.320871 -0.883930
vn 0.203985 -0.329330 -0.921918
vn 0.201996 -0.112017 -0.972959
vn 0.414531 -0.118971 -0.902225
vn 0.414531 -0.118971 -0.902225
vn 0.201996 -0.112017 -0.972959
vn 0.181101 0.184172 -0.966066
vn 0.481138 0.170226 -0.859959
vn 0.481138 0.170226 -0.859959
vn 0.181101 0.184172 -0.966066
vn 0.129760 0.534361 -0.835237
vn 0.494866 0.504443 -0.707563
vn 0.494866 0.504443 -0.707563
vn 0.129760 0.534361 -0.835237
vn 0.065639 0.786690 -0.613849
vn 0.442218 0.753932 -0.485829
vn 0.442218 0.753932 -0.485829
vn 0.065639 0.786690 -0.613849
vn 0.003258 0.928897 -0.370324
vn 0.351755 0.902000 -0.250330
vn 0.351755 0.902000 -0.250330
vn 0.003258 0.928897 -0.370324
vn -0.066968 0.995175 -0.071703
vn 0.221372 0.975105 0.012837
vn 0.221372 0.975105 0.012837
vn -0.066968 0.995175 -0.071703
vn -0.149506 0.937052 0.315565
vn 0.025539 0.940970 0.337526
vn 0.025539 0.940970 0.337526
vn -0.149506 0.937052 0.315565
vn -0.205518 0.768958 0.605364
vn -0.148084 0.796182 0.586656
vn -0.148084 0.796182 0.586656
vn -0.205518 0.768958 0.605364
vn -0.235548 0.579116 0.780476
vn -0.263990 0.626987 0.732937
vn -0.263990 0.626987 0.732937
vn -0.235548 0.579116 0.780476
vn -0.252228 0.346452 0.903522
vn -0.362502 0.415846 0.834065
vn -0.362502 0.415846 0.834065
vn -0.252228 0.346452 0.903522
vn -0.251579 0.039056 0.967049
vn -0.452525 0.126124 0.882787
vn -0.452525 0.126124 0.882787
vn -0.251579 0.039056 0.967049
vn -0.223256 -0.317050 0.921757
vn -0.504587 -0.241088 0.829017
vn -0.504587 -0.241088 0.829017
vn -0.223256 -0.317050 0.921757
vn -0.181784 -0.571595 0.800146
vn -0.492278 -0.524315 0.694806
vn -0.492278 -0.524315 0.694806
vn -0.181784 -0.571595 0.800146
vn -0.143909 -0.727846 0.670471
vn -0.461784 -0.698295 0.546937
vn -0.461784 -0.698295 0.546937
vn -0.143909 -0.727846 0.670471
vn -0.087185 -0.885324 0.456728
vn -0.400789 -0.866936 0.296295
vn -0.682441 -0.724579 0.096232
vn -0.713465 0.456569 -0.531519
vn -0.463210 -0.848711 -0.255199
vn -0.463210 -0.848711 -0.255199
vn -0.713465 0.456569 -0.531519
vn -0.150686 -0.804171 -0.574980
vn -0.150686 -0.804171 -0.574980
vn -0.713465 0.456569 -0.531519
vn 0.078179 -0.681689 -0.727453
vn 0.078179 -0.681689 -0.727453
vn -0.713465 0.456569 -0.531519
vn 0.247563 -0.542108 -0.803014
vn 0.247563 -0.542108 -0.803014
vn -0.713465 0.456569 -0.531519
vn 0.396675 -0.377947 -0.836543
vn 0.396675 -0.377947 -0.836543
vn -0.713465 0.456569 -0.531519
vn 0.524588 -0.189628 -0.829969
vn 0.524588 -0.189628 -0.829969
vn -0.713465 0.456569 -0.531519
vn 0.647301 0.079535 -0.758074
vn 0.647301 0.079535 -0.758074
vn -0.713465 0.456569 -0.531519
vn 0.711346 0.413227 -0.568534
vn 0.711346 0.413227 -0.568534
vn -0.713465 0.456569 -0.531519
vn 0.668296 0.669562 -0.324141
vn 0.668296 0.669562 -0.324141
vn -0.713465 0.456569 -0.531519
vn 0.554471 0.827918 -0.084348
vn 0.554471 0.827918 -0.084348
vn -0.713465 0.456569 -0.531519
vn 0.361584 0.914547 0.181277
vn 0.361584 0.914547 0.181277
vn -0.713465 0.456569 -0.531519
vn 0.074506 0.882048 0.465232
vn 0.074506 0.882048 0.465232
vn -0.713465 0.456569 -0.531519
vn -0.169969 0.753056 0.635624
vn -0.169969 0.753056 0.635624
vn -0.713465 0.456569 -0.531519
vn -0.353740 0.598566 0.718740
vn -0.353740 0.598566 0.718740
vn -0.713465 0.456569 -0.531519
vn -0.522040 0.399306 0.753677
vn -0.522040 0.399306 0.753677
vn -0.713465 0.456569 -0.531519
vn -0.674943 0.131519 0.726054
vn -0.674943 0.131519 0.726054
vn -0.713465 0.456569 -0.531519
vn -0.773129 -0.176505 0.609194
vn -0.773129 -0.176505 0.609194
vn -0.713465 0.456569 -0.531519
vn -0.792650 -0.407191 0.453763
vn -0.792650 -0.407191 0.453763
vn -0.713465 0.456569 -0.531519
vn -0.766563 -0.563247 0.308437
vn -0.766563 -0.563247 0.308437
vn -0.713465 0.456569 -0.531519
vn -0.682441 -0.724579 0.096232
vn -0.149506 0.937052 0.315565
vn -0.060737 0.916292 0.395879
vn -0.191351 0.750613 0.632428
vn -0.205518 0.768958 0.605364
vn -0.235548 0.579116 0.780476
vn -0.205518 0.768958 0.605364
vn -0.191351 0.750613 0.632428
vn -0.282829 0.570287 0.771220
vn -0.252228 0.346452 0.903522
vn -0.235548 0.579116 0.780476
vn -0.282829 0.570287 0.771220
vn -0.360002 0.347329 0.865888
vn -0.251579 0.039056 0.967049
vn -0.252228 0.346452 0.903522
vn -0.360002 0.347329 0.865888
vn -0.421453 0.046685 0.905648
vn -0.223256 -0.317050 0.921757
vn -0.251579 0.039056 0.967049
vn -0.421453 0.046685 0.905648
vn -0.445267 -0.301335 0.843169
vn -0.181784 -0.571595 0.800146
vn -0.223256 -0.317050 0.921757
vn -0.445267 -0.301335 0.843169
vn -0.427793 -0.554386 0.713898
vn -0.143909 -0.727846 0.670471
vn -0.181784 -0.571595 0.800146
vn -0.427793 -0.554386 0.713898
vn -0.390086 -0.718291 0.576100
vn -0.087185 -0.885324 0.456728
vn -0.143909 -0.727846 0.670471
vn -0.390086 -0.718291 0.576100
vn -0.313643 -0.880205 0.356183
vn 0.016767 -0.999385 0.030784
vn -0.087185 -0.885324 0.456728
vn -0.313643 -0.880205 0.356183
vn -0.152352 -0.987445 -0.041737
vn 0.119864 -0.893791 -0.432170
vn 0.016767 -0.999385 0.030784
vn -0.152352 -0.987445 -0.041737
vn 0.045872 -0.891542 -0.450610
vn 0.168963 -0.714417 -0.679013
vn 0.119864 -0.893791 -0.432170
vn 0.045872 -0.891542 -0.450610
vn 0.170261 -0.725217 -0.667136
vn 0.193331 -0.530566 -0.825302
vn 0.168963 -0.714417 -0.679013
vn 0.170261 -0.725217 -0.667136
vn 0.252545 -0.557356 -0.790933
vn 0.203985 -0.329330 -0.921918
vn 0.193331 -0.530566 -0.825302
vn 0.252545 -0.557356 -0.790933
vn 0.318676 -0.368594 -0.873261
vn 0.201996 -0.112017 -0.972959
vn 0.203985 -0.329330 -0.921918
vn 0.318676 -0.368594 -0.873261
vn 0.369206 -0.159485 -0.915561
vn 0.181101 0.184172 -0.966066
vn 0.201996 -0.112017 -0.972959
vn 0.369206 -0.159485 -0.915561
vn 0.407331 0.134128 -0.903378
vn 0.129760 0.534361 -0.835237
vn 0.181101 0.184172 -0.966066
vn 0.407331 0.134128 -0.903378
vn 0.399404 0.506937 -0.763866
vn 0.065639 0.786690 -0.613849
vn 0.129760 0.534361 -0.835237
vn 0.399404 0.506937 -0.763866
vn 0.332540 0.783696 -0.524631
vn 0.003258 0.928897 -0.370324
vn 0.065639 0.786690 -0.613849
vn 0.332540 0.783696 -0.524631
vn 0.236878 0.934395 -0.266073
vn -0.066968 0.995175 -0.071703
vn 0.003258 0.928897 -0.370324
vn 0.236878 0.934395 -0.266073
vn 0.107126 0.993478 0.039061
vn -0.149506 0.937052 0.315565
vn -0.066968 0.995175 -0.071703
vn 0.107126 0.993478 0.039061
vn -0.060737 0.916292 0.395879
vn -0.282829 0.570287 0.771220
vn -0.191351 0.750613 0.632428
vn -0.169969 0.753056 0.635624
vn -0.353740 0.598566 0.718740
vn -0.360002 0.347329 0.865888
vn -0.282829 0.570287 0.771220
vn -0.353740 0.598566 0.718740
vn -0.522040 0.399306 0.753677
vn -0.421453 0.046685 0.905648
vn -0.360002 0.347329 0.865888
vn -0.522040 0.399306 0.753677
vn -0.674943 0.131519 0.726054
vn -0.445267 -0.301335 0.843169
vn -0.421453 0.046685 0.905648
vn -0.674943 0.131519 0.726054
vn -0.773129 -0.176505 0.609194
vn -0.427793 -0.554386 0.713898
vn -0.445267 -0.301335 0.843169
vn -0.773129 -0.176505 0.609194
vn -0.792650 -0.407191 0.453763
vn -0.390086 -0.718291 0.576100
vn -0.427793 -0.554386 0.713898
vn -0.792650 -0.407191 0.453763
vn -0.766563 -0.563247 0.308437
vn -0.313643 -0.880205 0.356183
vn -0.390086 -0.718291 0.576100
vn -0.766563 -0.563247 0.308437
vn -0.682441 -0.724579 0.096232
vn -0.152352 -0.987445 -0.041737
vn -0.313643 -0.880205 0.356183
vn -0.682441 -0.724579 0.096232
vn -0.463210 -0.848711 -0.255199
vn 0.045872 -0.891542 -0.450610
vn -0.152352 -0.987445 -0.041737
vn -0.463210 -0.848711 -0.255199
vn -0.150686 -0.804171 -0.574980
vn 0.170261 -0.725217 -0.667136
vn 0.045872 -0.891542 -0.450610
vn -0.150686 -0.804171 -0.574980
vn 0.078179 -0.681689 -0.727453
vn 0.252545 -0.557356 -0.790933
vn 0.170261 -0.725217 -0.667136
vn 0.078179 -0.681689 -0.727453
vn 0.247563 -0.542108 -0.803014
vn 0.318676 -0.368594 -0.873261
vn 0.252545 -0.557356 -0.790933
vn 0.247563 -0.542108 -0.803014
vn 0.396675 -0.377947 -0.836543
vn 0.369206 -0.159485 -0.915561
vn 0.318676 -0.368594 -0.873261
vn 0.396675 -0.377947 -0.836543
vn 0.524588 -0.189628 -0.829969
vn 0.407331 0.134128 -0.903378
vn 0.369206 -0.159485 -0.915561
vn 0.524588 -0.189628 -0.829969
vn 0.647301 0.079535 -0.758074
vn 0.399404 0.506937 -0.763866
vn 0.407331 0.134128 -0.903378
vn 0.647301 0.079535 -0.758074
vn 0.711346 0.413227 -0.568534
vn 0.332540 0.783696 -0.524631
vn 0.399404 0.506937 -0.763866
vn 0.711346 0.413227 -0.568534
vn 0.668296 0.669562 -0.324141
vn 0.236878 0.934395 -0.266073
vn 0.332540 0.783696 -0.524631
vn 0.668296 0.669562 -0.324141
vn 0.554471 0.827918 -0.084348
vn 0.107126 0.993478 0.039061
vn 0.236878 0.934395 -0.266073
vn 0.554471 0.827918 -0.084348
vn 0.361584 0.914547 0.181277
vn -0.060737 0.916292 0.395879
vn 0.107126 0.993478 0.039061
vn 0.361584 0.914547 0.181277
vn 0.074506 0.882048 0.465232
vn -0.191351 0.750613 0.632428
vn -0.060737 0.916292 0.395879
vn 0.074506 0.882048 0.465232
vn -0.169969 0.753056 0.635624
vn -0.496610 -0.799444 0.338034
vn -0.669178 -0.662441 0.336709
vn -0.754732 -0.650457 -0.085350
vn -0.570027 -0.815905 -0.096786
vn -0.570027 -0.815905 -0.096786
vn -0.754732 -0.650457 -0.085350
vn -0.707481 -0.519352 -0.479317
vn -0.541579 -0.678761 -0.495959
vn -0.541579 -0.678761 -0.495959
vn -0.707481 -0.519352 -0.479317
vn -0.606155 -0.374483 -0.701668
vn -0.474889 -0.513334 -0.714821
vn -0.474889 -0.513334 -0.714821
vn -0.606155 -0.374483 -0.701668
vn -0.491789 -0.235008 -0.838400
vn -0.394975 -0.344133 -0.851802
vn -0.394975 -0.344133 -0.851802
vn -0.491789 -0.235008 -0.838400
vn -0.347871 -0.086679 -0.933527
vn -0.292671 -0.156237 -0.943363
vn -0.292671 -0.156237 -0.943363
vn -0.347871 -0.086679 -0.933527
vn -0.180028 0.064064 -0.981573
vn -0.168379 0.043299 -0.984771
vn -0.168379 0.043299 -0.984771
vn -0.180028 0.064064 -0.981573
vn 0.059411 0.247410 -0.967088
vn 0.016976 0.298485 -0.954263
vn 0.016976 0.298485 -0.954263
vn 0.059411 0.247410 -0.967088
vn 0.375392 0.440769 -0.815355
vn 0.254209 0.574236 -0.778223
vn 0.254209 0.574236 -0.778223
vn 0.375392 0.440769 -0.815355
vn 0.618452 0.556038 -0.555282
vn 0.438714 0.744489 -0.503255
vn 0.438714 0.744489 -0.503255
vn 0.618452 0.556038 -0.555282
vn 0.755467 0.596313 -0.271441
vn 0.547975 0.808766 -0.213590
vn 0.547975 0.808766 -0.213590
vn 0.755467 0.596313 -0.271441
vn 0.816768 0.573455 0.063551
vn 0.601604 0.790453 0.115140
vn 0.601604 0.790453 0.115140
vn 0.816768 0.573455 0.063551
vn 0.768795 0.460511 0.443717
vn 0.578162 0.666530 0.470601
vn 0.578162 0.666530 0.470601
vn 0.768795 0.460511 0.443717
vn 0.647734 0.327858 0.687714
vn 0.497844 0.506852 0.703742
vn 0.497844 0.506852 0.703742
vn 0.647734 0.327858 0.687714
vn 0.514254 0.212491 0.830897
vn 0.402953 0.358657 0.842018
vn 0.402953 0.358657 0.842018
vn 0.514254 0.212491 0.830897
vn 0.345997 0.072641 0.935419
vn 0.280956 0.183352 0.942043
vn 0.280956 0.183352 0.942043
vn 0.345997 0.072641 0.935419
vn 0.102143 -0.127798 0.986526
vn 0.105451 -0.062622 0.992451
vn 0.105451 -0.062622 0.992451
vn 0.102143 -0.127798 0.986526
vn -0.189643 -0.362647 0.912427
vn -0.117008 -0.362836 0.924478
vn -0.117008 -0.362836 0.924478
vn -0.189643 -0.362647 0.912427
vn -0.397540 -0.511834 0.761570
vn -0.286895 -0.577041 0.764667
vn -0.286895 -0.577041 0.764667
vn -0.397540 -0.511834 0.761570
vn -0.534628 -0.596082 0.599049
vn -0.393035 -0.699310 0.597067
vn -0.393035 -0.699310 0.597067
vn -0.534628 -0.596082 0.599049
vn -0.669178 -0.662441 0.336709
vn -0.496610 -0.799444 0.338034
vn -0.669178 -0.662441 0.336709
vn -0.931973 -0.183031 0.312930
vn -0.983714 -0.173708 -0.046167
vn -0.754732 -0.650457 -0.085350
vn -0.754732 -0.650457 -0.085350
vn -0.983714 -0.173708 -0.046167
vn -0.900335 -0.126143 -0.416514
vn -0.707481 -0.519352 -0.479317
vn -0.707481 -0.519352 -0.479317
vn -0.900335 -0.126143 -0.416514
vn -0.754568 -0.083818 -0.650847
vn -0.606155 -0.374483 -0.701668
vn -0.606155 -0.374483 -0.701668
vn -0.754568 -0.083818 -0.650847
vn -0.588599 -0.046687 -0.807076
vn -0.491789 -0.235008 -0.838400
vn -0.491789 -0.235008 -0.838400
vn -0.588599 -0.046687 -0.807076
vn -0.370415 -0.013775 -0.928764
vn -0.347871 -0.086679 -0.933527
vn -0.347871 -0.086679 -0.933527
vn -0.370415 -0.013775 -0.928764
vn -0.103584 0.012867 -0.994537
vn -0.180028 0.064064 -0.981573
vn -0.180028 0.064064 -0.981573
vn -0.103584 0.012867 -0.994537
vn 0.270601 0.041578 -0.961793
vn 0.059411 0.247410 -0.967088
vn 0.059411 0.247410 -0.967088
vn 0.270601 0.041578 -0.961793
vn 0.671616 0.060388 -0.738434
vn 0.375392 0.440769 -0.815355
vn 0.375392 0.440769 -0.815355
vn 0.671616 0.060388 -0.738434
vn 0.887181 0.073033 -0.455605
vn 0.618452 0.556038 -0.555282
vn 0.618452 0.556038 -0.555282
vn 0.887181 0.073033 -0.455605
vn 0.975770 0.088349 -0.200167
vn 0.755467 0.596313 -0.271441
vn 0.755467 0.596313 -0.271441
vn 0.975770 0.088349 -0.200167
vn 0.990104 0.103856 0.094384
vn 0.816768 0.573455 0.063551
vn 0.816768 0.573455 0.063551
vn 0.990104 0.103856 0.094384
vn 0.890649 0.113285 0.440354
vn 0.768795 0.460511 0.443717
vn 0.768795 0.460511 0.443717
vn 0.890649 0.113285 0.440354
vn 0.728868 0.107114 0.676223
vn 0.647734 0.327858 0.687714
vn 0.647734 0.327858 0.687714
vn 0.728868 0.107114 0.676223
vn 0.551776 0.091028 0.829009
vn 0.514254 0.212491 0.830897
vn 0.514254 0.212491 0.830897
vn 0.551776 0.091028 0.829009
vn 0.310021 0.056924 0.949024
vn 0.345997 0.072641 0.935419
vn 0.345997 0.072641 0.935419
vn 0.310021 0.056924 0.949024
vn -0.036180 -0.006223 0.999326
vn 0.102143 -0.127798 0.986526
vn 0.102143 -0.127798 0.986526
vn -0.036180 -0.006223 0.999326
vn -0.417966 -0.086801 0.904307
vn -0.189643 -0.362647 0.912427
vn -0.189643 -0.362647 0.912427
vn -0.417966 -0.086801 0.904307
vn -0.670343 -0.136085 0.729466
vn -0.397540 -0.511834 0.761570
vn -0.397540 -0.511834 0.761570
vn -0.670343 -0.136085 0.729466
vn -0.817128 -0.162811 0.552987
vn -0.534628 -0.596082 0.599049
vn -0.534628 -0.596082 0.599049
vn -0.817128 -0.162811 0.552987
vn -0.931973 -0.183031 0.312930
vn -0.669178 -0.662441 0.336709
vn -0.931973 -0.183031 0.312930
vn -0.962808 -0.043476 0.266666
vn -0.992111 -0.064583 -0.107446
vn -0.983714 -0.173708 -0.046167
vn -0.983714 -0.173708 -0.046167
vn -0.992111 -0.064583 -0.107446
vn -0.873272 -0.077135 -0.481088
vn -0.900335 -0.126143 -0.416514
vn -0.900335 -0.126143 -0.416514
vn -0.873272 -0.077135 -0.481088
vn -0.705674 -0.076039 -0.704444
vn -0.754568 -0.083818 -0.650847
vn -0.754568 -0.083818 -0.650847
vn -0.705674 -0.076039 -0.704444
vn -0.517291 -0.069335 -0.852996
vn -0.588599 -0.046687 -0.807076
vn -0.588599 -0.046687 -0.807076
vn -0.517291 -0.069335 -0.852996
vn -0.289417 -0.058588 -0.955408
vn -0.370415 -0.013775 -0.928764
vn -0.370415 -0.013775 -0.928764
vn -0.289417 -0.058588 -0.955408
vn -0.025247 -0.042747 -0.998767
vn -0.103584 0.012867 -0.994537
vn -0.103584 0.012867 -0.994537
vn -0.025247 -0.042747 -0.998767
vn 0.337923 -0.015373 -0.941048
vn 0.270601 0.041578 -0.961793
vn 0.270601 0.041578 -0.961793
vn 0.337923 -0.015373 -0.941048
vn 0.693187 0.026876 -0.720256
vn 0.671616 0.060388 -0.738434
vn 0.671616 0.060388 -0.738434
vn 0.693187 0.026876 -0.720256
vn 0.893366 0.062953 -0.444898
vn 0.887181 0.073033 -0.455605
vn 0.887181 0.073033 -0.455605
vn 0.893366 0.062953 -0.444898
vn 0.978824 0.088980 -0.184351
vn 0.975770 0.088349 -0.200167
vn 0.975770 0.088349 -0.200167
vn 0.978824 0.088980 -0.184351
vn 0.987895 0.114256 0.104920
vn 0.990104 0.103856 0.094384
vn 0.990104 0.103856 0.094384
vn 0.987895 0.114256 0.104920
vn 0.884459 0.135152 0.446616
vn 0.890649 0.113285 0.440354
vn 0.890649 0.113285 0.440354
vn 0.884459 0.135152 0.446616
vn 0.708007 0.141396 0.691906
vn 0.728868 0.107114 0.676223
vn 0.728868 0.107114 0.676223
vn 0.708007 0.141396 0.691906
vn 0.527083 0.136962 0.838704
vn 0.551776 0.091028 0.829009
vn 0.551776 0.091028 0.829009
vn 0.527083 0.136962 0.838704
vn 0.287171 0.122595 0.950002
vn 0.310021 0.056924 0.949024
vn 0.310021 0.056924 0.949024
vn 0.287171 0.122595 0.950002
vn -0.056499 0.092210 0.994135
vn -0.036180 -0.006223 0.999326
vn -0.036180 -0.006223 0.999326
vn -0.056499 0.092210 0.994135
vn -0.450122 0.046043 0.891779
vn -0.417966 -0.086801 0.904307
vn -0.417966 -0.086801 0.904307
vn -0.450122 0.046043 0.891779
vn -0.712467 0.005371 0.701685
vn -0.670343 -0.136085 0.729466
vn -0.670343 -0.136085 0.729466
vn -0.712467 0.005371 0.701685
vn -0.856793 -0.021648 0.515205
vn -0.817128 -0.162811 0.552987
vn -0.817128 -0.162811 0.552987
vn -0.856793 -0.021648 0.515205
vn -0.962808 -0.043476 0.266666
vn -0.931973 -0.183031 0.312930
vn -0.962808 -0.043476 0.266666
vn -0.879780 -0.353197 0.318181
vn -0.930252 -0.341316 -0.134666
vn -0.992111 -0.064583 -0.107446
vn -0.992111 -0.064583 -0.107446
vn -0.930252 -0.341316 -0.134666
vn -0.797028 -0.262339 -0.543990
vn -0.873272 -0.077135 -0.481088
vn -0.873272 -0.077135 -0.481088
vn -0.797028 -0.262339 -0.543990
vn -0.636893 -0.180839 -0.749443
vn -0.705674 -0.076039 -0.704444
vn -0.705674 -0.076039 -0.704444
vn -0.636893 -0.180839 -0.749443
vn -0.475784 -0.096811 -0.874218
vn -0.517291 -0.069335 -0.852996
vn -0.517291 -0.069335 -0.852996
vn -0.475784 -0.096811 -0.874218
vn -0.299654 -0.006178 -0.954028
vn -0.289417 -0.058588 -0.955408
vn -0.289417 -0.058588 -0.955408
vn -0.299654 -0.006178 -0.954028
vn -0.100121 0.094611 -0.990467
vn -0.025247 -0.042747 -0.998767
vn -0.025247 -0.042747 -0.998767
vn -0.100121 0.094611 -0.990467
vn 0.186433 0.230206 -0.955117
vn 0.337923 -0.015373 -0.941048
vn 0.337923 -0.015373 -0.941048
vn 0.186433 0.230206 -0.955117
vn 0.511773 0.368754 -0.775957
vn 0.693187 0.026876 -0.720256
vn 0.693187 0.026876 -0.720256
vn 0.511773 0.368754 -0.775957
vn 0.735180 0.450192 -0.506792
vn 0.893366 0.062953 -0.444898
vn 0.893366 0.062953 -0.444898
vn 0.735180 0.450192 -0.506792
vn 0.850272 0.476304 -0.223990
vn 0.978824 0.088980 -0.184351
vn 0.978824 0.088980 -0.184351
vn 0.850272 0.476304 -0.223990
vn 0.882344 0.461321 0.093018
vn 0.987895 0.114256 0.104920
vn 0.987895 0.114256 0.104920
vn 0.882344 0.461321 0.093018
vn 0.801041 0.389804 0.454298
vn 0.884459 0.135152 0.446616
vn 0.884459 0.135152 0.446616
vn 0.801041 0.389804 0.454298
vn 0.649474 0.290111 0.702865
vn 0.708007 0.141396 0.691906
vn 0.708007 0.141396 0.691906
vn 0.649474 0.290111 0.702865
vn 0.496119 0.200829 0.844709
vn 0.527083 0.136962 0.838704
vn 0.527083 0.136962 0.838704
vn 0.496119 0.200829 0.844709
vn 0.302236 0.103624 0.947584
vn 0.287171 0.122595 0.950002
vn 0.287171 0.122595 0.950002
vn 0.302236 0.103624 0.947584
vn 0.028388 -0.015886 0.999471
vn -0.056499 0.092210 0.994135
vn -0.056499 0.092210 0.994135
vn 0.028388 -0.015886 0.999471
vn -0.316979 -0.157764 0.935219
vn -0.450122 0.046043 0.891779
vn -0.450122 0.046043 0.891779
vn -0.316979 -0.157764 0.935219
vn -0.581888 -0.260297 0.770488
vn -0.712467 0.005371 0.701685
vn -0.712467 0.005371 0.701685
vn -0.581888 -0.260297 0.770488
vn -0.743162 -0.316701 0.589415
vn -0.856793 -0.021648 0.515205
vn -0.856793 -0.021648 0.515205
vn -0.743162 -0.316701 0.589415
vn -0.879780 -0.353197 0.318181
vn -0.962808 -0.043476 0.266666
vn -0.879780 -0.353197 0.318181
vn -0.376959 -0.906631 0.189534
vn -0.580925 -0.774170 -0.251371
vn -0.930252 -0.341316 -0.134666
vn -0.930252 -0.341316 -0.134666
vn -0.580925 -0.774170 -0.251371
vn -0.633656 -0.474186 -0.611251
vn -0.797028 -0.262339 -0.543990
vn -0.797028 -0.262339 -0.543990
vn -0.633656 -0.474186 -0.611251
vn -0.599143 -0.245298 -0.762140
vn -0.636893 -0.180839 -0.749443
vn -0.636893 -0.180839 -0.749443
vn -0.599143 -0.245298 -0.762140
vn -0.536435 -0.049083 -0.842513
vn -0.475784 -0.096811 -0.874218
vn -0.475784 -0.096811 -0.874218
vn -0.536435 -0.049083 -0.842513
vn -0.452831 0.136502 -0.881086
vn -0.299654 -0.006178 -0.954028
vn -0.299654 -0.006178 -0.954028
vn -0.452831 0.136502 -0.881086
vn -0.345033 0.323594 -0.881044
vn -0.100121 0.094611 -0.990467
vn -0.100121 0.094611 -0.990467
vn -0.345033 0.323594 -0.881044
vn -0.173227 0.558996 -0.810873
vn 0.186433 0.230206 -0.955117
vn 0.186433 0.230206 -0.955117
vn -0.173227 0.558996 -0.810873
vn 0.049598 0.781811 -0.621540
vn 0.511773 0.368754 -0.775957
vn 0.511773 0.368754 -0.775957
vn 0.049598 0.781811 -0.621540
vn 0.243307 0.896742 -0.369670
vn 0.735180 0.450192 -0.506792
vn 0.735180 0.450192 -0.506792
vn 0.243307 0.896742 -0.369670
vn 0.385489 0.915539 -0.114837
vn 0.850272 0.476304 -0.223990
vn 0.850272 0.476304 -0.223990
vn 0.385489 0.915539 -0.114837
vn 0.492900 0.854930 0.161691
vn 0.882344 0.461321 0.093018
vn 0.882344 0.461321 0.093018
vn 0.492900 0.854930 0.161691
vn 0.559002 0.670324 0.488039
vn 0.801041 0.389804 0.454298
vn 0.801041 0.389804 0.454298
vn 0.559002 0.670324 0.488039
vn 0.553214 0.424055 0.717030
vn 0.649474 0.290111 0.702865
vn 0.649474 0.290111 0.702865
vn 0.553214 0.424055 0.717030
vn 0.511456 0.205082 0.834478
vn 0.496119 0.200829 0.844709
vn 0.496119 0.200829 0.844709
vn 0.511456 0.205082 0.834478
vn 0.437859 -0.029395 0.898563
vn 0.302236 0.103624 0.947584
vn 0.302236 0.103624 0.947584
vn 0.437859 -0.029395 0.898563
vn 0.309045 -0.308379 0.899663
vn 0.028388 -0.015886 0.999471
vn 0.028388 -0.015886 0.999471
vn 0.309045 -0.308379 0.899663
vn 0.112917 -0.607027 0.786618
vn -0.316979 -0.157764 0.935219
vn -0.316979 -0.157764 0.935219
vn 0.112917 -0.607027 0.786618
vn -0.062893 -0.793260 0.605627
vn -0.581888 -0.260297 0.770488
vn -0.581888 -0.260297 0.770488
vn -0.062893 -0.793260 0.605627
vn -0.197838 -0.876678 0.438515
vn -0.743162 -0.316701 0.589415
vn -0.743162 -0.316701 0.589415
vn -0.197838 -0.876678 0.438515
vn -0.376959 -0.906631 0.189534
vn -0.879780 -0.353197 0.318181
vn -0.376959 -0.906631 0.189534
vn -0.066195 -0.996603 0.048999
vn -0.311181 -0.895442 -0.318354
vn -0.580925 -0.774170 -0.251371
vn -0.580925 -0.774170 -0.251371
vn -0.311181 -0.895442 -0.318354
vn -0.505536 -0.583195 -0.635859
vn -0.633656 -0.474186 -0.611251
vn -0.633656 -0.474186 -0.611251
vn -0.505536 -0.583195 -0.635859
vn -0.570972 -0.308263 -0.760897
vn -0.599143 -0.245298 -0.762140
vn -0.599143 -0.245298 -0.762140
vn -0.570972 -0.308263 -0.760897
vn -0.586346 -0.076906 -0.806402
vn -0.536435 -0.049083 -0.842513
vn -0.536435 -0.049083 -0.842513
vn -0.586346 -0.076906 -0.806402
vn -0.572854 0.146151 -0.806522
vn -0.452831 0.136502 -0.881086
vn -0.452831 0.136502 -0.881086
vn -0.572854 0.146151 -0.806522
vn -0.532875 0.361755 -0.764969
vn -0.345033 0.323594 -0.881044
vn -0.345033 0.323594 -0.881044
vn -0.532875 0.361755 -0.764969
vn -0.441047 0.619481 -0.649401
vn -0.173227 0.558996 -0.810873
vn -0.173227 0.558996 -0.810873
vn -0.441047 0.619481 -0.649401
vn -0.270945 0.866153 -0.419962
vn 0.049598 0.781811 -0.621540
vn 0.049598 0.781811 -0.621540
vn -0.270945 0.866153 -0.419962
vn -0.084270 0.983685 -0.158945
vn 0.243307 0.896742 -0.369670
vn 0.243307 0.896742 -0.369670
vn -0.084270 0.983685 -0.158945
vn 0.080179 0.993710 0.078179
vn 0.385489 0.915539 -0.114837
vn 0.385489 0.915539 -0.114837
vn 0.080179 0.993710 0.078179
vn 0.249101 0.910726 0.329433
vn 0.492900 0.854930 0.161691
vn 0.492900 0.854930 0.161691
vn 0.249101 0.910726 0.329433
vn 0.424539 0.676158 0.602144
vn 0.559002 0.670324 0.488039
vn 0.559002 0.670324 0.488039
vn 0.424539 0.676158 0.602144
vn 0.517037 0.390846 0.761519
vn 0.553214 0.424055 0.717030
vn 0.553214 0.424055 0.717030
vn 0.517037 0.390846 0.761519
vn 0.545217 0.140635 0.826414
vn 0.511456 0.205082 0.834478
vn 0.511456 0.205082 0.834478
vn 0.545217 0.140635 0.826414
vn 0.534046 -0.122653 0.836511
vn 0.437859 -0.029395 0.898563
vn 0.437859 -0.029395 0.898563
vn 0.534046 -0.122653 0.836511
vn 0.470382 -0.423598 0.774148
vn 0.309045 -0.308379 0.899663
vn 0.309045 -0.308379 0.899663
vn 0.470382 -0.423598 0.774148
vn 0.338113 -0.716003 0.610752
vn 0.112917 -0.607027 0.786618
vn 0.112917 -0.607027 0.786618
vn 0.338113 -0.716003 0.610752
vn 0.200074 -0.882723 0.425171
vn -0.062893 -0.793260 0.605627
vn -0.062893 -0.793260 0.605627
vn 0.200074 -0.882723 0.425171
vn 0.088044 -0.959023 0.269300
vn -0.197838 -0.876678 0.438515
vn -0.197838 -0.876678 0.438515
vn 0.088044 -0.959023 0.269300
vn -0.066195 -0.996603 0.048999
vn -0.376959 -0.906631 0.189534
vn -0.649276 -0.688484 0.323157
vn -0.672887 0.648955 0.355077
vn -0.771118 -0.630621 -0.087718
vn -0.771118 -0.630621 -0.087718
vn -0.672887 0.648955 0.355077
vn -0.751263 -0.438509 -0.493268
vn -0.751263 -0.438509 -0.493268
vn -0.672887 0.648955 0.355077
vn -0.652819 -0.257078 -0.712558
vn -0.652819 -0.257078 -0.712558
vn -0.672887 0.648955 0.355077
vn -0.539015 -0.097243 -0.836664
vn -0.539015 -0.097243 -0.836664
vn -0.672887 0.648955 0.355077
vn -0.403277 0.064230 -0.912821
vn -0.403277 0.064230 -0.912821
vn -0.672887 0.648955 0.355077
vn -0.247638 0.227876 -0.941673
vn -0.247638 0.227876 -0.941673
vn -0.672887 0.648955 0.355077
vn -0.025332 0.431999 -0.901518
vn -0.025332 0.431999 -0.901518
vn -0.672887 0.648955 0.355077
vn 0.255538 0.637067 -0.727218
vn 0.255538 0.637067 -0.727218
vn -0.672887 0.648955 0.355077
vn 0.472829 0.747425 -0.466679
vn 0.472829 0.747425 -0.466679
vn -0.672887 0.648955 0.355077
vn 0.605542 0.773165 -0.188505
vn 0.605542 0.773165 -0.188505
vn -0.672887 0.648955 0.355077
vn 0.676682 0.722931 0.139542
vn 0.676682 0.722931 0.139542
vn -0.672887 0.648955 0.355077
vn 0.654968 0.558429 0.509092
vn 0.654968 0.558429 0.509092
vn -0.672887 0.648955 0.355077
vn 0.555319 0.362669 0.748393
vn 0.555319 0.362669 0.748393
vn -0.672887 0.648955 0.355077
vn 0.431585 0.186237 0.882638
vn 0.431585 0.186237 0.882638
vn -0.672887 0.648955 0.355077
vn 0.271679 -0.006977 0.962363
vn 0.271679 -0.006977 0.962363
vn -0.672887 0.648955 0.355077
vn 0.058139 -0.231030 0.971208
vn 0.058139 -0.231030 0.971208
vn -0.672887 0.648955 0.355077
vn -0.189961 -0.447995 0.873622
vn -0.189961 -0.447995 0.873622
vn -0.672887 0.648955 0.355077
vn -0.383248 -0.578159 0.720315
vn -0.383248 -0.578159 0.720315
vn -0.672887 0.648955 0.355077
vn -0.513351 -0.646948 0.563852
vn -0.513351 -0.646948 0.563852
vn -0.672887 0.648955 0.355077
vn -0.649276 -0.688484 0.323157
vn 0.424539 0.676158 0.602144
vn 0.529873 0.620523 0.578088
vn 0.537914 0.361969 0.761332
vn 0.517037 0.390846 0.761519
vn 0.545217 0.140635 0.826414
vn 0.517037 0.390846 0.761519
vn 0.537914 0.361969 0.761332
vn 0.504087 0.136933 0.852728
vn 0.534046 -0.122653 0.836511
vn 0.545217 0.140635 0.826414
vn 0.504087 0.136933 0.852728
vn 0.436768 -0.104780 0.893451
vn 0.470382 -0.423598 0.774148
vn 0.534046 -0.122653 0.836511
vn 0.436768 -0.104780 0.893451
vn 0.317799 -0.388939 0.864714
vn 0.338113 -0.716003 0.610752
vn 0.470382 -0.423598 0.774148
vn 0.317799 -0.388939 0.864714
vn 0.141736 -0.666438 0.731964
vn 0.200074 -0.882723 0.425171
vn 0.338113 -0.716003 0.610752
vn 0.141736 -0.666438 0.731964
vn -0.017099 -0.828415 0.559853
vn 0.088044 -0.959023 0.269300
vn 0.200074 -0.882723 0.425171
vn -0.017099 -0.828415 0.559853
vn -0.137119 -0.907598 0.396819
vn -0.066195 -0.996603 0.048999
vn 0.088044 -0.959023 0.269300
vn -0.137119 -0.907598 0.396819
vn -0.283464 -0.946054 0.156940
vn -0.311181 -0.895442 -0.318354
vn -0.066195 -0.996603 0.048999
vn -0.283464 -0.946054 0.156940
vn -0.468999 -0.851744 -0.233609
vn -0.505536 -0.583195 -0.635859
vn -0.311181 -0.895442 -0.318354
vn -0.468999 -0.851744 -0.233609
vn -0.566986 -0.573029 -0.591747
vn -0.570972 -0.308263 -0.760897
vn -0.505536 -0.583195 -0.635859
vn -0.566986 -0.573029 -0.591747
vn -0.566075 -0.323358 -0.758286
vn -0.586346 -0.076906 -0.806402
vn -0.570972 -0.308263 -0.760897
vn -0.566075 -0.323358 -0.758286
vn -0.533009 -0.116343 -0.838073
vn -0.572854 0.146151 -0.806522
vn -0.586346 -0.076906 -0.806402
vn -0.533009 -0.116343 -0.838073
vn -0.476849 0.089329 -0.874435
vn -0.532875 0.361755 -0.764969
vn -0.572854 0.146151 -0.806522
vn -0.476849 0.089329 -0.874435
vn -0.398346 0.293881 -0.868881
vn -0.441047 0.619481 -0.649401
vn -0.532875 0.361755 -0.764969
vn -0.398346 0.293881 -0.868881
vn -0.263913 0.547202 -0.794304
vn -0.270945 0.866153 -0.419962
vn -0.441047 0.619481 -0.649401
vn -0.263913 0.547202 -0.794304
vn -0.050911 0.809940 -0.584299
vn -0.084270 0.983685 -0.158945
vn -0.270945 0.866153 -0.419962
vn -0.050911 0.809940 -0.584299
vn 0.153857 0.940599 -0.302657
vn 0.080179 0.993710 0.078179
vn -0.084270 0.983685 -0.158945
vn 0.153857 0.940599 -0.302657
vn 0.308421 0.950800 -0.029260
vn 0.249101 0.910726 0.329433
vn 0.080179 0.993710 0.078179
vn 0.308421 0.950800 -0.029260
vn 0.438603 0.858055 0.267150
vn 0.424539 0.676158 0.602144
vn 0.249101 0.910726 0.329433
vn 0.438603 0.858055 0.267150
vn 0.529873 0.620523 0.578088
vn 0.504087 0.136933 0.852728
vn 0.537914 0.361969 0.761332
vn 0.555319 0.362669 0.748393
vn 0.431585 0.186237 0.882638
vn 0.436768 -0.104780 0.893451
vn 0.504087 0.136933 0.852728
vn 0.431585 0.186237 0.882638
vn 0.271679 -0.006977 0.962363
vn 0.317799 -0.388939 0.864714
vn 0.436768 -0.104780 0.893451
vn 0.271679 -0.006977 0.962363
vn 0.058139 -0.231030 0.971208
vn 0.141736 -0.666438 0.731964
vn 0.317799 -0.388939 0.864714
vn 0.058139 -0.231030 0.971208
vn -0.189961 -0.447995 0.873622
vn -0.017099 -0.828415 0.559853
vn 0.141736 -0.666438 0.731964
vn -0.189961 -0.447995 0.873622
vn -0.383248 -0.578159 0.720315
vn -0.137119 -0.907598 0.396819
vn -0.017099 -0.828415 0.559853
vn -0.383248 -0.578159 0.720315
vn -0.513351 -0.646948 0.563852
vn -0.283464 -0.946054 0.156940
vn -0.137119 -0.907598 0.396819
vn -0.513351 -0.646948 0.563852
vn -0.649276 -0.688484 0.323157
vn -0.468999 -0.851744 -0.233609
vn -0.283464 -0.946054 0.156940
vn -0.649276 -0.688484 0.323157
vn -0.771118 -0.630621 -0.087718
vn -0.566986 -0.573029 -0.591747
vn -0.468999 -0.851744 -0.233609
vn -0.771118 -0.630621 -0.087718
vn -0.751263 -0.438509 -0.493268
vn -0.566075 -0.323358 -0.758286
vn -0.566986 -0.573029 -0.591747
vn -0.751263 -0.438509 -0.493268
vn -0.652819 -0.257078 -0.712558
vn -0.533009 -0.116343 -0.838073
vn -0.566075 -0.323358 -0.758286
vn -0.652819 -0.257078 -0.712558
vn -0.539015 -0.097243 -0.836664
vn -0.476849 0.089329 -0.874435
vn -0.533009 -0.116343 -0.838073
vn -0.539015 -0.097243 -0.836664
vn -0.403277 0.064230 -0.912821
vn -0.398346 0.293881 -0.868881
vn -0.476849 0.089329 -0.874435
vn -0.403277 0.064230 -0.912821
vn -0.247638 0.227876 -0.941673
vn -0.263913 0.547202 -0.794304
vn -0.398346 0.293881 -0.868881
vn -0.247638 0.227876 -0.941673
vn -0.025332 0.431999 -0.901518
vn -0.050911 0.809940 -0.584299
vn -0.263913 0.547202 -0.794304
vn -0.025332 0.431999 -0.901518
vn 0.255538 0.637067 -0.727218
vn 0.153857 0.940599 -0.302657
vn -0.050911 0.809940 -0.584299
vn 0.255538 0.637067 -0.727218
vn 0.472829 0.747425 -0.466679
vn 0.308421 0.950800 -0.029260
vn 0.153857 0.940599 -0.302657
vn 0.472829 0.747425 -0.466679
vn 0.605542 0.773165 -0.188505
vn 0.438603 0.858055 0.267150
vn 0.308421 0.950800 -0.029260
vn 0.605542 0.773165 -0.188505
vn 0.676682 0.722931 0.139542
vn 0.529873 0.620523 0.578088
vn 0.438603 0.858055 0.267150
vn 0.676682 0.722931 0.139542
vn 0.654968 0.558429 0.509092
vn 0.537914 0.361969 0.761332
vn 0.529873 0.620523 0.578088
vn 0.654968 0.558429 0.509092
vn 0.555319 0.362669 0.748393
vn 0.971077 -0.238621 0.008309
vn 0.958278 -0.285040 0.021347
vn 0.904076 -0.237784 0.355113
vn 0.896574 -0.214763 0.387338
vn 0.861381 -0.232248 -0.451757
vn 0.877121 -0.297414 -0.377099
vn 0.958278 -0.285040 0.021347
vn 0.971077 -0.238621 0.008309
vn 0.555488 -0.179353 -0.811952
vn 0.629073 -0.254063 -0.734656
vn 0.877121 -0.297414 -0.377099
vn 0.861381 -0.232248 -0.451757
vn 0.321269 -0.125990 -0.938570
vn 0.376624 -0.190120 -0.906647
vn 0.629073 -0.254063 -0.734656
vn 0.555488 -0.179353 -0.811952
vn 0.123148 -0.066554 -0.990154
vn 0.167343 -0.125211 -0.977915
vn 0.376624 -0.190120 -0.906647
vn 0.321269 -0.125990 -0.938570
vn -0.094342 0.012870 -0.995457
vn -0.047519 -0.045549 -0.997831
vn 0.167343 -0.125211 -0.977915
vn 0.123148 -0.066554 -0.990154
vn -0.322384 0.102330 -0.941062
vn -0.267493 0.043564 -0.962575
vn -0.047519 -0.045549 -0.997831
vn -0.094342 0.012870 -0.995457
vn -0.566089 0.194056 -0.801177
vn -0.521917 0.156228 -0.838568
vn -0.267493 0.043564 -0.962575
vn -0.322384 0.102330 -0.941062
vn -0.727394 0.270452 -0.630677
vn -0.721789 0.274042 -0.635549
vn -0.521917 0.156228 -0.838568
vn -0.566089 0.194056 -0.801177
vn -0.881986 0.377952 -0.281517
vn -0.872654 0.403096 -0.275660
vn -0.721789 0.274042 -0.635549
vn -0.727394 0.270452 -0.630677
vn -0.901140 0.423077 0.094616
vn -0.882494 0.462233 0.086861
vn -0.872654 0.403096 -0.275660
vn -0.881986 0.377952 -0.281517
vn -0.823816 0.402777 0.398871
vn -0.802830 0.457917 0.381806
vn -0.882494 0.462233 0.086861
vn -0.901140 0.423077 0.094616
vn -0.660529 0.336272 0.671284
vn -0.644150 0.412916 0.643872
vn -0.802830 0.457917 0.381806
vn -0.823816 0.402777 0.398871
vn -0.503528 0.278012 0.818028
vn -0.425100 0.358252 0.831232
vn -0.644150 0.412916 0.643872
vn -0.660529 0.336272 0.671284
vn -0.181614 0.173317 0.967976
vn -0.110977 0.240646 0.964248
vn -0.425100 0.358252 0.831232
vn -0.503528 0.278012 0.818028
vn 0.071848 0.073055 0.994737
vn 0.107758 0.139246 0.984377
vn -0.110977 0.240646 0.964248
vn -0.181614 0.173317 0.967976
vn 0.259263 -0.004913 0.965794
vn 0.293147 0.052811 0.954608
vn 0.107758 0.139246 0.984377
vn 0.071848 0.073055 0.994737
vn 0.462726 -0.083337 0.882576
vn 0.513690 -0.050831 0.856469
vn 0.293147 0.052811 0.954608
vn 0.259263 -0.004913 0.965794
vn 0.701737 -0.163533 0.693413
vn 0.750528 -0.160983 0.640930
vn 0.513690 -0.050831 0.856469
vn 0.462726 -0.083337 0.882576
vn 0.896574 -0.214763 0.387338
vn 0.904076 -0.237784 0.355113
vn 0.750528 -0.160983 0.640930
vn 0.701737 -0.163533 0.693413
vn -0.872654 0.403096 -0.275660
vn -0.753265 0.596039 -0.278082
vn -0.609212 0.452743 -0.651064
vn -0.721789 0.274042 -0.635549
vn -0.721789 0.274042 -0.635549
vn -0.609212 0.452743 -0.651064
vn -0.355888 0.249910 -0.900494
vn -0.521917 0.156228 -0.838568
vn -0.521917 0.156228 -0.838568
vn -0.355888 0.249910 -0.900494
vn -0.139495 0.094996 -0.985655
vn -0.267493 0.043564 -0.962575
vn -0.267493 0.043564 -0.962575
vn -0.139495 0.094996 -0.985655
vn 0.048617 -0.027947 -0.998426
vn -0.047519 -0.045549 -0.997831
vn -0.047519 -0.045549 -0.997831
vn 0.048617 -0.027947 -0.998426
vn 0.235820 -0.149665 -0.960203
vn 0.167343 -0.125211 -0.977915
vn 0.167343 -0.125211 -0.977915
vn 0.235820 -0.149665 -0.960203
vn 0.414100 -0.265236 -0.870730
vn 0.376624 -0.190120 -0.906647
vn 0.376624 -0.190120 -0.906647
vn 0.414100 -0.265236 -0.870730
vn 0.612578 -0.397613 -0.683120
vn 0.629073 -0.254063 -0.734656
vn 0.629073 -0.254063 -0.734656
vn 0.612578 -0.397613 -0.683120
vn 0.782529 -0.522957 -0.337883
vn 0.877121 -0.297414 -0.377099
vn 0.877121 -0.297414 -0.377099
vn 0.782529 -0.522957 -0.337883
vn 0.828249 -0.558994 0.039109
vn 0.958278 -0.285040 0.021347
vn 0.958278 -0.285040 0.021347
vn 0.828249 -0.558994 0.039109
vn 0.779232 -0.515514 0.356432
vn 0.904076 -0.237784 0.355113
vn 0.904076 -0.237784 0.355113
vn 0.779232 -0.515514 0.356432
vn 0.644437 -0.399039 0.652279
vn 0.750528 -0.160983 0.640930
vn 0.750528 -0.160983 0.640930
vn 0.644437 -0.399039 0.652279
vn 0.396825 -0.197522 0.896390
vn 0.513690 -0.050831 0.856469
vn 0.513690 -0.050831 0.856469
vn 0.396825 -0.197522 0.896390
vn 0.170617 -0.012314 0.985260
vn 0.293147 0.052811 0.954608
vn 0.293147 0.052811 0.954608
vn 0.170617 -0.012314 0.985260
vn -0.002395 0.139437 0.990228
vn 0.107758 0.139246 0.984377
vn 0.107758 0.139246 0.984377
vn -0.002395 0.139437 0.990228
vn -0.184984 0.293153 0.937999
vn -0.110977 0.240646 0.964248
vn -0.110977 0.240646 0.964248
vn -0.184984 0.293153 0.937999
vn -0.408621 0.461617 0.787362
vn -0.425100 0.358252 0.831232
vn -0.425100 0.358252 0.831232
vn -0.408621 0.461617 0.787362
vn -0.626883 0.591112 0.507548
vn -0.644150 0.412916 0.643872
vn -0.644150 0.412916 0.643872
vn -0.626883 0.591112 0.507548
vn -0.733709 0.636335 0.238220
vn -0.802830 0.457917 0.381806
vn -0.802830 0.457917 0.381806
vn -0.733709 0.636335 0.238220
vn -0.768850 0.639236 0.015711
vn -0.882494 0.462233 0.086861
vn -0.882494 0.462233 0.086861
vn -0.768850 0.639236 0.015711
vn -0.753265 0.596039 -0.278082
vn -0.872654 0.403096 -0.275660
vn -0.753265 0.596039 -0.278082
vn -0.344121 0.881007 -0.324665
vn -0.215363 0.744793 -0.631588
vn -0.609212 0.452743 -0.651064
vn -0.609212 0.452743 -0.651064
vn -0.215363 0.744793 -0.631588
vn -0.036776 0.503666 -0.863115
vn -0.355888 0.249910 -0.900494
vn -0.355888 0.249910 -0.900494
vn -0.036776 0.503666 -0.863115
vn 0.095534 0.279866 -0.955274
vn -0.139495 0.094996 -0.985655
vn -0.139495 0.094996 -0.985655
vn 0.095534 0.279866 -0.955274
vn 0.198934 0.077158 -0.976971
vn 0.048617 -0.027947 -0.998426
vn 0.048617 -0.027947 -0.998426
vn 0.198934 0.077158 -0.976971
vn 0.291481 -0.152199 -0.944391
vn 0.235820 -0.149665 -0.960203
vn 0.235820 -0.149665 -0.960203
vn 0.291481 -0.152199 -0.944391
vn 0.363831 -0.396649 -0.842791
vn 0.414100 -0.265236 -0.870730
vn 0.414100 -0.265236 -0.870730
vn 0.363831 -0.396649 -0.842791
vn 0.414283 -0.683337 -0.601182
vn 0.612578 -0.397613 -0.683120
vn 0.612578 -0.397613 -0.683120
vn 0.414283 -0.683337 -0.601182
vn 0.388715 -0.901512 -0.190201
vn 0.782529 -0.522957 -0.337883
vn 0.782529 -0.522957 -0.337883
vn 0.388715 -0.901512 -0.190201
vn 0.317924 -0.933894 0.163602
vn 0.828249 -0.558994 0.039109
vn 0.828249 -0.558994 0.039109
vn 0.317924 -0.933894 0.163602
vn 0.248990 -0.871413 0.422662
vn 0.779232 -0.515514 0.356432
vn 0.779232 -0.515514 0.356432
vn 0.248990 -0.871413 0.422662
vn 0.160838 -0.725655 0.668996
vn 0.644437 -0.399039 0.652279
vn 0.644437 -0.399039 0.652279
vn 0.160838 -0.725655 0.668996
vn 0.039474 -0.460478 0.886793
vn 0.396825 -0.197522 0.896390
vn 0.396825 -0.197522 0.896390
vn 0.039474 -0.460478 0.886793
vn -0.062774 -0.205600 0.976621
vn 0.170617 -0.012314 0.985260
vn 0.170617 -0.012314 0.985260
vn -0.062774 -0.205600 0.976621
vn -0.145728 0.015764 0.989199
vn -0.002395 0.139437 0.990228
vn -0.002395 0.139437 0.990228
vn -0.145728 0.015764 0.989199
vn -0.238674 0.266468 0.933825
vn -0.184984 0.293153 0.937999
vn -0.184984 0.293153 0.937999
vn -0.238674 0.266468 0.933825
vn -0.342366 0.555319 0.757896
vn -0.408621 0.461617 0.787362
vn -0.408621 0.461617 0.787362
vn -0.342366 0.555319 0.757896
vn -0.415723 0.791922 0.447251
vn -0.626883 0.591112 0.507548
vn -0.626883 0.591112 0.507548
vn -0.415723 0.791922 0.447251
vn -0.422764 0.892533 0.157022
vn -0.733709 0.636335 0.238220
vn -0.733709 0.636335 0.238220
vn -0.422764 0.892533 0.157022
vn -0.399027 0.914341 -0.068985
vn -0.768850 0.639236 0.015711
vn -0.768850 0.639236 0.015711
vn -0.399027 0.914341 -0.068985
vn -0.344121 0.881007 -0.324665
vn -0.753265 0.596039 -0.278082
vn -0.344121 0.881007 -0.324665
vn -0.204872 0.914202 -0.349661
vn -0.098048 0.740160 -0.665244
vn -0.215363 0.744793 -0.631588
vn -0.215363 0.744793 -0.631588
vn -0.098048 0.740160 -0.665244
vn 0.027728 0.447349 -0.893929
vn -0.036776 0.503666 -0.863115
vn -0.036776 0.503666 -0.863115
vn 0.027728 0.447349 -0.893929
vn 0.118236 0.195467 -0.973557
vn 0.095534 0.279866 -0.955274
vn 0.095534 0.279866 -0.955274
vn 0.118236 0.195467 -0.973557
vn 0.189810 -0.033504 -0.981249
vn 0.198934 0.077158 -0.976971
vn 0.198934 0.077158 -0.976971
vn 0.189810 -0.033504 -0.981249
vn 0.252248 -0.269987 -0.929235
vn 0.291481 -0.152199 -0.944391
vn 0.291481 -0.152199 -0.944391
vn 0.252248 -0.269987 -0.929235
vn 0.301861 -0.504477 -0.808939
vn 0.363831 -0.396649 -0.842791
vn 0.363831 -0.396649 -0.842791
vn 0.301861 -0.504477 -0.808939
vn 0.334915 -0.765006 -0.550089
vn 0.414283 -0.683337 -0.601182
vn 0.414283 -0.683337 -0.601182
vn 0.334915 -0.765006 -0.550089
vn 0.325173 -0.931309 -0.164092
vn 0.388715 -0.901512 -0.190201
vn 0.388715 -0.901512 -0.190201
vn 0.325173 -0.931309 -0.164092
vn 0.279221 -0.944167 0.174883
vn 0.317924 -0.933894 0.163602
vn 0.317924 -0.933894 0.163602
vn 0.279221 -0.944167 0.174883
vn 0.220323 -0.873317 0.434483
vn 0.248990 -0.871413 0.422662
vn 0.248990 -0.871413 0.422662
vn 0.220323 -0.873317 0.434483
vn 0.145096 -0.725350 0.672915
vn 0.160838 -0.725655 0.668996
vn 0.160838 -0.725655 0.668996
vn 0.145096 -0.725350 0.672915
vn 0.039272 -0.459475 0.887322
vn 0.039474 -0.460478 0.886793
vn 0.039474 -0.460478 0.886793
vn 0.039272 -0.459475 0.887322
vn -0.052580 -0.187143 0.980924
vn -0.062774 -0.205600 0.976621
vn -0.062774 -0.205600 0.976621
vn -0.052580 -0.187143 0.980924
vn -0.120859 0.035387 0.992039
vn -0.145728 0.015764 0.989199
vn -0.145728 0.015764 0.989199
vn -0.120859 0.035387 0.992039
vn -0.190650 0.285368 0.939264
vn -0.238674 0.266468 0.933825
vn -0.238674 0.266468 0.933825
vn -0.190650 0.285368 0.939264
vn -0.260125 0.581613 0.770754
vn -0.342366 0.555319 0.757896
vn -0.342366 0.555319 0.757896
vn -0.260125 0.581613 0.770754
vn -0.297699 0.839294 0.454930
vn -0.415723 0.791922 0.447251
vn -0.415723 0.791922 0.447251
vn -0.297699 0.839294 0.454930
vn -0.290054 0.945754 0.146348
vn -0.422764 0.892533 0.157022
vn -0.422764 0.892533 0.157022
vn -0.290054 0.945754 0.146348
vn -0.262009 0.960969 -0.088821
vn -0.399027 0.914341 -0.068985
vn -0.399027 0.914341 -0.068985
vn -0.262009 0.960969 -0.088821
vn -0.204872 0.914202 -0.349661
vn -0.344121 0.881007 -0.324665
vn -0.204872 0.914202 -0.349661
vn -0.506217 0.793752 -0.337196
vn -0.343010 0.604917 -0.718624
vn -0.098048 0.740160 -0.665244
vn -0.098048 0.740160 -0.665244
vn -0.343010 0.604917 -0.718624
vn -0.118210 0.305310 -0.944888
vn 0.027728 0.447349 -0.893929
vn 0.027728 0.447349 -0.893929
vn -0.118210 0.305310 -0.944888
vn 0.040820 0.089252 -0.995172
vn 0.118236 0.195467 -0.973557
vn 0.118236 0.195467 -0.973557
vn 0.040820 0.089252 -0.995172
vn 0.174518 -0.085415 -0.980942
vn 0.189810 -0.033504 -0.981249
vn 0.189810 -0.033504 -0.981249
vn 0.174518 -0.085415 -0.980942
vn 0.300052 -0.247523 -0.921250
vn 0.252248 -0.269987 -0.929235
vn 0.252248 -0.269987 -0.929235
vn 0.300052 -0.247523 -0.921250
vn 0.421928 -0.403884 -0.811699
vn 0.301861 -0.504477 -0.808939
vn 0.301861 -0.504477 -0.808939
vn 0.421928 -0.403884 -0.811699
vn 0.558204 -0.585623 -0.587753
vn 0.334915 -0.765006 -0.550089
vn 0.334915 -0.765006 -0.550089
vn 0.558204 -0.585623 -0.587753
vn 0.650670 -0.724296 -0.228087
vn 0.325173 -0.931309 -0.164092
vn 0.325173 -0.931309 -0.164092
vn 0.650670 -0.724296 -0.228087
vn 0.651033 -0.747787 0.130272
vn 0.279221 -0.944167 0.174883
vn 0.279221 -0.944167 0.174883
vn 0.651033 -0.747787 0.130272
vn 0.586776 -0.689704 0.424267
vn 0.220323 -0.873317 0.434483
vn 0.220323 -0.873317 0.434483
vn 0.586776 -0.689704 0.424267
vn 0.466084 -0.556563 0.687752
vn 0.145096 -0.725350 0.672915
vn 0.145096 -0.725350 0.672915
vn 0.466084 -0.556563 0.687752
vn 0.268688 -0.322275 0.907715
vn 0.039272 -0.459475 0.887322
vn 0.039272 -0.459475 0.887322
vn 0.268688 -0.322275 0.907715
vn 0.078395 -0.095636 0.992325
vn -0.052580 -0.187143 0.980924
vn -0.052580 -0.187143 0.980924
vn 0.078395 -0.095636 0.992325
vn -0.065481 0.080098 0.994634
vn -0.120859 0.035387 0.992039
vn -0.120859 0.035387 0.992039
vn -0.065481 0.080098 0.994634
vn -0.206437 0.266946 0.941342
vn -0.190650 0.285368 0.939264
vn -0.190650 0.285368 0.939264
vn -0.206437 0.266946 0.941342
vn -0.356748 0.487306 0.797034
vn -0.260125 0.581613 0.770754
vn -0.260125 0.581613 0.770754
vn -0.356748 0.487306 0.797034
vn -0.493367 0.700699 0.515374
vn -0.297699 0.839294 0.454930
vn -0.297699 0.839294 0.454930
vn -0.493367 0.700699 0.515374
vn -0.552554 0.806534 0.210207
vn -0.290054 0.945754 0.146348
vn -0.290054 0.945754 0.146348
vn -0.552554 0.806534 0.210207
vn -0.555153 0.830902 -0.037521
vn -0.262009 0.960969 -0.088821
vn -0.262009 0.960969 -0.088821
vn -0.555153 0.830902 -0.037521
vn -0.506217 0.793752 -0.337196
vn -0.204872 0.914202 -0.349661
vn -0.506217 0.793752 -0.337196
vn -0.942083 0.174811 -0.286219
vn -0.681709 0.148525 -0.716389
vn -0.343010 0.604917 -0.718624
vn -0.343010 0.604917 -0.718624
vn -0.681709 0.148525 -0.716389
vn -0.281038 0.082912 -0.956108
vn -0.118210 0.305310 -0.944888
vn -0.118210 0.305310 -0.944888
vn -0.281038 0.082912 -0.956108
vn -0.012281 0.035354 -0.999299
vn 0.040820 0.089252 -0.995172
vn 0.040820 0.089252 -0.995172
vn -0.012281 0.035354 -0.999299
vn 0.203689 -0.007271 -0.979009
vn 0.174518 -0.085415 -0.980942
vn 0.174518 -0.085415 -0.980942
vn 0.203689 -0.007271 -0.979009
vn 0.396980 -0.048195 -0.916561
vn 0.300052 -0.247523 -0.921250
vn 0.300052 -0.247523 -0.921250
vn 0.396980 -0.048195 -0.916561
vn 0.580156 -0.088700 -0.809661
vn 0.421928 -0.403884 -0.811699
vn 0.421928 -0.403884 -0.811699
vn 0.580156 -0.088700 -0.809661
vn 0.789245 -0.133101 -0.599480
vn 0.558204 -0.585623 -0.587753
vn 0.558204 -0.585623 -0.587753
vn 0.789245 -0.133101 -0.599480
vn 0.949336 -0.161173 -0.269785
vn 0.650670 -0.724296 -0.228087
vn 0.650670 -0.724296 -0.228087
vn 0.949336 -0.161173 -0.269785
vn 0.984776 -0.160710 0.066242
vn 0.651033 -0.747787 0.130272
vn 0.651033 -0.747787 0.130272
vn 0.984776 -0.160710 0.066242
vn 0.925329 -0.141036 0.351959
vn 0.586776 -0.689704 0.424267
vn 0.586776 -0.689704 0.424267
vn 0.925329 -0.141036 0.351959
vn 0.781541 -0.102065 0.615448
vn 0.466084 -0.556563 0.687752
vn 0.466084 -0.556563 0.687752
vn 0.781541 -0.102065 0.615448
vn 0.501420 -0.035232 0.864486
vn 0.268688 -0.322275 0.907715
vn 0.268688 -0.322275 0.907715
vn 0.501420 -0.035232 0.864486
vn 0.191642 0.024603 0.981157
vn 0.078395 -0.095636 0.992325
vn 0.078395 -0.095636 0.992325
vn 0.191642 0.024603 0.981157
vn -0.056824 0.063353 0.996372
vn -0.065481 0.080098 0.994634
vn -0.065481 0.080098 0.994634
vn -0.056824 0.063353 0.996372
vn -0.303878 0.096792 0.947781
vn -0.206437 0.266946 0.941342
vn -0.206437 0.266946 0.941342
vn -0.303878 0.096792 0.947781
vn -0.575036 0.131603 0.807474
vn -0.356748 0.487306 0.797034
vn -0.356748 0.487306 0.797034
vn -0.575036 0.131603 0.807474
vn -0.830361 0.157748 0.534430
vn -0.493367 0.700699 0.515374
vn -0.493367 0.700699 0.515374
vn -0.830361 0.157748 0.534430
vn -0.955589 0.160914 0.246894
vn -0.552554 0.806534 0.210207
vn -0.552554 0.806534 0.210207
vn -0.955589 0.160914 0.246894
vn -0.986272 0.164079 0.018594
vn -0.555153 0.830902 -0.037521
vn -0.555153 0.830902 -0.037521
vn -0.986272 0.164079 0.018594
vn -0.942083 0.174811 -0.286219
vn -0.506217 0.793752 -0.337196
vn -0.942083 0.174811 -0.286219
vn -0.954556 -0.174834 -0.241365
vn -0.751863 -0.137648 -0.644791
vn -0.681709 0.148525 -0.716389
vn -0.681709 0.148525 -0.716389
vn -0.751863 -0.137648 -0.644791
vn -0.364952 -0.062420 -0.928932
vn -0.281038 0.082912 -0.956108
vn -0.281038 0.082912 -0.956108
vn -0.364952 -0.062420 -0.928932
vn -0.069506 -0.003119 -0.997577
vn -0.012281 0.035354 -0.999299
vn -0.012281 0.035354 -0.999299
vn -0.069506 -0.003119 -0.997577
vn 0.161461 0.045087 -0.985849
vn 0.203689 -0.007271 -0.979009
vn 0.203689 -0.007271 -0.979009
vn 0.161461 0.045087 -0.985849
vn 0.371290 0.090885 -0.924058
vn 0.396980 -0.048195 -0.916561
vn 0.396980 -0.048195 -0.916561
vn 0.371290 0.090885 -0.924058
vn 0.561819 0.134560 -0.816243
vn 0.580156 -0.088700 -0.809661
vn 0.580156 -0.088700 -0.809661
vn 0.561819 0.134560 -0.816243
vn 0.770137 0.184677 -0.610560
vn 0.789245 -0.133101 -0.599480
vn 0.789245 -0.133101 -0.599480
vn 0.770137 0.184677 -0.610560
vn 0.934795 0.226484 -0.273611
vn 0.949336 -0.161173 -0.269785
vn 0.949336 -0.161173 -0.269785
vn 0.934795 0.226484 -0.273611
vn 0.968989 0.238073 0.066194
vn 0.984776 -0.160710 0.066242
vn 0.984776 -0.160710 0.066242
vn 0.968989 0.238073 0.066194
vn 0.909099 0.228142 0.348555
vn 0.925329 -0.141036 0.351959
vn 0.925329 -0.141036 0.351959
vn 0.909099 0.228142 0.348555
vn 0.757688 0.198068 0.621834
vn 0.781541 -0.102065 0.615448
vn 0.781541 -0.102065 0.615448
vn 0.757688 0.198068 0.621834
vn 0.457496 0.135062 0.878895
vn 0.501420 -0.035232 0.864486
vn 0.501420 -0.035232 0.864486
vn 0.457496 0.135062 0.878895
vn 0.142535 0.068643 0.987407
vn 0.191642 0.024603 0.981157
vn 0.191642 0.024603 0.981157
vn 0.142535 0.068643 0.987407
vn -0.111827 0.015125 0.993613
vn -0.056824 0.063353 0.996372
vn -0.056824 0.063353 0.996372
vn -0.111827 0.015125 0.993613
vn -0.362571 -0.037671 0.931194
vn -0.303878 0.096792 0.947781
vn -0.303878 0.096792 0.947781
vn -0.362571 -0.037671 0.931194
vn -0.627559 -0.094435 0.772821
vn -0.575036 0.131603 0.807474
vn -0.575036 0.131603 0.807474
vn -0.627559 -0.094435 0.772821
vn -0.854887 -0.144924 0.498162
vn -0.830361 0.157748 0.534430
vn -0.830361 0.157748 0.534430
vn -0.854887 -0.144924 0.498162
vn -0.957423 -0.170045 0.233292
vn -0.955589 0.160914 0.246894
vn -0.955589 0.160914 0.246894
vn -0.957423 -0.170045 0.233292
vn -0.983603 -0.178071 0.028564
vn -0.986272 0.164079 0.018594
vn -0.986272 0.164079 0.018594
vn -0.983603 -0.178071 0.028564
vn -0.954556 -0.174834 -0.241365
vn -0.942083 0.174811 -0.286219
vn -0.804378 0.522143 -0.283448
vn 0.434500 0.899103 0.053133
vn -0.617997 0.425102 -0.661339
vn -0.617997 0.425102 -0.661339
vn 0.434500 0.899103 0.053133
vn -0.297035 0.248978 -0.921835
vn -0.297035 0.248978 -0.921835
vn 0.434500 0.899103 0.053133
vn -0.044413 0.101836 -0.993809
vn -0.044413 0.101836 -0.993809
vn 0.434500 0.899103 0.053133
vn 0.156416 -0.014442 -0.987586
vn 0.156416 -0.014442 -0.987586
vn 0.434500 0.899103 0.053133
vn 0.343919 -0.123567 -0.930833
vn 0.343919 -0.123567 -0.930833
vn 0.434500 0.899103 0.053133
vn 0.518760 -0.224048 -0.825040
vn 0.518760 -0.224048 -0.825040
vn 0.434500 0.899103 0.053133
vn 0.712705 -0.333216 -0.617267
vn 0.712705 -0.333216 -0.617267
vn 0.434500 0.899103 0.053133
vn 0.865763 -0.421036 -0.270523
vn 0.865763 -0.421036 -0.270523
vn 0.434500 0.899103 0.053133
vn 0.895681 -0.436566 0.084649
vn 0.895681 -0.436566 0.084649
vn 0.434500 0.899103 0.053133
vn 0.834027 -0.395454 0.384727
vn 0.834027 -0.395454 0.384727
vn 0.434500 0.899103 0.053133
vn 0.679426 -0.297543 0.670707
vn 0.679426 -0.297543 0.670707
vn 0.434500 0.899103 0.053133
vn 0.396648 -0.131460 0.908509
vn 0.396648 -0.131460 0.908509
vn 0.434500 0.899103 0.053133
vn 0.123632 0.023316 0.992054
vn 0.123632 0.023316 0.992054
vn 0.434500 0.899103 0.053133
vn -0.097074 0.148719 0.984103
vn -0.097074 0.148719 0.984103
vn 0.434500 0.899103 0.053133
vn -0.317366 0.271404 0.908636
vn -0.317366 0.271404 0.908636
vn 0.434500 0.899103 0.053133
vn -0.546133 0.393531 0.739508
vn -0.546133 0.393531 0.739508
vn 0.434500 0.899103 0.053133
vn -0.734261 0.490991 0.468815
vn -0.734261 0.490991 0.468815
vn 0.434500 0.899103 0.053133
vn -0.817820 0.537029 0.206808
vn -0.817820 0.537029 0.206808
vn 0.434500 0.899103 0.053133
vn -0.838136 0.545418 -0.006898
vn -0.838136 0.545418 -0.006898
vn 0.434500 0.899103 0.053133
vn -0.804378 0.522143 -0.283448
vn 0.457496 0.135062 0.878895
vn 0.421585 0.022328 0.906514
vn 0.117142 0.044066 0.992137
vn 0.142535 0.068643 0.987407
vn -0.111827 0.015125 0.993613
vn 0.142535 0.068643 0.987407
vn 0.117142 0.044066 0.992137
vn -0.127444 0.061395 0.989944
vn -0.362571 -0.037671 0.931194
vn -0.111827 0.015125 0.993613
vn -0.127444 0.061395 0.989944
vn -0.372768 0.075867 0.924818
vn -0.627559 -0.094435 0.772821
vn -0.362571 -0.037671 0.931194
vn -0.372768 0.075867 0.924818
vn -0.637769 0.085916 0.765421
vn -0.854887 -0.144924 0.498162
vn -0.627559 -0.094435 0.772821
vn -0.637769 0.085916 0.765421
vn -0.864985 0.090852 0.493505
vn -0.957423 -0.170045 0.233292
vn -0.854887 -0.144924 0.498162
vn -0.864985 0.090852 0.493505
vn -0.969272 0.090905 0.228579
vn -0.983603 -0.178071 0.028564
vn -0.957423 -0.170045 0.233292
vn -0.969272 0.090905 0.228579
vn -0.996300 0.084972 0.012916
vn -0.954556 -0.174834 -0.241365
vn -0.983603 -0.178071 0.028564
vn -0.996300 0.084972 0.012916
vn -0.960725 0.071469 -0.268142
vn -0.751863 -0.137648 -0.644791
vn -0.954556 -0.174834 -0.241365
vn -0.960725 0.071469 -0.268142
vn -0.751997 0.046305 -0.657538
vn -0.364952 -0.062420 -0.928932
vn -0.751863 -0.137648 -0.644791
vn -0.751997 0.046305 -0.657538
vn -0.375176 0.013161 -0.926860
vn -0.069506 -0.003119 -0.997577
vn -0.364952 -0.062420 -0.928932
vn -0.375176 0.013161 -0.926860
vn -0.084164 -0.009624 -0.996405
vn 0.161461 0.045087 -0.985849
vn -0.069506 -0.003119 -0.997577
vn -0.084164 -0.009624 -0.996405
vn 0.139448 -0.024940 -0.989915
vn 0.371290 0.090885 -0.924058
vn 0.161461 0.045087 -0.985849
vn 0.139448 -0.024940 -0.989915
vn 0.348659 -0.037163 -0.936512
vn 0.561819 0.134560 -0.816243
vn 0.371290 0.090885 -0.924058
vn 0.348659 -0.037163 -0.936512
vn 0.544158 -0.046367 -0.837700
vn 0.770137 0.184677 -0.610560
vn 0.561819 0.134560 -0.816243
vn 0.544158 -0.046367 -0.837700
vn 0.765687 -0.053364 -0.640996
vn 0.934795 0.226484 -0.273611
vn 0.770137 0.184677 -0.610560
vn 0.765687 -0.053364 -0.640996
vn 0.955306 -0.052518 -0.290916
vn 0.968989 0.238073 0.066194
vn 0.934795 0.226484 -0.273611
vn 0.955306 -0.052518 -0.290916
vn 0.996033 -0.041787 0.078561
vn 0.909099 0.228142 0.348555
vn 0.968989 0.238073 0.066194
vn 0.996033 -0.041787 0.078561
vn 0.923101 -0.024930 0.383749
vn 0.757688 0.198068 0.621834
vn 0.909099 0.228142 0.348555
vn 0.923101 -0.024930 0.383749
vn 0.744078 -0.002576 0.668088
vn 0.457496 0.135062 0.878895
vn 0.757688 0.198068 0.621834
vn 0.744078 -0.002576 0.668088
vn 0.421585 0.022328 0.906514
vn -0.127444 0.061395 0.989944
vn 0.117142 0.044066 0.992137
vn 0.123632 0.023316 0.992054
vn -0.097074 0.148719 0.984103
vn -0.372768 0.075867 0.924818
vn -0.127444 0.061395 0.989944
vn -0.097074 0.148719 0.984103
vn -0.317366 0.271404 0.908636
vn -0.637769 0.085916 0.765421
vn -0.372768 0.075867 0.924818
vn -0.317366 0.271404 0.908636
vn -0.546133 0.393531 0.739508
vn -0.864985 0.090852 0.493505
vn -0.637769 0.085916 0.765421
vn -0.546133 0.393531 0.739508
vn -0.734261 0.490991 0.468815
vn -0.969272 0.090905 0.228579
vn -0.864985 0.090852 0.493505
vn -0.734261 0.490991 0.468815
vn -0.817820 0.537029 0.206808
vn -0.996300 0.084972 0.012916
vn -0.969272 0.090905 0.228579
vn -0.817820 0.537029 0.206808
vn -0.838136 0.545418 -0.006898
vn -0.960725 0.071469 -0.268142
vn -0.996300 0.084972 0.012916
vn -0.838136 0.545418 -0.006898
vn -0.804378 0.522143 -0.283448
vn -0.751997 0.046305 -0.657538
vn -0.960725 0.071469 -0.268142
vn -0.804378 0.522143 -0.283448
vn -0.617997 0.425102 -0.661339
vn -0.375176 0.013161 -0.926860
vn -0.751997 0.046305 -0.657538
vn -0.617997 0.425102 -0.661339
vn -0.297035 0.248978 -0.921835
vn -0.084164 -0.009624 -0.996405
vn -0.375176 0.013161 -0.926860
vn -0.297035 0.248978 -0.921835
vn -0.044413 0.101836 -0.993809
vn 0.139448 -0.024940 -0.989915
vn -0.084164 -0.009624 -0.996405
vn -0.044413 0.101836 -0.993809
vn 0.156416 -0.014442 -0.987586
vn 0.348659 -0.037163 -0.936512
vn 0.139448 -0.024940 -0.989915
vn 0.156416 -0.014442 -0.987586
vn 0.343919 -0.123567 -0.930833
vn 0.544158 -0.046367 -0.837700
vn 0.348659 -0.037163 -0.936512
vn 0.343919 -0.123567 -0.930833
vn 0.518760 -0.224048 -0.825040
vn 0.765687 -0.053364 -0.640996
vn 0.544158 -0.046367 -0.837700
vn 0.518760 -0.224048 -0.825040
vn 0.712705 -0.333216 -0.617267
vn 0.955306 -0.052518 -0.290916
vn 0.765687 -0.053364 -0.640996
vn 0.712705 -0.333216 -0.617267
vn 0.865763 -0.421036 -0.270523
vn 0.996033 -0.041787 0.078561
vn 0.955306 -0.052518 -0.290916
vn 0.865763 -0.421036 -0.270523
vn 0.895681 -0.436566 0.084649
vn 0.923101 -0.024930 0.383749
vn 0.996033 -0.041787 0.078561
vn 0.895681 -0.436566 0.084649
vn 0.834027 -0.395454 0.384727
vn 0.744078 -0.002576 0.668088
vn 0.923101 -0.024930 0.383749
vn 0.834027 -0.395454 0.384727
vn 0.679426 -0.297543 0.670707
vn 0.421585 0.022328 0.906514
vn 0.744078 -0.002576 0.668088
vn 0.679426 -0.297543 0.670707
vn 0.396648 -0.131460 0.908509
vn 0.117142 0.044066 0.992137
vn 0.421585 0.022328 0.906514
vn 0.396648 -0.131460 0.908509
vn 0.123632 0.023316 0.992054
vn 0.967810 0.233617 0.093631
vn 0.884474 0.426325 0.189612
vn 0.755544 0.291699 0.586571
vn 0.868771 0.062564 0.491246
vn 0.868771 0.062564 0.491246
vn 0.755544 0.291699 0.586571
vn 0.486233 0.115862 0.866114
vn 0.608970 -0.107148 0.785923
vn 0.608970 -0.107148 0.785923
vn 0.486233 0.115862 0.866114
vn 0.248268 -0.009975 0.968640
vn 0.367240 -0.201842 0.907962
vn 0.367240 -0.201842 0.907962
vn 0.248268 -0.009975 0.968640
vn 0.043917 -0.104369 0.993569
vn 0.143831 -0.262076 0.954269
vn 0.143831 -0.262076 0.954269
vn 0.043917 -0.104369 0.993569
vn -0.159481 -0.197579 0.967227
vn -0.086920 -0.307680 0.947511
vn -0.086920 -0.307680 0.947511
vn -0.159481 -0.197579 0.967227
vn -0.352039 -0.286185 0.891160
vn -0.315145 -0.339871 0.886099
vn -0.315145 -0.339871 0.886099
vn -0.352039 -0.286185 0.891160
vn -0.568103 -0.389826 0.724772
vn -0.582173 -0.362402 0.727832
vn -0.582173 -0.362402 0.727832
vn -0.568103 -0.389826 0.724772
vn -0.769114 -0.494354 0.405066
vn -0.834566 -0.349814 0.425593
vn -0.834566 -0.349814 0.425593
vn -0.769114 -0.494354 0.405066
vn -0.847927 -0.528664 0.039168
vn -0.952428 -0.293394 0.082473
vn -0.952428 -0.293394 0.082473
vn -0.847927 -0.528664 0.039168
vn -0.821197 -0.495043 -0.283845
vn -0.950992 -0.212057 -0.225046
vn -0.950992 -0.212057 -0.225046
vn -0.821197 -0.495043 -0.283845
vn -0.696862 -0.398949 -0.596006
vn -0.844282 -0.097470 -0.526960
vn -0.844282 -0.097470 -0.526960
vn -0.696862 -0.398949 -0.596006
vn -0.446777 -0.224882 -0.865921
vn -0.607031 0.052165 -0.792964
vn -0.607031 0.052165 -0.792964
vn -0.446777 -0.224882 -0.865921
vn -0.212167 -0.061897 -0.975271
vn -0.362579 0.171241 -0.916086
vn -0.362579 0.171241 -0.916086
vn -0.212167 -0.061897 -0.975271
vn -0.030623 0.068356 -0.997191
vn -0.160188 0.257541 -0.952897
vn -0.160188 0.257541 -0.952897
vn -0.030623 0.068356 -0.997191
vn 0.167458 0.198573 -0.965674
vn 0.059471 0.333443 -0.940893
vn 0.059471 0.333443 -0.940893
vn 0.167458 0.198573 -0.965674
vn 0.420808 0.338780 -0.841516
vn 0.340410 0.395853 -0.852890
vn 0.340410 0.395853 -0.852890
vn 0.420808 0.338780 -0.841516
vn 0.677317 0.441921 -0.588173
vn 0.647394 0.412661 -0.640775
vn 0.647394 0.412661 -0.640775
vn 0.677317 0.441921 -0.588173
vn 0.815087 0.474963 -0.331727
vn 0.838228 0.377212 -0.393808
vn 0.838228 0.377212 -0.393808
vn 0.815087 0.474963 -0.331727
vn 0.874069 0.472862 -0.111373
vn 0.927254 0.325235 -0.185533
vn 0.927254 0.325235 -0.185533
vn 0.874069 0.472862 -0.111373
vn 0.884474 0.426325 0.189612
vn 0.967810 0.233617 0.093631
vn 0.884474 0.426325 0.189612
vn 0.481276 0.817005 0.317610
vn 0.345660 0.691853 0.633923
vn 0.755544 0.291699 0.586571
vn 0.755544 0.291699 0.586571
vn 0.345660 0.691853 0.633923
vn 0.138748 0.477029 0.867867
vn 0.486233 0.115862 0.866114
vn 0.486233 0.115862 0.866114
vn 0.138748 0.477029 0.867867
vn -0.019033 0.281898 0.959256
vn 0.248268 -0.009975 0.968640
vn 0.248268 -0.009975 0.968640
vn -0.019033 0.281898 0.959256
vn -0.143643 0.107427 0.983782
vn 0.043917 -0.104369 0.993569
vn 0.043917 -0.104369 0.993569
vn -0.143643 0.107427 0.983782
vn -0.264372 -0.096079 0.959623
vn -0.159481 -0.197579 0.967227
vn -0.159481 -0.197579 0.967227
vn -0.264372 -0.096079 0.959623
vn -0.372183 -0.322858 0.870197
vn -0.352039 -0.286185 0.891160
vn -0.352039 -0.286185 0.891160
vn -0.372183 -0.322858 0.870197
vn -0.473643 -0.606960 0.638171
vn -0.568103 -0.389826 0.724772
vn -0.568103 -0.389826 0.724772
vn -0.473643 -0.606960 0.638171
vn -0.491819 -0.844720 0.211095
vn -0.769114 -0.494354 0.405066
vn -0.769114 -0.494354 0.405066
vn -0.491819 -0.844720 0.211095
vn -0.427510 -0.889415 -0.161791
vn -0.847927 -0.528664 0.039168
vn -0.847927 -0.528664 0.039168
vn -0.427510 -0.889415 -0.161791
vn -0.350418 -0.834864 -0.424511
vn -0.821197 -0.495043 -0.283845
vn -0.821197 -0.495043 -0.283845
vn -0.350418 -0.834864 -0.424511
vn -0.249336 -0.708121 -0.660603
vn -0.696862 -0.398949 -0.596006
vn -0.696862 -0.398949 -0.596006
vn -0.249336 -0.708121 -0.660603
vn -0.109151 -0.480645 -0.870096
vn -0.446777 -0.224882 -0.865921
vn -0.446777 -0.224882 -0.865921
vn -0.109151 -0.480645 -0.870096
vn 0.012591 -0.259203 -0.965741
vn -0.212167 -0.061897 -0.975271
vn -0.212167 -0.061897 -0.975271
vn 0.012591 -0.259203 -0.965741
vn 0.115799 -0.063561 -0.991237
vn -0.030623 0.068356 -0.997191
vn -0.030623 0.068356 -0.997191
vn 0.115799 -0.063561 -0.991237
vn 0.239561 0.170923 -0.955717
vn 0.167458 0.198573 -0.965674
vn 0.167458 0.198573 -0.965674
vn 0.239561 0.170923 -0.955717
vn 0.390156 0.460225 -0.797478
vn 0.420808 0.338780 -0.841516
vn 0.420808 0.338780 -0.841516
vn 0.390156 0.460225 -0.797478
vn 0.510653 0.708465 -0.487146
vn 0.677317 0.441921 -0.588173
vn 0.677317 0.441921 -0.588173
vn 0.510653 0.708465 -0.487146
vn 0.544191 0.818206 -0.185462
vn 0.815087 0.474963 -0.331727
vn 0.815087 0.474963 -0.331727
vn 0.544191 0.818206 -0.185462
vn 0.531619 0.845418 0.051469
vn 0.874069 0.472862 -0.111373
vn 0.874069 0.472862 -0.111373
vn 0.531619 0.845418 0.051469
vn 0.481276 0.817005 0.317610
vn 0.884474 0.426325 0.189612
vn 0.481276 0.817005 0.317610
vn 0.363680 0.865668 0.344029
vn 0.257906 0.702342 0.663476
vn 0.345660 0.691853 0.633923
vn 0.345660 0.691853 0.633923
vn 0.257906 0.702342 0.663476
vn 0.111405 0.422988 0.899261
vn 0.138748 0.477029 0.867867
vn 0.138748 0.477029 0.867867
vn 0.111405 0.422988 0.899261
vn -0.003890 0.184723 0.982783
vn -0.019033 0.281898 0.959256
vn -0.019033 0.281898 0.959256
vn -0.003890 0.184723 0.982783
vn -0.102619 -0.029426 0.994285
vn -0.143643 0.107427 0.983782
vn -0.143643 0.107427 0.983782
vn -0.102619 -0.029426 0.994285
vn -0.199496 -0.253382 0.946572
vn -0.264372 -0.096079 0.959623
vn -0.264372 -0.096079 0.959623
vn -0.199496 -0.253382 0.946572
vn -0.291248 -0.478326 0.828480
vn -0.372183 -0.322858 0.870197
vn -0.372183 -0.322858 0.870197
vn -0.291248 -0.478326 0.828480
vn -0.384647 -0.731964 0.562384
vn -0.473643 -0.606960 0.638171
vn -0.473643 -0.606960 0.638171
vn -0.384647 -0.731964 0.562384
vn -0.434315 -0.885632 0.164399
vn -0.491819 -0.844720 0.211095
vn -0.491819 -0.844720 0.211095
vn -0.434315 -0.885632 0.164399
vn -0.423668 -0.887771 -0.179912
vn -0.427510 -0.889415 -0.161791
vn -0.427510 -0.889415 -0.161791
vn -0.423668 -0.887771 -0.179912
vn -0.380023 -0.813053 -0.441053
vn -0.350418 -0.834864 -0.424511
vn -0.350418 -0.834864 -0.424511
vn -0.380023 -0.813053 -0.441053
vn -0.307300 -0.668248 -0.677503
vn -0.249336 -0.708121 -0.660603
vn -0.249336 -0.708121 -0.660603
vn -0.307300 -0.668248 -0.677503
vn -0.188411 -0.420024 -0.887739
vn -0.109151 -0.480645 -0.870096
vn -0.109151 -0.480645 -0.870096
vn -0.188411 -0.420024 -0.887739
vn -0.071513 -0.170528 -0.982754
vn 0.012591 -0.259203 -0.965741
vn 0.012591 -0.259203 -0.965741
vn -0.071513 -0.170528 -0.982754
vn 0.026306 0.034375 -0.999063
vn 0.115799 -0.063561 -0.991237
vn 0.115799 -0.063561 -0.991237
vn 0.026306 0.034375 -0.999063
vn 0.139293 0.268478 -0.953162
vn 0.239561 0.170923 -0.955717
vn 0.239561 0.170923 -0.955717
vn 0.139293 0.268478 -0.953162
vn 0.271562 0.547884 -0.791250
vn 0.390156 0.460225 -0.797478
vn 0.390156 0.460225 -0.797478
vn 0.271562 0.547884 -0.791250
vn 0.378077 0.793621 -0.476679
vn 0.510653 0.708465 -0.487146
vn 0.510653 0.708465 -0.487146
vn 0.378077 0.793621 -0.476679
vn 0.412533 0.896848 -0.159624
vn 0.544191 0.818206 -0.185462
vn 0.544191 0.818206 -0.185462
vn 0.412533 0.896848 -0.159624
vn 0.406062 0.910212 0.081416
vn 0.531619 0.845418 0.051469
vn 0.531619 0.845418 0.051469
vn 0.406062 0.910212 0.081416
vn 0.363680 0.865668 0.344029
vn 0.481276 0.817005 0.317610
vn 0.363680 0.865668 0.344029
vn 0.676997 0.680680 0.279910
vn 0.571615 0.477301 0.667413
vn 0.257906 0.702342 0.663476
vn 0.257906 0.702342 0.663476
vn 0.571615 0.477301 0.667413
vn 0.348571 0.181841 0.919474
vn 0.111405 0.422988 0.899261
vn 0.111405 0.422988 0.899261
vn 0.348571 0.181841 0.919474
vn 0.166996 -0.021163 0.985730
vn -0.003890 0.184723 0.982783
vn -0.003890 0.184723 0.982783
vn 0.166996 -0.021163 0.985730
vn 0.006675 -0.176925 0.984202
vn -0.102619 -0.029426 0.994285
vn -0.102619 -0.029426 0.994285
vn 0.006675 -0.176925 0.984202
vn -0.152473 -0.315669 0.936539
vn -0.199496 -0.253382 0.946572
vn -0.199496 -0.253382 0.946572
vn -0.152473 -0.315669 0.936539
vn -0.317035 -0.442781 0.838709
vn -0.291248 -0.478326 0.828480
vn -0.291248 -0.478326 0.828480
vn -0.317035 -0.442781 0.838709
vn -0.520944 -0.577064 0.628979
vn -0.384647 -0.731964 0.562384
vn -0.384647 -0.731964 0.562384
vn -0.520944 -0.577064 0.628979
vn -0.698074 -0.657287 0.284018
vn -0.434315 -0.885632 0.164399
vn -0.434315 -0.885632 0.164399
vn -0.698074 -0.657287 0.284018
vn -0.768121 -0.636932 -0.065626
vn -0.423668 -0.887771 -0.179912
vn -0.423668 -0.887771 -0.179912
vn -0.768121 -0.636932 -0.065626
vn -0.753200 -0.553366 -0.355635
vn -0.380023 -0.813053 -0.441053
vn -0.380023 -0.813053 -0.441053
vn -0.753200 -0.553366 -0.355635
vn -0.668406 -0.410181 -0.620472
vn -0.307300 -0.668248 -0.677503
vn -0.307300 -0.668248 -0.677503
vn -0.668406 -0.410181 -0.620472
vn -0.491090 -0.183318 -0.851602
vn -0.188411 -0.420024 -0.887739
vn -0.188411 -0.420024 -0.887739
vn -0.491090 -0.183318 -0.851602
vn -0.294743 0.024260 -0.955268
vn -0.071513 -0.170528 -0.982754
vn -0.071513 -0.170528 -0.982754
vn -0.294743 0.024260 -0.955268
vn -0.128350 0.180651 -0.975137
vn 0.026306 0.034375 -0.999063
vn 0.026306 0.034375 -0.999063
vn -0.128350 0.180651 -0.975137
vn 0.054493 0.345987 -0.936655
vn 0.139293 0.268478 -0.953162
vn 0.139293 0.268478 -0.953162
vn 0.054493 0.345987 -0.936655
vn 0.267317 0.530326 -0.804547
vn 0.271562 0.547884 -0.791250
vn 0.271562 0.547884 -0.791250
vn 0.267317 0.530326 -0.804547
vn 0.484795 0.688337 -0.539597
vn 0.378077 0.793621 -0.476679
vn 0.378077 0.793621 -0.476679
vn 0.484795 0.688337 -0.539597
vn 0.615431 0.747469 -0.250068
vn 0.412533 0.896848 -0.159624
vn 0.412533 0.896848 -0.159624
vn 0.615431 0.747469 -0.250068
vn 0.669203 0.742986 -0.011785
vn 0.406062 0.910212 0.081416
vn 0.406062 0.910212 0.081416
vn 0.669203 0.742986 -0.011785
vn 0.676997 0.680680 0.279910
vn 0.363680 0.865668 0.344029
vn 0.676997 0.680680 0.279910
vn 0.989153 0.005877 0.146771
vn 0.814666 -0.067136 0.576031
vn 0.571615 0.477301 0.667413
vn 0.571615 0.477301 0.667413
vn 0.814666 -0.067136 0.576031
vn 0.488255 -0.120829 0.864296
vn 0.348571 0.181841 0.919474
vn 0.348571 0.181841 0.919474
vn 0.488255 -0.120829 0.864296
vn 0.242346 -0.140546 0.959956
vn 0.166996 -0.021163 0.985730
vn 0.166996 -0.021163 0.985730
vn 0.242346 -0.140546 0.959956
vn 0.026215 -0.151830 0.988059
vn 0.006675 -0.176925 0.984202
vn 0.006675 -0.176925 0.984202
vn 0.026215 -0.151830 0.988059
vn -0.185180 -0.157736 0.969963
vn -0.152473 -0.315669 0.936539
vn -0.152473 -0.315669 0.936539
vn -0.185180 -0.157736 0.969963
vn -0.402411 -0.157975 0.901726
vn -0.317035 -0.442781 0.838709
vn -0.317035 -0.442781 0.838709
vn -0.402411 -0.157975 0.901726
vn -0.672193 -0.140306 0.726960
vn -0.520944 -0.577064 0.628979
vn -0.520944 -0.577064 0.628979
vn -0.672193 -0.140306 0.726960
vn -0.905743 -0.092828 0.413537
vn -0.698074 -0.657287 0.284018
vn -0.698074 -0.657287 0.284018
vn -0.905743 -0.092828 0.413537
vn -0.996464 -0.033190 0.077181
vn -0.768121 -0.636932 -0.065626
vn -0.768121 -0.636932 -0.065626
vn -0.996464 -0.033190 0.077181
vn -0.978377 0.024542 -0.205370
vn -0.753200 -0.553366 -0.355635
vn -0.753200 -0.553366 -0.355635
vn -0.978377 0.024542 -0.205370
vn -0.883436 0.085049 -0.460768
vn -0.668406 -0.410181 -0.620472
vn -0.668406 -0.410181 -0.620472
vn -0.883436 0.085049 -0.460768
vn -0.677257 0.161217 -0.717866
vn -0.491090 -0.183318 -0.851602
vn -0.491090 -0.183318 -0.851602
vn -0.677257 0.161217 -0.717866
vn -0.424922 0.214641 -0.879415
vn -0.294743 0.024260 -0.955268
vn -0.294743 0.024260 -0.955268
vn -0.424922 0.214641 -0.879415
vn -0.189355 0.235819 -0.953171
vn -0.128350 0.180651 -0.975137
vn -0.128350 0.180651 -0.975137
vn -0.189355 0.235819 -0.953171
vn 0.081206 0.241659 -0.966957
vn 0.054493 0.345987 -0.936655
vn 0.054493 0.345987 -0.936655
vn 0.081206 0.241659 -0.966957
vn 0.410954 0.225919 -0.883220
vn 0.267317 0.530326 -0.804547
vn 0.267317 0.530326 -0.804547
vn 0.410954 0.225919 -0.883220
vn 0.744850 0.169712 -0.645287
vn 0.484795 0.688337 -0.539597
vn 0.484795 0.688337 -0.539597
vn 0.744850 0.169712 -0.645287
vn 0.923316 0.097681 -0.371410
vn 0.615431 0.747469 -0.250068
vn 0.615431 0.747469 -0.250068
vn 0.923316 0.097681 -0.371410
vn 0.987457 0.050629 -0.149550
vn 0.669203 0.742986 -0.011785
vn 0.669203 0.742986 -0.011785
vn 0.987457 0.050629 -0.149550
vn 0.989153 0.005877 0.146771
vn 0.676997 0.680680 0.279910
vn 0.989153 0.005877 0.146771
vn 0.939946 -0.327512 0.096108
vn 0.798795 -0.319609 0.509683
vn 0.814666 -0.067136 0.576031
vn 0.814666 -0.067136 0.576031
vn 0.798795 -0.319609 0.509683
vn 0.490872 -0.241868 0.836986
vn 0.488255 -0.120829 0.864296
vn 0.488255 -0.120829 0.864296
vn 0.490872 -0.241868 0.836986
vn 0.236580 -0.159330 0.958459
vn 0.242346 -0.140546 0.959956
vn 0.242346 -0.140546 0.959956
vn 0.236580 -0.159330 0.958459
vn 0.023509 -0.080648 0.996465
vn 0.026215 -0.151830 0.988059
vn 0.026215 -0.151830 0.988059
vn 0.023509 -0.080648 0.996465
vn -0.184475 0.002966 0.982833
vn -0.185180 -0.157736 0.969963
vn -0.185180 -0.157736 0.969963
vn -0.184475 0.002966 0.982833
vn -0.387078 0.090164 0.917628
vn -0.402411 -0.157975 0.901726
vn -0.402411 -0.157975 0.901726
vn -0.387078 0.090164 0.917628
vn -0.627874 0.200403 0.752073
vn -0.672193 -0.140306 0.726960
vn -0.672193 -0.140306 0.726960
vn -0.627874 0.200403 0.752073
vn -0.845354 0.312194 0.433488
vn -0.905743 -0.092828 0.413537
vn -0.905743 -0.092828 0.413537
vn -0.845354 0.312194 0.433488
vn -0.924697 0.370379 0.088062
vn -0.996464 -0.033190 0.077181
vn -0.996464 -0.033190 0.077181
vn -0.924697 0.370379 0.088062
vn -0.900731 0.384790 -0.201543
vn -0.978377 0.024542 -0.205370
vn -0.978377 0.024542 -0.205370
vn -0.900731 0.384790 -0.201543
vn -0.795886 0.369761 -0.479419
vn -0.883436 0.085049 -0.460768
vn -0.883436 0.085049 -0.460768
vn -0.795886 0.369761 -0.479419
vn -0.579777 0.313884 -0.751888
vn -0.677257 0.161217 -0.717866
vn -0.677257 0.161217 -0.717866
vn -0.579777 0.313884 -0.751888
vn -0.334552 0.239493 -0.911437
vn -0.424922 0.214641 -0.879415
vn -0.424922 0.214641 -0.879415
vn -0.334552 0.239493 -0.911437
vn -0.096794 0.161971 -0.982037
vn -0.189355 0.235819 -0.953171
vn -0.189355 0.235819 -0.953171
vn -0.096794 0.161971 -0.982037
vn 0.169477 0.067997 -0.983186
vn 0.081206 0.241659 -0.966957
vn 0.081206 0.241659 -0.966957
vn 0.169477 0.067997 -0.983186
vn 0.478091 -0.053489 -0.876680
vn 0.410954 0.225919 -0.883220
vn 0.410954 0.225919 -0.883220
vn 0.478091 -0.053489 -0.876680
vn 0.756007 -0.181119 -0.629006
vn 0.744850 0.169712 -0.645287
vn 0.744850 0.169712 -0.645287
vn 0.756007 -0.181119 -0.629006
vn 0.890384 -0.258518 -0.374679
vn 0.923316 0.097681 -0.371410
vn 0.923316 0.097681 -0.371410
vn 0.890384 -0.258518 -0.374679
vn 0.938478 -0.298284 -0.174026
vn 0.987457 0.050629 -0.149550
vn 0.987457 0.050629 -0.149550
vn 0.938478 -0.298284 -0.174026
vn 0.939946 -0.327512 0.096108
vn 0.989153 0.005877 0.146771
vn 0.903648 0.386750 0.183967
vn -0.300919 0.952552 0.045753
vn 0.758825 0.294020 0.581151
vn 0.758825 0.294020 0.581151
vn -0.300919 0.952552 0.045753
vn 0.454594 0.148975 0.878152
vn 0.454594 0.148975 0.878152
vn -0.300919 0.952552 0.045753
vn 0.194721 0.034222 0.980262
vn 0.194721 0.034222 0.980262
vn -0.300919 0.952552 0.045753
vn -0.020076 -0.052445 0.998422
vn -0.020076 -0.052445 0.998422
vn -0.300919 0.952552 0.045753
vn -0.226728 -0.130566 0.965167
vn -0.226728 -0.130566 0.965167
vn -0.300919 0.952552 0.045753
vn -0.427034 -0.199009 0.882064
vn -0.427034 -0.199009 0.882064
vn -0.300919 0.952552 0.045753
vn -0.661451 -0.267196 0.700777
vn -0.661451 -0.267196 0.700777
vn -0.300919 0.952552 0.045753
vn -0.872119 -0.311727 0.377142
vn -0.872119 -0.311727 0.377142
vn -0.300919 0.952552 0.045753
vn -0.953020 -0.301481 0.029362
vn -0.953020 -0.301481 0.029362
vn -0.300919 0.952552 0.045753
vn -0.927983 -0.251344 -0.275088
vn -0.927983 -0.251344 -0.275088
vn -0.300919 0.952552 0.045753
vn -0.801281 -0.158909 -0.576799
vn -0.801281 -0.158909 -0.576799
vn -0.300919 0.952552 0.045753
vn -0.532873 -0.020112 -0.845956
vn -0.532873 -0.020112 -0.845956
vn -0.300919 0.952552 0.045753
vn -0.255199 0.099493 -0.961756
vn -0.255199 0.099493 -0.961756
vn -0.300919 0.952552 0.045753
vn -0.020687 0.192041 -0.981169
vn -0.020687 0.192041 -0.981169
vn -0.300919 0.952552 0.045753
vn 0.224022 0.278384 -0.933979
vn 0.224022 0.278384 -0.933979
vn -0.300919 0.952552 0.045753
vn 0.490585 0.357232 -0.794803
vn 0.490585 0.357232 -0.794803
vn -0.300919 0.952552 0.045753
vn 0.726644 0.410906 -0.550586
vn 0.726644 0.410906 -0.550586
vn -0.300919 0.952552 0.045753
vn 0.851346 0.428948 -0.302017
vn 0.851346 0.428948 -0.302017
vn -0.300919 0.952552 0.045753
vn 0.901951 0.421596 -0.093498
vn 0.901951 0.421596 -0.093498
vn -0.300919 0.952552 0.045753
vn 0.903648 0.386750 0.183967
vn -0.579777 0.313884 -0.751888
vn -0.542008 0.155360 -0.825888
vn -0.266075 0.147041 -0.952671
vn -0.334552 0.239493 -0.911437
vn -0.096794 0.161971 -0.982037
vn -0.334552 0.239493 -0.911437
vn -0.266075 0.147041 -0.952671
vn -0.024423 0.132920 -0.990826
vn 0.169477 0.067997 -0.983186
vn -0.096794 0.161971 -0.982037
vn -0.024423 0.132920 -0.990826
vn 0.234788 0.108724 -0.965947
vn 0.478091 -0.053489 -0.876680
vn 0.169477 0.067997 -0.983186
vn 0.234788 0.108724 -0.965947
vn 0.528813 0.066967 -0.846092
vn 0.756007 -0.181119 -0.629006
vn 0.478091 -0.053489 -0.876680
vn 0.528813 0.066967 -0.846092
vn 0.794735 0.014666 -0.606780
vn 0.890384 -0.258518 -0.374679
vn 0.756007 -0.181119 -0.629006
vn 0.794735 0.014666 -0.606780
vn 0.932548 -0.022684 -0.360332
vn 0.938478 -0.298284 -0.174026
vn 0.890384 -0.258518 -0.374679
vn 0.932548 -0.022684 -0.360332
vn 0.987120 -0.050337 -0.151854
vn 0.939946 -0.327512 0.096108
vn 0.938478 -0.298284 -0.174026
vn 0.987120 -0.050337 -0.151854
vn 0.987860 -0.082570 0.131588
vn 0.798795 -0.319609 0.509683
vn 0.939946 -0.327512 0.096108
vn 0.987860 -0.082570 0.131588
vn 0.830647 -0.112402 0.545335
vn 0.490872 -0.241868 0.836986
vn 0.798795 -0.319609 0.509683
vn 0.830647 -0.112402 0.545335
vn 0.493824 -0.118236 0.861486
vn 0.236580 -0.159330 0.958459
vn 0.490872 -0.241868 0.836986
vn 0.493824 -0.118236 0.861486
vn 0.216659 -0.108528 0.970196
vn 0.023509 -0.080648 0.996465
vn 0.236580 -0.159330 0.958459
vn 0.216659 -0.108528 0.970196
vn -0.003670 -0.093728 0.995591
vn -0.184475 0.002966 0.982833
vn 0.023509 -0.080648 0.996465
vn -0.003670 -0.093728 0.995591
vn -0.214371 -0.073598 0.973976
vn -0.387078 0.090164 0.917628
vn -0.184475 0.002966 0.982833
vn -0.214371 -0.073598 0.973976
vn -0.419018 -0.048153 0.906700
vn -0.627874 0.200403 0.752073
vn -0.387078 0.090164 0.917628
vn -0.419018 -0.048153 0.906700
vn -0.663715 -0.008667 0.747936
vn -0.845354 0.312194 0.433488
vn -0.627874 0.200403 0.752073
vn -0.663715 -0.008667 0.747936
vn -0.900856 0.048292 0.431423
vn -0.924697 0.370379 0.088062
vn -0.845354 0.312194 0.433488
vn -0.900856 0.048292 0.431423
vn -0.992940 0.096810 0.068547
vn -0.900731 0.384790 -0.201543
vn -0.924697 0.370379 0.088062
vn -0.992940 0.096810 0.068547
vn -0.959993 0.129558 -0.248250
vn -0.795886 0.369761 -0.479419
vn -0.900731 0.384790 -0.201543
vn -0.959993 0.129558 -0.248250
vn -0.817717 0.150958 -0.555473
vn -0.579777 0.313884 -0.751888
vn -0.795886 0.369761 -0.479419
vn -0.817717 0.150958 -0.555473
vn -0.542008 0.155360 -0.825888
vn -0.024423 0.132920 -0.990826
vn -0.266075 0.147041 -0.952671
vn -0.255199 0.099493 -0.961756
vn -0.020687 0.192041 -0.981169
vn 0.234788 0.108724 -0.965947
vn -0.024423 0.132920 -0.990826
vn -0.020687 0.192041 -0.981169
vn 0.224022 0.278384 -0.933979
vn 0.528813 0.066967 -0.846092
vn 0.234788 0.108724 -0.965947
vn 0.224022 0.278384 -0.933979
vn 0.490585 0.357232 -0.794803
vn 0.794735 0.014666 -0.606780
vn 0.528813 0.066967 -0.846092
vn 0.490585 0.357232 -0.794803
vn 0.726644 0.410906 -0.550586
vn 0.932548 -0.022684 -0.360332
vn 0.794735 0.014666 -0.606780
vn 0.726644 0.410906 -0.550586
vn 0.851346 0.428948 -0.302017
vn 0.987120 -0.050337 -0.151854
vn 0.932548 -0.022684 -0.360332
vn 0.851346 0.428948 -0.302017
vn 0.901951 0.421596 -0.093498
vn 0.987860 -0.082570 0.131588
vn 0.987120 -0.050337 -0.151854
vn 0.901951 0.421596 -0.093498
vn 0.903648 0.386750 0.183967
vn 0.830647 -0.112402 0.545335
vn 0.987860 -0.082570 0.131588
vn 0.903648 0.386750 0.183967
vn 0.758825 0.294020 0.581151
vn 0.493824 -0.118236 0.861486
vn 0.830647 -0.112402 0.545335
vn 0.758825 0.294020 0.581151
vn 0.454594 0.148975 0.878152
vn 0.216659 -0.108528 0.970196
vn 0.493824 -0.118236 0.861486
vn 0.454594 0.148975 0.878152
vn 0.194721 0.034222 0.980262
vn -0.003670 -0.093728 0.995591
vn 0.216659 -0.108528 0.970196
vn 0.194721 0.034222 0.980262
vn -0.020076 -0.052445 0.998422
vn -0.214371 -0.073598 0.973976
vn -0.003670 -0.093728 0.995591
vn -0.020076 -0.052445 0.998422
vn -0.226728 -0.130566 0.965167
vn -0.419018 -0.048153 0.906700
vn -0.214371 -0.073598 0.973976
vn -0.226728 -0.130566 0.965167
vn -0.427034 -0.199009 0.882064
vn -0.663715 -0.008667 0.747936
vn -0.419018 -0.048153 0.906700
vn -0.427034 -0.199009 0.882064
vn -0.661451 -0.267196 0.700777
vn -0.900856 0.048292 0.431423
vn -0.663715 -0.008667 0.747936
vn -0.661451 -0.267196 0.700777
vn -0.872119 -0.311727 0.377142
vn -0.992940 0.096810 0.068547
vn -0.900856 0.048292 0.431423
vn -0.872119 -0.311727 0.377142
vn -0.953020 -0.301481 0.029362
vn -0.959993 0.129558 -0.248250
vn -0.992940 0.096810 0.068547
vn -0.953020 -0.301481 0.029362
vn -0.927983 -0.251344 -0.275088
vn -0.817717 0.150958 -0.555473
vn -0.959993 0.129558 -0.248250
vn -0.927983 -0.251344 -0.275088
vn -0.801281 -0.158909 -0.576799
vn -0.542008 0.155360 -0.825888
vn -0.817717 0.150958 -0.555473
vn -0.801281 -0.158909 -0.576799
vn -0.532873 -0.020112 -0.845956
vn -0.266075 0.147041 -0.952671
vn -0.542008 0.155360 -0.825888
vn -0.532873 -0.020112 -0.845956
vn -0.255199 0.099493 -0.961756
vn 0.412013 -0.843251 -0.345214
vn 0.385218 -0.705972 -0.594316
vn 0.575978 -0.533939 -0.618998
vn 0.648282 -0.666006 -0.369008
vn 0.385218 -0.705972 -0.594316
vn 0.333345 -0.521808 -0.785237
vn 0.468405 -0.368317 -0.803081
vn 0.575978 -0.533939 -0.618998
vn 0.333345 -0.521808 -0.785237
vn 0.261045 -0.301678 -0.916977
vn 0.334758 -0.181063 -0.924745
vn 0.468405 -0.368317 -0.803081
vn 0.261045 -0.301678 -0.916977
vn 0.172099 -0.054725 -0.983558
vn 0.178702 0.019820 -0.983704
vn 0.334758 -0.181063 -0.924745
vn 0.172099 -0.054725 -0.983558
vn 0.068857 0.213683 -0.974473
vn -0.001876 0.231257 -0.972891
vn 0.178702 0.019820 -0.983704
vn 0.068857 0.213683 -0.974473
vn -0.045851 0.493097 -0.868765
vn -0.211685 0.446749 -0.869255
vn -0.001876 0.231257 -0.972891
vn -0.045851 0.493097 -0.868765
vn -0.155800 0.738612 -0.655880
vn -0.427247 0.628516 -0.649945
vn -0.211685 0.446749 -0.869255
vn -0.155800 0.738612 -0.655880
vn -0.241623 0.901962 -0.357888
vn -0.601467 0.728847 -0.327139
vn -0.427247 0.628516 -0.649945
vn -0.241623 0.901962 -0.357888
vn -0.290394 0.956743 -0.017708
vn -0.689238 0.723237 0.043351
vn -0.601467 0.728847 -0.327139
vn -0.290394 0.956743 -0.017708
vn -0.296899 0.898134 0.324355
vn -0.674837 0.622167 0.396867
vn -0.689238 0.723237 0.043351
vn -0.296899 0.898134 0.324355
vn -0.264852 0.749146 0.607152
vn -0.583014 0.468578 0.663724
vn -0.674837 0.622167 0.396867
vn -0.264852 0.749146 0.607152
vn -0.206944 0.545700 0.812025
vn -0.450245 0.297945 0.841729
vn -0.583014 0.468578 0.663724
vn -0.206944 0.545700 0.812025
vn -0.131436 0.306215 0.942845
vn -0.292983 0.119803 0.948582
vn -0.450245 0.297945 0.841729
vn -0.131436 0.306215 0.942845
vn -0.038615 0.032735 0.998718
vn -0.110740 -0.073281 0.991144
vn -0.292983 0.119803 0.948582
vn -0.038615 0.032735 0.998718
vn 0.069747 -0.262497 0.962409
vn 0.095008 -0.280246 0.955215
vn -0.110740 -0.073281 0.991144
vn 0.069747 -0.262497 0.962409
vn 0.177938 -0.531085 0.828424
vn 0.295985 -0.473916 0.829335
vn 0.095008 -0.280246 0.955215
vn 0.177938 -0.531085 0.828424
vn 0.281962 -0.754782 0.592285
vn 0.481175 -0.640086 0.598967
vn 0.295985 -0.473916 0.829335
vn 0.281962 -0.754782 0.592285
vn 0.360785 -0.886121 0.290903
vn 0.608203 -0.738482 0.291091
vn 0.481175 -0.640086 0.598967
vn 0.360785 -0.886121 0.290903
vn 0.406043 -0.912945 -0.040758
vn 0.666049 -0.743836 -0.055567
vn 0.608203 -0.738482 0.291091
vn 0.406043 -0.912945 -0.040758
vn 0.412013 -0.843251 -0.345214
vn 0.648282 -0.666006 -0.369008
vn 0.666049 -0.743836 -0.055567
vn 0.648282 -0.666006 -0.369008
vn 0.575978 -0.533939 -0.618998
vn 0.562308 -0.522113 -0.641255
vn 0.656740 -0.657352 -0.369568
vn 0.575978 -0.533939 -0.618998
vn 0.468405 -0.368317 -0.803081
vn 0.424314 -0.342091 -0.838410
vn 0.562308 -0.522113 -0.641255
vn 0.468405 -0.368317 -0.803081
vn 0.334758 -0.181063 -0.924745
vn 0.256359 -0.135824 -0.956991
vn 0.424314 -0.342091 -0.838410
vn 0.334758 -0.181063 -0.924745
vn 0.178702 0.019820 -0.983704
vn 0.069829 0.079484 -0.994387
vn 0.256359 -0.135824 -0.956991
vn 0.178702 0.019820 -0.983704
vn -0.001876 0.231257 -0.972891
vn -0.132498 0.297639 -0.945439
vn 0.069829 0.079484 -0.994387
vn -0.001876 0.231257 -0.972891
vn -0.211685 0.446749 -0.869255
vn -0.338270 0.499084 -0.797802
vn -0.132498 0.297639 -0.945439
vn -0.211685 0.446749 -0.869255
vn -0.427247 0.628516 -0.649945
vn -0.515286 0.651265 -0.557077
vn -0.338270 0.499084 -0.797802
vn -0.427247 0.628516 -0.649945
vn -0.601467 0.728847 -0.327139
vn -0.631769 0.732451 -0.253739
vn -0.515286 0.651265 -0.557077
vn -0.601467 0.728847 -0.327139
vn -0.689238 0.723237 0.043351
vn -0.672995 0.736200 0.071330
vn -0.631769 0.732451 -0.253739
vn -0.689238 0.723237 0.043351
vn -0.674837 0.622167 0.396867
vn -0.640004 0.664882 0.385131
vn -0.672995 0.736200 0.071330
vn -0.674837 0.622167 0.396867
vn -0.583014 0.468578 0.663724
vn -0.546324 0.539384 0.640777
vn -0.640004 0.664882 0.385131
vn -0.583014 0.468578 0.663724
vn -0.450245 0.297945 0.841729
vn -0.412652 0.380068 0.827808
vn -0.546324 0.539384 0.640777
vn -0.450245 0.297945 0.841729
vn -0.292983 0.119803 0.948582
vn -0.250768 0.199254 0.947319
vn -0.412652 0.380068 0.827808
vn -0.292983 0.119803 0.948582
vn -0.110740 -0.073281 0.991144
vn -0.063492 -0.000433 0.997982
vn -0.250768 0.199254 0.947319
vn -0.110740 -0.073281 0.991144
vn 0.095008 -0.280246 0.955215
vn 0.144154 -0.216956 0.965479
vn -0.063492 -0.000433 0.997982
vn 0.095008 -0.280246 0.955215
vn 0.295985 -0.473916 0.829335
vn 0.343624 -0.421676 0.839114
vn 0.144154 -0.216956 0.965479
vn 0.295985 -0.473916 0.829335
vn 0.481175 -0.640086 0.598967
vn 0.516946 -0.593301 0.617058
vn 0.343624 -0.421676 0.839114
vn 0.481175 -0.640086 0.598967
vn 0.608203 -0.738482 0.291091
vn 0.638322 -0.703529 0.312397
vn 0.516946 -0.593301 0.617058
vn 0.608203 -0.738482 0.291091
vn 0.666049 -0.743836 -0.055567
vn 0.686768 -0.725909 -0.037486
vn 0.638322 -0.703529 0.312397
vn 0.666049 -0.743836 -0.055567
vn 0.648282 -0.666006 -0.369008
vn 0.656740 -0.657352 -0.369568
vn 0.686768 -0.725909 -0.037486
vn 0.656740 -0.657352 -0.369568
vn 0.562308 -0.522113 -0.641255
vn 0.339112 -0.715092 -0.611266
vn 0.437073 -0.832439 -0.340605
vn 0.562308 -0.522113 -0.641255
vn 0.424314 -0.342091 -0.838410
vn 0.218411 -0.530244 -0.819230
vn 0.339112 -0.715092 -0.611266
vn 0.424314 -0.342091 -0.838410
vn 0.256359 -0.135824 -0.956991
vn 0.085032 -0.296477 -0.951247
vn 0.218411 -0.530244 -0.819230
vn 0.256359 -0.135824 -0.956991
vn 0.069829 0.079484 -0.994387
vn -0.050072 -0.035736 -0.998106
vn 0.085032 -0.296477 -0.951247
vn 0.069829 0.079484 -0.994387
vn -0.132498 0.297639 -0.945439
vn -0.179803 0.237218 -0.954672
vn -0.050072 -0.035736 -0.998106
vn -0.132498 0.297639 -0.945439
vn -0.338270 0.499084 -0.797802
vn -0.293830 0.503250 -0.812652
vn -0.179803 0.237218 -0.954672
vn -0.338270 0.499084 -0.797802
vn -0.515286 0.651265 -0.557077
vn -0.372920 0.721754 -0.583097
vn -0.293830 0.503250 -0.812652
vn -0.515286 0.651265 -0.557077
vn -0.631769 0.732451 -0.253739
vn -0.406015 0.865096 -0.294552
vn -0.372920 0.721754 -0.583097
vn -0.631769 0.732451 -0.253739
vn -0.672995 0.736200 0.071330
vn -0.390986 0.920264 0.015603
vn -0.406015 0.865096 -0.294552
vn -0.672995 0.736200 0.071330
vn -0.640004 0.664882 0.385131
vn -0.330675 0.887303 0.321476
vn -0.390986 0.920264 0.015603
vn -0.640004 0.664882 0.385131
vn -0.546324 0.539384 0.640777
vn -0.235294 0.776492 0.584549
vn -0.330675 0.887303 0.321476
vn -0.546324 0.539384 0.640777
vn -0.412652 0.380068 0.827808
vn -0.115197 0.602514 0.789751
vn -0.235294 0.776492 0.584549
vn -0.412652 0.380068 0.827808
vn -0.250768 0.199254 0.947319
vn 0.021121 0.377658 0.925704
vn -0.115197 0.602514 0.789751
vn -0.250768 0.199254 0.947319
vn -0.063492 -0.000433 0.997982
vn 0.167440 0.108427 0.979902
vn 0.021121 0.377658 0.925704
vn -0.063492 -0.000433 0.997982
vn 0.144154 -0.216956 0.965479
vn 0.308996 -0.183811 0.933132
vn 0.167440 0.108427 0.979902
vn 0.144154 -0.216956 0.965479
vn 0.343624 -0.421676 0.839114
vn 0.419888 -0.446550 0.790118
vn 0.308996 -0.183811 0.933132
vn 0.343624 -0.421676 0.839114
vn 0.516946 -0.593301 0.617058
vn 0.493685 -0.662789 0.563015
vn 0.419888 -0.446550 0.790118
vn 0.516946 -0.593301 0.617058
vn 0.638322 -0.703529 0.312397
vn 0.521678 -0.804649 0.283535
vn 0.493685 -0.662789 0.563015
vn 0.638322 -0.703529 0.312397
vn 0.686768 -0.725909 -0.037486
vn 0.501946 -0.864441 -0.028126
vn 0.521678 -0.804649 0.283535
vn 0.686768 -0.725909 -0.037486
vn 0.656740 -0.657352 -0.369568
vn 0.437073 -0.832439 -0.340605
vn 0.501946 -0.864441 -0.028126
vn 0.437073 -0.832439 -0.340605
vn 0.339112 -0.715092 -0.611266
vn 0.572639 -0.480082 -0.664534
vn 0.723858 -0.563772 -0.397732
vn 0.339112 -0.715092 -0.611266
vn 0.218411 -0.530244 -0.819230
vn 0.381339 -0.351731 -0.854907
vn 0.572639 -0.480082 -0.664534
vn 0.218411 -0.530244 -0.819230
vn 0.085032 -0.296477 -0.951247
vn 0.171196 -0.195933 -0.965558
vn 0.381339 -0.351731 -0.854907
vn 0.085032 -0.296477 -0.951247
vn -0.050072 -0.035736 -0.998106
vn -0.042207 -0.026676 -0.998753
vn 0.171196 -0.195933 -0.965558
vn -0.050072 -0.035736 -0.998106
vn -0.179803 0.237218 -0.954672
vn -0.254258 0.152569 -0.955027
vn -0.042207 -0.026676 -0.998753
vn -0.179803 0.237218 -0.954672
vn -0.293830 0.503250 -0.812652
vn -0.458967 0.337105 -0.822016
vn -0.254258 0.152569 -0.955027
vn -0.293830 0.503250 -0.812652
vn -0.372920 0.721754 -0.583097
vn -0.625828 0.504021 -0.595233
vn -0.458967 0.337105 -0.822016
vn -0.372920 0.721754 -0.583097
vn -0.406015 0.865096 -0.294552
vn -0.723217 0.627592 -0.288246
vn -0.625828 0.504021 -0.595233
vn -0.406015 0.865096 -0.294552
vn -0.390986 0.920264 0.015603
vn -0.727001 0.684204 0.057736
vn -0.723217 0.627592 -0.288246
vn -0.390986 0.920264 0.015603
vn -0.330675 0.887303 0.321476
vn -0.634832 0.664617 0.394047
vn -0.727001 0.684204 0.057736
vn -0.330675 0.887303 0.321476
vn -0.235294 0.776492 0.584549
vn -0.470098 0.578913 0.666234
vn -0.634832 0.664617 0.394047
vn -0.235294 0.776492 0.584549
vn -0.115197 0.602514 0.789751
vn -0.262919 0.446838 0.855108
vn -0.470098 0.578913 0.666234
vn -0.115197 0.602514 0.789751
vn 0.021121 0.377658 0.925704
vn -0.035652 0.284244 0.958089
vn -0.262919 0.446838 0.855108
vn 0.021121 0.377658 0.925704
vn 0.167440 0.108427 0.979902
vn 0.199658 0.099139 0.974837
vn -0.035652 0.284244 0.958089
vn 0.167440 0.108427 0.979902
vn 0.308996 -0.183811 0.933132
vn 0.423880 -0.096141 0.900601
vn 0.199658 0.099139 0.974837
vn 0.308996 -0.183811 0.933132
vn 0.419888 -0.446550 0.790118
vn 0.604965 -0.273013 0.747984
vn 0.423880 -0.096141 0.900601
vn 0.419888 -0.446550 0.790118
vn 0.493685 -0.662789 0.563015
vn 0.740620 -0.425459 0.520064
vn 0.604965 -0.273013 0.747984
vn 0.493685 -0.662789 0.563015
vn 0.521678 -0.804649 0.283535
vn 0.811463 -0.532424 0.240941
vn 0.740620 -0.425459 0.520064
vn 0.521678 -0.804649 0.283535
vn 0.501946 -0.864441 -0.028126
vn 0.809138 -0.582797 -0.075129
vn 0.811463 -0.532424 0.240941
vn 0.501946 -0.864441 -0.028126
vn 0.437073 -0.832439 -0.340605
vn 0.723858 -0.563772 -0.397732
vn 0.809138 -0.582797 -0.075129
vn 0.723858 -0.563772 -0.397732
vn 0.572639 -0.480082 -0.664534
vn 0.513938 0.856824 -0.041475
vn 0.572639 -0.480082 -0.664534
vn 0.381339 -0.351731 -0.854907
vn 0.513938 0.856824 -0.041475
vn 0.381339 -0.351731 -0.854907
vn 0.171196 -0.195933 -0.965558
vn 0.513938 0.856824 -0.041475
vn 0.171196 -0.195933 -0.965558
vn -0.042207 -0.026676 -0.998753
vn 0.513938 0.856824 -0.041475
vn -0.042207 -0.026676 -0.998753
vn -0.254258 0.152569 -0.955027
vn 0.513938 0.856824 -0.041475
vn -0.254258 0.152569 -0.955027
vn -0.458967 0.337105 -0.822016
vn 0.513938 0.856824 -0.041475
vn -0.458967 0.337105 -0.822016
vn -0.625828 0.504021 -0.595233
vn 0.513938 0.856824 -0.041475
vn -0.625828 0.504021 -0.595233
vn -0.723217 0.627592 -0.288246
vn 0.513938 0.856824 -0.041475
vn -0.723217 0.627592 -0.288246
vn -0.727001 0.684204 0.057736
vn 0.513938 0.856824 -0.041475
vn -0.727001 0.684204 0.057736
vn -0.634832 0.664617 0.394047
vn 0.513938 0.856824 -0.041475
vn -0.634832 0.664617 0.394047
vn -0.470098 0.578913 0.666234
vn 0.513938 0.856824 -0.041475
vn -0.470098 0.578913 0.666234
vn -0.262919 0.446838 0.855108
vn 0.513938 0.856824 -0.041475
vn -0.262919 0.446838 0.855108
vn -0.035652 0.284244 0.958089
vn 0.513938 0.856824 -0.041475
vn -0.035652 0.284244 0.958089
vn 0.199658 0.099139 0.974837
vn 0.513938 0.856824 -0.041475
vn 0.199658 0.099139 0.974837
vn 0.423880 -0.096141 0.900601
vn 0.513938 0.856824 -0.041475
vn 0.423880 -0.096141 0.900601
vn 0.604965 -0.273013 0.747984
vn 0.513938 0.856824 -0.041475
vn 0.604965 -0.273013 0.747984
vn 0.740620 -0.425459 0.520064
vn 0.513938 0.856824 -0.041475
vn 0.740620 -0.425459 0.520064
vn 0.811463 -0.532424 0.240941
vn 0.513938 0.856824 -0.041475
vn 0.811463 -0.532424 0.240941
vn 0.809138 -0.582797 -0.075129
vn 0.513938 0.856824 -0.041475
vn 0.809138 -0.582797 -0.075129
vn 0.723858 -0.563772 -0.397732
vn 0.513938 0.856824 -0.041475
vn 0.445770 0.618842 -0.646780
vn 0.600464 0.631641 -0.490381
vn 0.798242 0.253076 -0.546592
vn 0.637723 0.231400 -0.734686
vn 0.637723 0.231400 -0.734686
vn 0.798242 0.253076 -0.546592
vn 0.851591 -0.158743 -0.499593
vn 0.710043 -0.181907 -0.680256
vn 0.710043 -0.181907 -0.680256
vn 0.851591 -0.158743 -0.499593
vn 0.804547 -0.425552 -0.414257
vn 0.693558 -0.441105 -0.569564
vn 0.693558 -0.441105 -0.569564
vn 0.804547 -0.425552 -0.414257
vn 0.721741 -0.613854 -0.319802
vn 0.641442 -0.627340 -0.441583
vn 0.641442 -0.627340 -0.441583
vn 0.721741 -0.613854 -0.319802
vn 0.598414 -0.772380 -0.212908
vn 0.553817 -0.780543 -0.289895
vn 0.553817 -0.780543 -0.289895
vn 0.598414 -0.772380 -0.212908
vn 0.438969 -0.893136 -0.098056
vn 0.430353 -0.894591 -0.120433
vn 0.430353 -0.894591 -0.120433
vn 0.438969 -0.893136 -0.098056
vn 0.191043 -0.980276 0.050601
vn 0.224057 -0.968523 0.108453
vn 0.224057 -0.968523 0.108453
vn 0.191043 -0.980276 0.050601
vn -0.168979 -0.959723 0.224451
vn -0.073854 -0.922982 0.377691
vn -0.073854 -0.922982 0.377691
vn -0.168979 -0.959723 0.224451
vn -0.482884 -0.801552 0.352614
vn -0.340198 -0.747871 0.570048
vn -0.340198 -0.747871 0.570048
vn -0.482884 -0.801552 0.352614
vn -0.695887 -0.577681 0.426644
vn -0.530149 -0.516673 0.672303
vn -0.530149 -0.516673 0.672303
vn -0.695887 -0.577681 0.426644
vn -0.845483 -0.272606 0.459179
vn -0.671034 -0.216528 0.709105
vn -0.671034 -0.216528 0.709105
vn -0.845483 -0.272606 0.459179
vn -0.895749 0.122428 0.427371
vn -0.737080 0.151399 0.658628
vn -0.737080 0.151399 0.658628
vn -0.895749 0.122428 0.427371
vn -0.836785 0.411984 0.360637
vn -0.711956 0.426231 0.558073
vn -0.711956 0.426231 0.558073
vn -0.836785 0.411984 0.360637
vn -0.739384 0.605967 0.293453
vn -0.647539 0.612914 0.452803
vn -0.647539 0.612914 0.452803
vn -0.739384 0.605967 0.293453
vn -0.596027 0.777693 0.199866
vn -0.544403 0.776371 0.317607
vn -0.544403 0.776371 0.317607
vn -0.596027 0.777693 0.199866
vn -0.360674 0.931480 0.047533
vn -0.370675 0.922034 0.111594
vn -0.370675 0.922034 0.111594
vn -0.360674 0.931480 0.047533
vn -0.042010 0.986966 -0.155349
vn -0.114892 0.979898 -0.163095
vn -0.114892 0.979898 -0.163095
vn -0.042010 0.986966 -0.155349
vn 0.210728 0.930143 -0.300712
vn 0.109127 0.919127 -0.378545
vn 0.109127 0.919127 -0.378545
vn 0.210728 0.930143 -0.300712
vn 0.393726 0.830184 -0.394683
vn 0.266928 0.814778 -0.514671
vn 0.266928 0.814778 -0.514671
vn 0.393726 0.830184 -0.394683
vn 0.600464 0.631641 -0.490381
vn 0.445770 0.618842 -0.646780
vn 0.600464 0.631641 -0.490381
vn 0.820457 0.571664 0.007085
vn 0.968659 0.244386 -0.044451
vn 0.798242 0.253076 -0.546592
vn 0.798242 0.253076 -0.546592
vn 0.968659 0.244386 -0.044451
vn 0.987521 -0.136139 -0.079176
vn 0.851591 -0.158743 -0.499593
vn 0.851591 -0.158743 -0.499593
vn 0.987521 -0.136139 -0.079176
vn 0.909430 -0.403194 -0.101846
vn 0.804547 -0.425552 -0.414257
vn 0.804547 -0.425552 -0.414257
vn 0.909430 -0.403194 -0.101846
vn 0.790760 -0.600721 -0.117609
vn 0.721741 -0.613854 -0.319802
vn 0.721741 -0.613854 -0.319802
vn 0.790760 -0.600721 -0.117609
vn 0.612873 -0.778029 -0.138050
vn 0.598414 -0.772380 -0.212908
vn 0.598414 -0.772380 -0.212908
vn 0.612873 -0.778029 -0.138050
vn 0.373444 -0.913637 -0.160643
vn 0.438969 -0.893136 -0.098056
vn 0.438969 -0.893136 -0.098056
vn 0.373444 -0.913637 -0.160643
vn 0.003749 -0.984163 -0.177228
vn 0.191043 -0.980276 0.050601
vn 0.191043 -0.980276 0.050601
vn 0.003749 -0.984163 -0.177228
vn -0.443583 -0.879728 -0.171209
vn -0.168979 -0.959723 0.224451
vn -0.168979 -0.959723 0.224451
vn -0.443583 -0.879728 -0.171209
vn -0.729293 -0.670779 -0.134864
vn -0.482884 -0.801552 0.352614
vn -0.482884 -0.801552 0.352614
vn -0.729293 -0.670779 -0.134864
vn -0.886057 -0.455926 -0.083873
vn -0.695887 -0.577681 0.426644
vn -0.695887 -0.577681 0.426644
vn -0.886057 -0.455926 -0.083873
vn -0.982548 -0.185381 -0.015297
vn -0.845483 -0.272606 0.459179
vn -0.845483 -0.272606 0.459179
vn -0.982548 -0.185381 -0.015297
vn -0.983823 0.163840 0.072456
vn -0.895749 0.122428 0.427371
vn -0.895749 0.122428 0.427371
vn -0.983823 0.163840 0.072456
vn -0.893685 0.428599 0.132780
vn -0.836785 0.411984 0.360637
vn -0.836785 0.411984 0.360637
vn -0.893685 0.428599 0.132780
vn -0.765098 0.621107 0.169856
vn -0.739384 0.605967 0.293453
vn -0.739384 0.605967 0.293453
vn -0.765098 0.621107 0.169856
vn -0.564083 0.803081 0.192019
vn -0.596027 0.777693 0.199866
vn -0.596027 0.777693 0.199866
vn -0.564083 0.803081 0.192019
vn -0.241451 0.952238 0.186935
vn -0.360674 0.931480 0.047533
vn -0.360674 0.931480 0.047533
vn -0.241451 0.952238 0.186935
vn 0.156887 0.977301 0.142369
vn -0.042010 0.986966 -0.155349
vn -0.042010 0.986966 -0.155349
vn 0.156887 0.977301 0.142369
vn 0.450891 0.887433 0.095709
vn 0.210728 0.930143 -0.300712
vn 0.210728 0.930143 -0.300712
vn 0.450891 0.887433 0.095709
vn 0.642410 0.764285 0.056373
vn 0.393726 0.830184 -0.394683
vn 0.393726 0.830184 -0.394683
vn 0.642410 0.764285 0.056373
vn 0.820457 0.571664 0.007085
vn 0.600464 0.631641 -0.490381
vn 0.820457 0.571664 0.007085
vn 0.851656 0.505529 0.138286
vn 0.984960 0.164991 0.051302
vn 0.968659 0.244386 -0.044451
vn 0.968659 0.244386 -0.044451
vn 0.984960 0.164991 0.051302
vn 0.975570 -0.214533 -0.047321
vn 0.987521 -0.136139 -0.079176
vn 0.987521 -0.136139 -0.079176
vn 0.975570 -0.214533 -0.047321
vn 0.876818 -0.467839 -0.110984
vn 0.909430 -0.403194 -0.101846
vn 0.909430 -0.403194 -0.101846
vn 0.876818 -0.467839 -0.110984
vn 0.736983 -0.657199 -0.157942
vn 0.790760 -0.600721 -0.117609
vn 0.790760 -0.600721 -0.117609
vn 0.736983 -0.657199 -0.157942
vn 0.546265 -0.813965 -0.197622
vn 0.612873 -0.778029 -0.138050
vn 0.612873 -0.778029 -0.138050
vn 0.546265 -0.813965 -0.197622
vn 0.304027 -0.925432 -0.226149
vn 0.373444 -0.913637 -0.160643
vn 0.373444 -0.913637 -0.160643
vn 0.304027 -0.925432 -0.226149
vn -0.061913 -0.969328 -0.237843
vn 0.003749 -0.984163 -0.177228
vn 0.003749 -0.984163 -0.177228
vn -0.061913 -0.969328 -0.237843
vn -0.466604 -0.860784 -0.203303
vn -0.443583 -0.879728 -0.171209
vn -0.443583 -0.879728 -0.171209
vn -0.466604 -0.860784 -0.203303
vn -0.737375 -0.660068 -0.143489
vn -0.729293 -0.670779 -0.134864
vn -0.729293 -0.670779 -0.134864
vn -0.737375 -0.660068 -0.143489
vn -0.893411 -0.441932 -0.080701
vn -0.886057 -0.455926 -0.083873
vn -0.886057 -0.455926 -0.083873
vn -0.893411 -0.441932 -0.080701
vn -0.984181 -0.177144 -0.002891
vn -0.982548 -0.185381 -0.015297
vn -0.982548 -0.185381 -0.015297
vn -0.984181 -0.177144 -0.002891
vn -0.981374 0.166554 0.095738
vn -0.983823 0.163840 0.072456
vn -0.983823 0.163840 0.072456
vn -0.981374 0.166554 0.095738
vn -0.880782 0.441220 0.171895
vn -0.893685 0.428599 0.132780
vn -0.893685 0.428599 0.132780
vn -0.880782 0.441220 0.171895
vn -0.747803 0.626512 0.219714
vn -0.765098 0.621107 0.169856
vn -0.765098 0.621107 0.169856
vn -0.747803 0.626512 0.219714
vn -0.547720 0.795507 0.259173
vn -0.564083 0.803081 0.192019
vn -0.564083 0.803081 0.192019
vn -0.547720 0.795507 0.259173
vn -0.228410 0.931079 0.284466
vn -0.241451 0.952238 0.186935
vn -0.241451 0.952238 0.186935
vn -0.228410 0.931079 0.284466
vn 0.180555 0.944748 0.273591
vn 0.156887 0.977301 0.142369
vn 0.156887 0.977301 0.142369
vn 0.180555 0.944748 0.273591
vn 0.487634 0.841165 0.233783
vn 0.450891 0.887433 0.095709
vn 0.450891 0.887433 0.095709
vn 0.487634 0.841165 0.233783
vn 0.679599 0.708026 0.191950
vn 0.642410 0.764285 0.056373
vn 0.642410 0.764285 0.056373
vn 0.679599 0.708026 0.191950
vn 0.851656 0.505529 0.138286
vn 0.820457 0.571664 0.007085
vn 0.851656 0.505529 0.138286
vn 0.782609 0.600371 -0.164554
vn 0.955332 0.183847 -0.231389
vn 0.984960 0.164991 0.051302
vn 0.984960 0.164991 0.051302
vn 0.955332 0.183847 -0.231389
vn 0.934741 -0.252864 -0.249638
vn 0.975570 -0.214533 -0.047321
vn 0.975570 -0.214533 -0.047321
vn 0.934741 -0.252864 -0.249638
vn 0.831752 -0.504934 -0.230719
vn 0.876818 -0.467839 -0.110984
vn 0.876818 -0.467839 -0.110984
vn 0.831752 -0.504934 -0.230719
vn 0.705303 -0.681763 -0.194288
vn 0.736983 -0.657199 -0.157942
vn 0.736983 -0.657199 -0.157942
vn 0.705303 -0.681763 -0.194288
vn 0.551511 -0.821470 -0.144993
vn 0.546265 -0.813965 -0.197622
vn 0.546265 -0.813965 -0.197622
vn 0.551511 -0.821470 -0.144993
vn 0.362463 -0.928486 -0.080829
vn 0.304027 -0.925432 -0.226149
vn 0.304027 -0.925432 -0.226149
vn 0.362463 -0.928486 -0.080829
vn 0.067452 -0.997543 0.018905
vn -0.061913 -0.969328 -0.237843
vn -0.061913 -0.969328 -0.237843
vn 0.067452 -0.997543 0.018905
vn -0.304731 -0.941590 0.143346
vn -0.466604 -0.860784 -0.203303
vn -0.466604 -0.860784 -0.203303
vn -0.304731 -0.941590 0.143346
vn -0.599649 -0.762490 0.242961
vn -0.737375 -0.660068 -0.143489
vn -0.737375 -0.660068 -0.143489
vn -0.599649 -0.762490 0.242961
vn -0.790250 -0.530906 0.306013
vn -0.893411 -0.441932 -0.080701
vn -0.893411 -0.441932 -0.080701
vn -0.790250 -0.530906 0.306013
vn -0.907486 -0.237105 0.346772
vn -0.984181 -0.177144 -0.002891
vn -0.984181 -0.177144 -0.002891
vn -0.907486 -0.237105 0.346772
vn -0.923929 0.139558 0.356201
vn -0.981374 0.166554 0.095738
vn -0.981374 0.166554 0.095738
vn -0.923929 0.139558 0.356201
vn -0.839617 0.434077 0.326530
vn -0.880782 0.441220 0.171895
vn -0.880782 0.441220 0.171895
vn -0.839617 0.434077 0.326530
vn -0.724919 0.626126 0.287158
vn -0.747803 0.626512 0.219714
vn -0.747803 0.626512 0.219714
vn -0.724919 0.626126 0.287158
vn -0.559973 0.793523 0.238224
vn -0.547720 0.795507 0.259173
vn -0.547720 0.795507 0.259173
vn -0.559973 0.793523 0.238224
vn -0.302557 0.938062 0.168816
vn -0.228410 0.931079 0.284466
vn -0.228410 0.931079 0.284466
vn -0.302557 0.938062 0.168816
vn 0.057270 0.996208 0.065504
vn 0.180555 0.944748 0.273591
vn 0.180555 0.944748 0.273591
vn 0.057270 0.996208 0.065504
vn 0.364732 0.930649 -0.029383
vn 0.487634 0.841165 0.233783
vn 0.487634 0.841165 0.233783
vn 0.364732 0.930649 -0.029383
vn 0.573773 0.813310 -0.096494
vn 0.679599 0.708026 0.191950
vn 0.679599 0.708026 0.191950
vn 0.573773 0.813310 -0.096494
vn 0.782609 0.600371 -0.164554
vn 0.851656 0.505529 0.138286
vn 0.782609 0.600371 -0.164554
vn 0.380834 0.471830 -0.795199
vn 0.687624 0.079386 -0.721715
vn 0.955332 0.183847 -0.231389
vn 0.955332 0.183847 -0.231389
vn 0.687624 0.079386 -0.721715
vn 0.813804 -0.311652 -0.490506
vn 0.934741 -0.252864 -0.249638
vn 0.934741 -0.252864 -0.249638
vn 0.813804 -0.311652 -0.490506
vn 0.804243 -0.512486 -0.300917
vn 0.831752 -0.504934 -0.230719
vn 0.831752 -0.504934 -0.230719
vn 0.804243 -0.512486 -0.300917
vn 0.750814 -0.646842 -0.133693
vn 0.705303 -0.681763 -0.194288
vn 0.705303 -0.681763 -0.194288
vn 0.750814 -0.646842 -0.133693
vn 0.666624 -0.744857 0.028292
vn 0.551511 -0.821470 -0.144993
vn 0.551511 -0.821470 -0.144993
vn 0.666624 -0.744857 0.028292
vn 0.548433 -0.812977 0.195677
vn 0.362463 -0.928486 -0.080829
vn 0.362463 -0.928486 -0.080829
vn 0.548433 -0.812977 0.195677
vn 0.345724 -0.841760 0.414627
vn 0.067452 -0.997543 0.018905
vn 0.067452 -0.997543 0.018905
vn 0.345724 -0.841760 0.414627
vn 0.062190 -0.768527 0.636788
vn -0.304731 -0.941590 0.143346
vn -0.304731 -0.941590 0.143346
vn 0.062190 -0.768527 0.636788
vn -0.202201 -0.605462 0.769760
vn -0.599649 -0.762490 0.242961
vn -0.599649 -0.762490 0.242961
vn -0.202201 -0.605462 0.769760
vn -0.410427 -0.405485 0.816781
vn -0.790250 -0.530906 0.306013
vn -0.790250 -0.530906 0.306013
vn -0.410427 -0.405485 0.816781
vn -0.584941 -0.159106 0.795317
vn -0.907486 -0.237105 0.346772
vn -0.907486 -0.237105 0.346772
vn -0.584941 -0.159106 0.795317
vn -0.723855 0.171810 0.668218
vn -0.923929 0.139558 0.356201
vn -0.923929 0.139558 0.356201
vn -0.723855 0.171810 0.668218
vn -0.762041 0.442733 0.472526
vn -0.839617 0.434077 0.326530
vn -0.839617 0.434077 0.326530
vn -0.762041 0.442733 0.472526
vn -0.737119 0.611655 0.287287
vn -0.724919 0.626126 0.287158
vn -0.724919 0.626126 0.287158
vn -0.737119 0.611655 0.287287
vn -0.665655 0.741826 0.081224
vn -0.559973 0.793523 0.238224
vn -0.559973 0.793523 0.238224
vn -0.665655 0.741826 0.081224
vn -0.520360 0.836342 -0.172503
vn -0.302557 0.938062 0.168816
vn -0.302557 0.938062 0.168816
vn -0.520360 0.836342 -0.172503
vn -0.277429 0.844712 -0.457706
vn 0.057270 0.996208 0.065504
vn 0.057270 0.996208 0.065504
vn -0.277429 0.844712 -0.457706
vn -0.044106 0.759375 -0.649157
vn 0.364732 0.930649 -0.029383
vn 0.364732 0.930649 -0.029383
vn -0.044106 0.759375 -0.649157
vn 0.138009 0.654419 -0.743431
vn 0.573773 0.813310 -0.096494
vn 0.573773 0.813310 -0.096494
vn 0.138009 0.654419 -0.743431
vn 0.380834 0.471830 -0.795199
vn 0.782609 0.600371 -0.164554
vn 0.380834 0.471830 -0.795199
vn 0.129300 0.280005 -0.951251
vn 0.457545 -0.025907 -0.888809
vn 0.687624 0.079386 -0.721715
vn 0.687624 0.079386 -0.721715
vn 0.457545 -0.025907 -0.888809
vn 0.706622 -0.343687 -0.618518
vn 0.813804 -0.311652 -0.490506
vn 0.813804 -0.311652 -0.490506
vn 0.706622 -0.343687 -0.618518
vn 0.781948 -0.504767 -0.365742
vn 0.804243 -0.512486 -0.300917
vn 0.804243 -0.512486 -0.300917
vn 0.781948 -0.504767 -0.365742
vn 0.790840 -0.594058 -0.147198
vn 0.750814 -0.646842 -0.133693
vn 0.750814 -0.646842 -0.133693
vn 0.790840 -0.594058 -0.147198
vn 0.760163 -0.646171 0.067934
vn 0.666624 -0.744857 0.028292
vn 0.666624 -0.744857 0.028292
vn 0.760163 -0.646171 0.067934
vn 0.693156 -0.664134 0.280108
vn 0.548433 -0.812977 0.195677
vn 0.548433 -0.812977 0.195677
vn 0.693156 -0.664134 0.280108
vn 0.552678 -0.634660 0.540142
vn 0.345724 -0.841760 0.414627
vn 0.345724 -0.841760 0.414627
vn 0.552678 -0.634660 0.540142
vn 0.306620 -0.515445 0.800188
vn 0.062190 -0.768527 0.636788
vn 0.062190 -0.768527 0.636788
vn 0.306620 -0.515445 0.800188
vn 0.046243 -0.342541 0.938364
vn -0.202201 -0.605462 0.769760
vn -0.202201 -0.605462 0.769760
vn 0.046243 -0.342541 0.938364
vn -0.177713 -0.163023 0.970485
vn -0.410427 -0.405485 0.816781
vn -0.410427 -0.405485 0.816781
vn -0.177713 -0.163023 0.970485
vn -0.402362 0.048803 0.914179
vn -0.584941 -0.159106 0.795317
vn -0.584941 -0.159106 0.795317
vn -0.402362 0.048803 0.914179
vn -0.627131 0.312257 0.713584
vn -0.723855 0.171810 0.668218
vn -0.723855 0.171810 0.668218
vn -0.627131 0.312257 0.713584
vn -0.737061 0.501071 0.453507
vn -0.762041 0.442733 0.472526
vn -0.762041 0.442733 0.472526
vn -0.737061 0.501071 0.453507
vn -0.762079 0.609500 0.218507
vn -0.737119 0.611655 0.287287
vn -0.737119 0.611655 0.287287
vn -0.762079 0.609500 0.218507
vn -0.733150 0.679206 -0.034197
vn -0.665655 0.741826 0.081224
vn -0.665655 0.741826 0.081224
vn -0.733150 0.679206 -0.034197
vn -0.630900 0.702152 -0.330071
vn -0.520360 0.836342 -0.172503
vn -0.520360 0.836342 -0.172503
vn -0.630900 0.702152 -0.330071
vn -0.435717 0.645457 -0.627324
vn -0.277429 0.844712 -0.457706
vn -0.277429 0.844712 -0.457706
vn -0.435717 0.645457 -0.627324
vn -0.238867 0.541961 -0.805743
vn -0.044106 0.759375 -0.649157
vn -0.044106 0.759375 -0.649157
vn -0.238867 0.541961 -0.805743
vn -0.082362 0.440177 -0.894126
vn 0.138009 0.654419 -0.743431
vn 0.138009 0.654419 -0.743431
vn -0.082362 0.440177 -0.894126
vn 0.129300 0.280005 -0.951251
vn 0.380834 0.471830 -0.795199
vn 0.587230 0.619500 -0.520942
vn 0.494454 0.364304 0.789175
vn 0.812996 0.250750 -0.525511
vn 0.812996 0.250750 -0.525511
vn 0.494454 0.364304 0.789175
vn 0.890922 -0.178460 -0.417624
vn 0.890922 -0.178460 -0.417624
vn 0.494454 0.364304 0.789175
vn 0.842876 -0.449532 -0.295771
vn 0.842876 -0.449532 -0.295771
vn 0.494454 0.364304 0.789175
vn 0.755492 -0.630203 -0.179097
vn 0.755492 -0.630203 -0.179097
vn 0.494454 0.364304 0.789175
vn 0.633710 -0.771629 -0.054774
vn 0.633710 -0.771629 -0.054774
vn 0.494454 0.364304 0.789175
vn 0.479586 -0.874025 0.077952
vn 0.479586 -0.874025 0.077952
vn 0.494454 0.364304 0.789175
vn 0.239305 -0.937131 0.254008
vn 0.239305 -0.937131 0.254008
vn 0.494454 0.364304 0.789175
vn -0.094291 -0.888914 0.448266
vn -0.094291 -0.888914 0.448266
vn 0.494454 0.364304 0.789175
vn -0.383298 -0.722636 0.575222
vn -0.383298 -0.722636 0.575222
vn 0.494454 0.364304 0.789175
vn -0.589320 -0.500029 0.634565
vn -0.589320 -0.500029 0.634565
vn 0.494454 0.364304 0.789175
vn -0.744288 -0.197952 0.637848
vn -0.744288 -0.197952 0.637848
vn 0.494454 0.364304 0.789175
vn -0.812648 0.191647 0.550341
vn -0.812648 0.191647 0.550341
vn 0.494454 0.364304 0.789175
vn -0.767874 0.485028 0.418470
vn -0.767874 0.485028 0.418470
vn 0.494454 0.364304 0.789175
vn -0.672446 0.681476 0.288802
vn -0.672446 0.681476 0.288802
vn 0.494454 0.364304 0.789175
vn -0.525937 0.839327 0.137552
vn -0.525937 0.839327 0.137552
vn 0.494454 0.364304 0.789175
vn -0.306048 0.950713 -0.049793
vn -0.306048 0.950713 -0.049793
vn 0.494454 0.364304 0.789175
vn -0.024123 0.969060 -0.245643
vn -0.024123 0.969060 -0.245643
vn 0.494454 0.364304 0.789175
vn 0.213687 0.902104 -0.374895
vn 0.213687 0.902104 -0.374895
vn 0.494454 0.364304 0.789175
vn 0.387100 0.802718 -0.453650
vn 0.387100 0.802718 -0.453650
vn 0.494454 0.364304 0.789175
vn 0.587230 0.619500 -0.520942
vn -0.627131 0.312257 0.713584
vn -0.716886 0.274992 0.640667
vn -0.754715 0.501859 0.422544
vn -0.737061 0.501071 0.453507
vn -0.762079 0.609500 0.218507
vn -0.737061 0.501071 0.453507
vn -0.754715 0.501859 0.422544
vn -0.729674 0.645570 0.225422
vn -0.733150 0.679206 -0.034197
vn -0.762079 0.609500 0.218507
vn -0.729674 0.645570 0.225422
vn -0.657147 0.753729 0.007093
vn -0.630900 0.702152 -0.330071
vn -0.733150 0.679206 -0.034197
vn -0.657147 0.753729 0.007093
vn -0.512612 0.818739 -0.258642
vn -0.435717 0.645457 -0.627324
vn -0.630900 0.702152 -0.330071
vn -0.512612 0.818739 -0.258642
vn -0.285167 0.798812 -0.529698
vn -0.238867 0.541961 -0.805743
vn -0.435717 0.645457 -0.627324
vn -0.285167 0.798812 -0.529698
vn -0.072558 0.712305 -0.698109
vn -0.082362 0.440177 -0.894126
vn -0.238867 0.541961 -0.805743
vn -0.072558 0.712305 -0.698109
vn 0.093846 0.606391 -0.789609
vn 0.129300 0.280005 -0.951251
vn -0.082362 0.440177 -0.894126
vn 0.093846 0.606391 -0.789609
vn 0.303485 0.425936 -0.852335
vn 0.457545 -0.025907 -0.888809
vn 0.129300 0.280005 -0.951251
vn 0.303485 0.425936 -0.852335
vn 0.581728 0.084567 -0.808975
vn 0.706622 -0.343687 -0.618518
vn 0.457545 -0.025907 -0.888809
vn 0.581728 0.084567 -0.808975
vn 0.752451 -0.288787 -0.591962
vn 0.781948 -0.504767 -0.365742
vn 0.706622 -0.343687 -0.618518
vn 0.752451 -0.288787 -0.591962
vn 0.777748 -0.500260 -0.380590
vn 0.790840 -0.594058 -0.147198
vn 0.781948 -0.504767 -0.365742
vn 0.777748 -0.500260 -0.380590
vn 0.751670 -0.628873 -0.198774
vn 0.760163 -0.646171 0.067934
vn 0.790840 -0.594058 -0.147198
vn 0.751670 -0.628873 -0.198774
vn 0.691556 -0.722203 -0.013169
vn 0.693156 -0.664134 0.280108
vn 0.760163 -0.646171 0.067934
vn 0.691556 -0.722203 -0.013169
vn 0.598512 -0.781479 0.176279
vn 0.552678 -0.634660 0.540142
vn 0.693156 -0.664134 0.280108
vn 0.598512 -0.781479 0.176279
vn 0.428916 -0.800527 0.418555
vn 0.306620 -0.515445 0.800188
vn 0.552678 -0.634660 0.540142
vn 0.428916 -0.800527 0.418555
vn 0.145867 -0.713968 0.684816
vn 0.046243 -0.342541 0.938364
vn 0.306620 -0.515445 0.800188
vn 0.145867 -0.713968 0.684816
vn -0.138587 -0.529102 0.837165
vn -0.177713 -0.163023 0.970485
vn 0.046243 -0.342541 0.938364
vn -0.138587 -0.529102 0.837165
vn -0.363082 -0.312997 0.877613
vn -0.402362 0.048803 0.914179
vn -0.177713 -0.163023 0.970485
vn -0.363082 -0.312997 0.877613
vn -0.562426 -0.046626 0.825532
vn -0.627131 0.312257 0.713584
vn -0.402362 0.048803 0.914179
vn -0.562426 -0.046626 0.825532
vn -0.716886 0.274992 0.640667
vn -0.729674 0.645570 0.225422
vn -0.754715 0.501859 0.422544
vn -0.767874 0.485028 0.418470
vn -0.672446 0.681476 0.288802
vn -0.657147 0.753729 0.007093
vn -0.729674 0.645570 0.225422
vn -0.672446 0.681476 0.288802
vn -0.525937 0.839327 0.137552
vn -0.512612 0.818739 -0.258642
vn -0.657147 0.753729 0.007093
vn -0.525937 0.839327 0.137552
vn -0.306048 0.950713 -0.049793
vn -0.285167 0.798812 -0.529698
vn -0.512612 0.818739 -0.258642
vn -0.306048 0.950713 -0.049793
vn -0.024123 0.969060 -0.245643
vn -0.072558 0.712305 -0.698109
vn -0.285167 0.798812 -0.529698
vn -0.024123 0.969060 -0.245643
vn 0.213687 0.902104 -0.374895
vn 0.093846 0.606391 -0.789609
vn -0.072558 0.712305 -0.698109
vn 0.213687 0.902104 -0.374895
vn 0.387100 0.802718 -0.453650
vn 0.303485 0.425936 -0.852335
vn 0.093846 0.606391 -0.789609
vn 0.387100 0.802718 -0.453650
vn 0.587230 0.619500 -0.520942
vn 0.581728 0.084567 -0.808975
vn 0.303485 0.425936 -0.852335
vn 0.587230 0.619500 -0.520942
vn 0.812996 0.250750 -0.525511
vn 0.752451 -0.288787 -0.591962
vn 0.581728 0.084567 -0.808975
vn 0.812996 0.250750 -0.525511
vn 0.890922 -0.178460 -0.417624
vn 0.777748 -0.500260 -0.380590
vn 0.752451 -0.288787 -0.591962
vn 0.890922 -0.178460 -0.417624
vn 0.842876 -0.449532 -0.295771
vn 0.751670 -0.628873 -0.198774
vn 0.777748 -0.500260 -0.380590
vn 0.842876 -0.449532 -0.295771
vn 0.755492 -0.630203 -0.179097
vn 0.691556 -0.722203 -0.013169
vn 0.751670 -0.628873 -0.198774
vn 0.755492 -0.630203 -0.179097
vn 0.633710 -0.771629 -0.054774
vn 0.598512 -0.781479 0.176279
vn 0.691556 -0.722203 -0.013169
vn 0.633710 -0.771629 -0.054774
vn 0.479586 -0.874025 0.077952
vn 0.428916 -0.800527 0.418555
vn 0.598512 -0.781479 0.176279
vn 0.479586 -0.874025 0.077952
vn 0.239305 -0.937131 0.254008
vn 0.145867 -0.713968 0.684816
vn 0.428916 -0.800527 0.418555
vn 0.239305 -0.937131 0.254008
vn -0.094291 -0.888914 0.448266
vn -0.138587 -0.529102 0.837165
vn 0.145867 -0.713968 0.684816
vn -0.094291 -0.888914 0.448266
vn -0.383298 -0.722636 0.575222
vn -0.363082 -0.312997 0.877613
vn -0.138587 -0.529102 0.837165
vn -0.383298 -0.722636 0.575222
vn -0.589320 -0.500029 0.634565
vn -0.562426 -0.046626 0.825532
vn -0.363082 -0.312997 0.877613
vn -0.589320 -0.500029 0.634565
vn -0.744288 -0.197952 0.637848
vn -0.716886 0.274992 0.640667
vn -0.562426 -0.046626 0.825532
vn -0.744288 -0.197952 0.637848
vn -0.812648 0.191647 0.550341
vn -0.754715 0.501859 0.422544
vn -0.716886 0.274992 0.640667
vn -0.812648 0.191647 0.550341
vn -0.767874 0.485028 0.418470
vn 0.312373 -0.932410 0.181753
vn 0.266370 -0.948543 0.171212
vn 0.111644 -0.877139 0.467079
vn 0.108801 -0.857798 0.502340
vn 0.484361 -0.838720 -0.248884
vn 0.409432 -0.889016 -0.204977
vn 0.266370 -0.948543 0.171212
vn 0.312373 -0.932410 0.181753
vn 0.542891 -0.557659 -0.627922
vn 0.488883 -0.660813 -0.569491
vn 0.409432 -0.889016 -0.204977
vn 0.484361 -0.838720 -0.248884
vn 0.524805 -0.335170 -0.782459
vn 0.491169 -0.417296 -0.764602
vn 0.488883 -0.660813 -0.569491
vn 0.542891 -0.557659 -0.627922
vn 0.492906 -0.138764 -0.858946
vn 0.467114 -0.208600 -0.859238
vn 0.491169 -0.417296 -0.764602
vn 0.524805 -0.335170 -0.782459
vn 0.443226 0.085012 -0.892370
vn 0.425990 0.013142 -0.904632
vn 0.467114 -0.208600 -0.859238
vn 0.492906 -0.138764 -0.858946
vn 0.366588 0.323103 -0.872478
vn 0.362409 0.244444 -0.899392
vn 0.425990 0.013142 -0.904632
vn 0.443226 0.085012 -0.892370
vn 0.242375 0.575308 -0.781201
vn 0.255511 0.517430 -0.816689
vn 0.362409 0.244444 -0.899392
vn 0.366588 0.323103 -0.872478
vn 0.133722 0.751210 -0.646376
vn 0.141467 0.748684 -0.647657
vn 0.255511 0.517430 -0.816689
vn 0.242375 0.575308 -0.781201
vn -0.035647 0.939397 -0.340973
vn -0.015767 0.946168 -0.323291
vn 0.141467 0.748684 -0.647657
vn 0.133722 0.751210 -0.646376
vn -0.194779 0.980847 0.000831
vn -0.153590 0.988025 0.014729
vn -0.015767 0.946168 -0.323291
vn -0.035647 0.939397 -0.340973
vn -0.317632 0.905775 0.280504
vn -0.259311 0.920202 0.293234
vn -0.153590 0.988025 0.014729
vn -0.194779 0.980847 0.000831
vn -0.415086 0.733764 0.537860
vn -0.338654 0.764294 0.548788
vn -0.259311 0.920202 0.293234
vn -0.317632 0.905775 0.280504
vn -0.449009 0.571658 0.686731
vn -0.358481 0.553406 0.751820
vn -0.338654 0.764294 0.548788
vn -0.415086 0.733764 0.537860
vn -0.434973 0.247848 0.865662
vn -0.349432 0.228584 0.908651
vn -0.358481 0.553406 0.751820
vn -0.449009 0.571658 0.686731
vn -0.392558 -0.017287 0.919565
vn -0.322060 -0.008753 0.946679
vn -0.349432 0.228584 0.908651
vn -0.434973 0.247848 0.865662
vn -0.340380 -0.215518 0.915256
vn -0.276572 -0.210172 0.937729
vn -0.322060 -0.008753 0.946679
vn -0.392558 -0.017287 0.919565
vn -0.254225 -0.427170 0.867695
vn -0.192711 -0.450275 0.871846
vn -0.276572 -0.210172 0.937729
vn -0.340380 -0.215518 0.915256
vn -0.100271 -0.668908 0.736551
vn -0.048579 -0.707389 0.705153
vn -0.192711 -0.450275 0.871846
vn -0.254225 -0.427170 0.867695
vn 0.108801 -0.857798 0.502340
vn 0.111644 -0.877139 0.467079
vn -0.048579 -0.707389 0.705153
vn -0.100271 -0.668908 0.736551
vn -0.015767 0.946168 -0.323291
vn 0.183694 0.958985 -0.215882
vn 0.333620 0.758925 -0.559223
vn 0.141467 0.748684 -0.647657
vn 0.141467 0.748684 -0.647657
vn 0.333620 0.758925 -0.559223
vn 0.435970 0.435156 -0.787763
vn 0.255511 0.517430 -0.816689
vn 0.255511 0.517430 -0.816689
vn 0.435970 0.435156 -0.787763
vn 0.474711 0.169059 -0.863753
vn 0.362409 0.244444 -0.899392
vn 0.362409 0.244444 -0.899392
vn 0.474711 0.169059 -0.863753
vn 0.487165 -0.055524 -0.871543
vn 0.425990 0.013142 -0.904632
vn 0.425990 0.013142 -0.904632
vn 0.487165 -0.055524 -0.871543
vn 0.475390 -0.278700 -0.834464
vn 0.467114 -0.208600 -0.859238
vn 0.467114 -0.208600 -0.859238
vn 0.475390 -0.278700 -0.834464
vn 0.438753 -0.491071 -0.752559
vn 0.491169 -0.417296 -0.764602
vn 0.491169 -0.417296 -0.764602
vn 0.438753 -0.491071 -0.752559
vn 0.352746 -0.729647 -0.585820
vn 0.488883 -0.660813 -0.569491
vn 0.488883 -0.660813 -0.569491
vn 0.352746 -0.729647 -0.585820
vn 0.181241 -0.940862 -0.286235
vn 0.409432 -0.889016 -0.204977
vn 0.409432 -0.889016 -0.204977
vn 0.181241 -0.940862 -0.286235
vn -0.003899 -0.999103 0.042158
vn 0.266370 -0.948543 0.171212
vn 0.266370 -0.948543 0.171212
vn -0.003899 -0.999103 0.042158
vn -0.150816 -0.934116 0.323547
vn 0.111644 -0.877139 0.467079
vn 0.111644 -0.877139 0.467079
vn -0.150816 -0.934116 0.323547
vn -0.278026 -0.756986 0.591332
vn -0.048579 -0.707389 0.705153
vn -0.048579 -0.707389 0.705153
vn -0.278026 -0.756986 0.591332
vn -0.375873 -0.438644 0.816278
vn -0.192711 -0.450275 0.871846
vn -0.192711 -0.450275 0.871846
vn -0.375873 -0.438644 0.816278
vn -0.399609 -0.147135 0.904800
vn -0.276572 -0.210172 0.937729
vn -0.276572 -0.210172 0.937729
vn -0.399609 -0.147135 0.904800
vn -0.380067 0.081576 0.921355
vn -0.322060 -0.008753 0.946679
vn -0.322060 -0.008753 0.946679
vn -0.380067 0.081576 0.921355
vn -0.336238 0.319335 0.885985
vn -0.349432 0.228584 0.908651
vn -0.349432 0.228584 0.908651
vn -0.336238 0.319335 0.885985
vn -0.254878 0.599209 0.758938
vn -0.358481 0.553406 0.751820
vn -0.358481 0.553406 0.751820
vn -0.254878 0.599209 0.758938
vn -0.136281 0.852375 0.504860
vn -0.338654 0.764294 0.548788
vn -0.338654 0.764294 0.548788
vn -0.136281 0.852375 0.504860
vn -0.027250 0.965913 0.257428
vn -0.259311 0.920202 0.293234
vn -0.259311 0.920202 0.293234
vn -0.027250 0.965913 0.257428
vn 0.064787 0.996432 0.054083
vn -0.153590 0.988025 0.014729
vn -0.153590 0.988025 0.014729
vn 0.064787 0.996432 0.054083
vn 0.183694 0.958985 -0.215882
vn -0.015767 0.946168 -0.323291
vn 0.183694 0.958985 -0.215882
vn 0.615969 0.787184 -0.030381
vn 0.731342 0.603700 -0.317311
vn 0.333620 0.758925 -0.559223
vn 0.333620 0.758925 -0.559223
vn 0.731342 0.603700 -0.317311
vn 0.760049 0.319248 -0.566044
vn 0.435970 0.435156 -0.787763
vn 0.435970 0.435156 -0.787763
vn 0.760049 0.319248 -0.566044
vn 0.710562 0.082502 -0.698781
vn 0.474711 0.169059 -0.863753
vn 0.474711 0.169059 -0.863753
vn 0.710562 0.082502 -0.698781
vn 0.627616 -0.118432 -0.769463
vn 0.487165 -0.055524 -0.871543
vn 0.487165 -0.055524 -0.871543
vn 0.627616 -0.118432 -0.769463
vn 0.493871 -0.325758 -0.806209
vn 0.475390 -0.278700 -0.834464
vn 0.475390 -0.278700 -0.834464
vn 0.493871 -0.325758 -0.806209
vn 0.305787 -0.525237 -0.794116
vn 0.438753 -0.491071 -0.752559
vn 0.438753 -0.491071 -0.752559
vn 0.305787 -0.525237 -0.794116
vn 0.008710 -0.731045 -0.682274
vn 0.352746 -0.729647 -0.585820
vn 0.352746 -0.729647 -0.585820
vn 0.008710 -0.731045 -0.682274
vn -0.359305 -0.835320 -0.416101
vn 0.181241 -0.940862 -0.286235
vn 0.181241 -0.940862 -0.286235
vn -0.359305 -0.835320 -0.416101
vn -0.589129 -0.796021 -0.138845
vn -0.003899 -0.999103 0.042158
vn -0.003899 -0.999103 0.042158
vn -0.589129 -0.796021 -0.138845
vn -0.704219 -0.703789 0.093580
vn -0.150816 -0.934116 0.323547
vn -0.150816 -0.934116 0.323547
vn -0.704219 -0.703789 0.093580
vn -0.763074 -0.548104 0.342490
vn -0.278026 -0.756986 0.591332
vn -0.278026 -0.756986 0.591332
vn -0.763074 -0.548104 0.342490
vn -0.739183 -0.296654 0.604652
vn -0.375873 -0.438644 0.816278
vn -0.375873 -0.438644 0.816278
vn -0.739183 -0.296654 0.604652
vn -0.651177 -0.066756 0.755984
vn -0.399609 -0.147135 0.904800
vn -0.399609 -0.147135 0.904800
vn -0.651177 -0.066756 0.755984
vn -0.540201 0.128114 0.831727
vn -0.380067 0.081576 0.921355
vn -0.380067 0.081576 0.921355
vn -0.540201 0.128114 0.831727
vn -0.380338 0.348001 0.856877
vn -0.336238 0.319335 0.885985
vn -0.336238 0.319335 0.885985
vn -0.380338 0.348001 0.856877
vn -0.140148 0.598686 0.788627
vn -0.254878 0.599209 0.758938
vn -0.254878 0.599209 0.758938
vn -0.140148 0.598686 0.788627
vn 0.142872 0.794535 0.590171
vn -0.136281 0.852375 0.504860
vn -0.136281 0.852375 0.504860
vn 0.142872 0.794535 0.590171
vn 0.351810 0.858092 0.374044
vn -0.027250 0.965913 0.257428
vn -0.027250 0.965913 0.257428
vn 0.351810 0.858092 0.374044
vn 0.488655 0.851213 0.191447
vn 0.064787 0.996432 0.054083
vn 0.064787 0.996432 0.054083
vn 0.488655 0.851213 0.191447
vn 0.615969 0.787184 -0.030381
vn 0.183694 0.958985 -0.215882
vn 0.615969 0.787184 -0.030381
vn 0.721759 0.692144 -0.000512
vn 0.803181 0.504952 -0.316108
vn 0.731342 0.603700 -0.317311
vn 0.731342 0.603700 -0.317311
vn 0.803181 0.504952 -0.316108
vn 0.766957 0.234123 -0.597465
vn 0.760049 0.319248 -0.566044
vn 0.760049 0.319248 -0.566044
vn 0.766957 0.234123 -0.597465
vn 0.670294 0.015506 -0.741934
vn 0.710562 0.082502 -0.698781
vn 0.710562 0.082502 -0.698781
vn 0.670294 0.015506 -0.741934
vn 0.545738 -0.174442 -0.819597
vn 0.627616 -0.118432 -0.769463
vn 0.627616 -0.118432 -0.769463
vn 0.545738 -0.174442 -0.819597
vn 0.382385 -0.361159 -0.850498
vn 0.493871 -0.325758 -0.806209
vn 0.493871 -0.325758 -0.806209
vn 0.382385 -0.361159 -0.850498
vn 0.180992 -0.536304 -0.824391
vn 0.305787 -0.525237 -0.794116
vn 0.305787 -0.525237 -0.794116
vn 0.180992 -0.536304 -0.824391
vn -0.114386 -0.712860 -0.691915
vn 0.008710 -0.731045 -0.682274
vn 0.008710 -0.731045 -0.682274
vn -0.114386 -0.712860 -0.691915
vn -0.425177 -0.800370 -0.422649
vn -0.359305 -0.835320 -0.416101
vn -0.359305 -0.835320 -0.416101
vn -0.425177 -0.800370 -0.422649
vn -0.621407 -0.770186 -0.143760
vn -0.589129 -0.796021 -0.138845
vn -0.589129 -0.796021 -0.138845
vn -0.621407 -0.770186 -0.143760
vn -0.725696 -0.681393 0.095232
vn -0.704219 -0.703789 0.093580
vn -0.704219 -0.703789 0.093580
vn -0.725696 -0.681393 0.095232
vn -0.772639 -0.535039 0.341705
vn -0.763074 -0.548104 0.342490
vn -0.763074 -0.548104 0.342490
vn -0.772639 -0.535039 0.341705
vn -0.738833 -0.295933 0.605433
vn -0.739183 -0.296654 0.604652
vn -0.739183 -0.296654 0.604652
vn -0.738833 -0.295933 0.605433
vn -0.634898 -0.064518 0.769897
vn -0.651177 -0.066756 0.755984
vn -0.651177 -0.066756 0.755984
vn -0.634898 -0.064518 0.769897
vn -0.514997 0.119003 0.848892
vn -0.540201 0.128114 0.831727
vn -0.540201 0.128114 0.831727
vn -0.514997 0.119003 0.848892
vn -0.345310 0.319508 0.882426
vn -0.380338 0.348001 0.856877
vn -0.380338 0.348001 0.856877
vn -0.345310 0.319508 0.882426
vn -0.086249 0.546361 0.833097
vn -0.140148 0.598686 0.788627
vn -0.140148 0.598686 0.788627
vn -0.086249 0.546361 0.833097
vn 0.232394 0.725001 0.648357
vn 0.142872 0.794535 0.590171
vn 0.142872 0.794535 0.590171
vn 0.232394 0.725001 0.648357
vn 0.461753 0.779875 0.422587
vn 0.351810 0.858092 0.374044
vn 0.351810 0.858092 0.374044
vn 0.461753 0.779875 0.422587
vn 0.600465 0.765706 0.230512
vn 0.488655 0.851213 0.191447
vn 0.488655 0.851213 0.191447
vn 0.600465 0.765706 0.230512
vn 0.721759 0.692144 -0.000512
vn 0.615969 0.787184 -0.030381
vn 0.721759 0.692144 -0.000512
vn 0.478047 0.869983 -0.120829
vn 0.609058 0.628103 -0.484288
vn 0.803181 0.504952 -0.316108
vn 0.803181 0.504952 -0.316108
vn 0.609058 0.628103 -0.484288
vn 0.616483 0.272258 -0.738799
vn 0.766957 0.234123 -0.597465
vn 0.766957 0.234123 -0.597465
vn 0.616483 0.272258 -0.738799
vn 0.565721 0.018033 -0.824399
vn 0.670294 0.015506 -0.741934
vn 0.670294 0.015506 -0.741934
vn 0.565721 0.018033 -0.824399
vn 0.500687 -0.191688 -0.844137
vn 0.545738 -0.174442 -0.819597
vn 0.545738 -0.174442 -0.819597
vn 0.500687 -0.191688 -0.844137
vn 0.418634 -0.387462 -0.821352
vn 0.382385 -0.361159 -0.850498
vn 0.382385 -0.361159 -0.850498
vn 0.418634 -0.387462 -0.821352
vn 0.314723 -0.577001 -0.753671
vn 0.180992 -0.536304 -0.824391
vn 0.180992 -0.536304 -0.824391
vn 0.314723 -0.577001 -0.753671
vn 0.144566 -0.792912 -0.591938
vn -0.114386 -0.712860 -0.691915
vn -0.114386 -0.712860 -0.691915
vn 0.144566 -0.792912 -0.591938
vn -0.082419 -0.948306 -0.306469
vn -0.425177 -0.800370 -0.422649
vn -0.425177 -0.800370 -0.422649
vn -0.082419 -0.948306 -0.306469
vn -0.272331 -0.962202 -0.001942
vn -0.621407 -0.770186 -0.143760
vn -0.621407 -0.770186 -0.143760
vn -0.272331 -0.962202 -0.001942
vn -0.405148 -0.876320 0.260613
vn -0.725696 -0.681393 0.095232
vn -0.725696 -0.681393 0.095232
vn -0.405148 -0.876320 0.260613
vn -0.497657 -0.701220 0.510518
vn -0.772639 -0.535039 0.341705
vn -0.772639 -0.535039 0.341705
vn -0.497657 -0.701220 0.510518
vn -0.535146 -0.405219 0.741226
vn -0.738833 -0.295933 0.605433
vn -0.738833 -0.295933 0.605433
vn -0.535146 -0.405219 0.741226
vn -0.509056 -0.119386 0.852414
vn -0.634898 -0.064518 0.769897
vn -0.634898 -0.064518 0.769897
vn -0.509056 -0.119386 0.852414
vn -0.456388 0.099284 0.884224
vn -0.514997 0.119003 0.848892
vn -0.514997 0.119003 0.848892
vn -0.456388 0.099284 0.884224
vn -0.367439 0.321892 0.872567
vn -0.345310 0.319508 0.882426
vn -0.345310 0.319508 0.882426
vn -0.367439 0.321892 0.872567
vn -0.215101 0.571411 0.791973
vn -0.086249 0.546361 0.833097
vn -0.086249 0.546361 0.833097
vn -0.215101 0.571411 0.791973
vn 0.005530 0.805822 0.592133
vn 0.232394 0.725001 0.648357
vn 0.232394 0.725001 0.648357
vn 0.005530 0.805822 0.592133
vn 0.199281 0.915083 0.350587
vn 0.461753 0.779875 0.422587
vn 0.461753 0.779875 0.422587
vn 0.199281 0.915083 0.350587
vn 0.335264 0.931265 0.142629
vn 0.600465 0.765706 0.230512
vn 0.600465 0.765706 0.230512
vn 0.335264 0.931265 0.142629
vn 0.478047 0.869983 -0.120829
vn 0.721759 0.692144 -0.000512
vn 0.478047 0.869983 -0.120829
vn -0.209193 0.872171 -0.442217
vn 0.110655 0.643889 -0.757075
vn 0.609058 0.628103 -0.484288
vn 0.609058 0.628103 -0.484288
vn 0.110655 0.643889 -0.757075
vn 0.380703 0.278106 -0.881886
vn 0.616483 0.272258 -0.738799
vn 0.616483 0.272258 -0.738799
vn 0.380703 0.278106 -0.881886
vn 0.502389 0.030660 -0.864098
vn 0.565721 0.018033 -0.824399
vn 0.565721 0.018033 -0.824399
vn 0.502389 0.030660 -0.864098
vn 0.570443 -0.170769 -0.803388
vn 0.500687 -0.191688 -0.844137
vn 0.500687 -0.191688 -0.844137
vn 0.570443 -0.170769 -0.803388
vn 0.607979 -0.352621 -0.711351
vn 0.418634 -0.387462 -0.821352
vn 0.418634 -0.387462 -0.821352
vn 0.607979 -0.352621 -0.711351
vn 0.619177 -0.525909 -0.583129
vn 0.314723 -0.577001 -0.753671
vn 0.314723 -0.577001 -0.753671
vn 0.619177 -0.525909 -0.583129
vn 0.590686 -0.722703 -0.358874
vn 0.144566 -0.792912 -0.591938
vn 0.144566 -0.792912 -0.591938
vn 0.590686 -0.722703 -0.358874
vn 0.491489 -0.870094 -0.037079
vn -0.082419 -0.948306 -0.306469
vn -0.082419 -0.948306 -0.306469
vn 0.491489 -0.870094 -0.037079
vn 0.347076 -0.898988 0.267130
vn -0.272331 -0.962202 -0.001942
vn -0.272331 -0.962202 -0.001942
vn 0.347076 -0.898988 0.267130
vn 0.193187 -0.839050 0.508600
vn -0.405148 -0.876320 0.260613
vn -0.405148 -0.876320 0.260613
vn 0.193187 -0.839050 0.508600
vn 0.021591 -0.699048 0.714749
vn -0.497657 -0.701220 0.510518
vn -0.497657 -0.701220 0.510518
vn 0.021591 -0.699048 0.714749
vn -0.191568 -0.431288 0.881642
vn -0.535146 -0.405219 0.741226
vn -0.535146 -0.405219 0.741226
vn -0.191568 -0.431288 0.881642
vn -0.360593 -0.143207 0.921664
vn -0.509056 -0.119386 0.852414
vn -0.509056 -0.119386 0.852414
vn -0.360593 -0.143207 0.921664
vn -0.464891 0.082581 0.881508
vn -0.456388 0.099284 0.884224
vn -0.456388 0.099284 0.884224
vn -0.464891 0.082581 0.881508
vn -0.541477 0.304197 0.783752
vn -0.367439 0.321892 0.872567
vn -0.367439 0.321892 0.872567
vn -0.541477 0.304197 0.783752
vn -0.584748 0.546245 0.599739
vn -0.215101 0.571411 0.791973
vn -0.215101 0.571411 0.791973
vn -0.584748 0.546245 0.599739
vn -0.562192 0.770572 0.300266
vn 0.005530 0.805822 0.592133
vn 0.005530 0.805822 0.592133
vn -0.562192 0.770572 0.300266
vn -0.483717 0.875094 0.015090
vn 0.199281 0.915083 0.350587
vn 0.199281 0.915083 0.350587
vn -0.483717 0.875094 0.015090
vn -0.386433 0.902113 -0.191994
vn 0.335264 0.931265 0.142629
vn 0.335264 0.931265 0.142629
vn -0.386433 0.902113 -0.191994
vn -0.209193 0.872171 -0.442217
vn 0.478047 0.869983 -0.120829
vn -0.209193 0.872171 -0.442217
vn -0.487875 0.681898 -0.544971
vn -0.164346 0.537260 -0.827250
vn 0.110655 0.643889 -0.757075
vn 0.110655 0.643889 -0.757075
vn -0.164346 0.537260 -0.827250
vn 0.221204 0.263510 -0.938952
vn 0.380703 0.278106 -0.881886
vn 0.380703 0.278106 -0.881886
vn 0.221204 0.263510 -0.938952
vn 0.445263 0.055471 -0.893680
vn 0.502389 0.030660 -0.864098
vn 0.502389 0.030660 -0.864098
vn 0.445263 0.055471 -0.893680
vn 0.590102 -0.106131 -0.800322
vn 0.570443 -0.170769 -0.803388
vn 0.570443 -0.170769 -0.803388
vn 0.590102 -0.106131 -0.800322
vn 0.698420 -0.251830 -0.669919
vn 0.607979 -0.352621 -0.711351
vn 0.607979 -0.352621 -0.711351
vn 0.698420 -0.251830 -0.669919
vn 0.773233 -0.382862 -0.505497
vn 0.619177 -0.525909 -0.583129
vn 0.619177 -0.525909 -0.583129
vn 0.773233 -0.382862 -0.505497
vn 0.814298 -0.524859 -0.247874
vn 0.590686 -0.722703 -0.358874
vn 0.590686 -0.722703 -0.358874
vn 0.814298 -0.524859 -0.247874
vn 0.764002 -0.635906 0.109197
vn 0.491489 -0.870094 -0.037079
vn 0.491489 -0.870094 -0.037079
vn 0.764002 -0.635906 0.109197
vn 0.625156 -0.657374 0.420761
vn 0.347076 -0.898988 0.267130
vn 0.347076 -0.898988 0.267130
vn 0.625156 -0.657374 0.420761
vn 0.451427 -0.614098 0.647377
vn 0.193187 -0.839050 0.508600
vn 0.193187 -0.839050 0.508600
vn 0.451427 -0.614098 0.647377
vn 0.221762 -0.507431 0.832668
vn 0.021591 -0.699048 0.714749
vn 0.021591 -0.699048 0.714749
vn 0.221762 -0.507431 0.832668
vn -0.098505 -0.297642 0.949582
vn -0.191568 -0.431288 0.881642
vn -0.191568 -0.431288 0.881642
vn -0.098505 -0.297642 0.949582
vn -0.356678 -0.077724 0.930989
vn -0.360593 -0.143207 0.921664
vn -0.360593 -0.143207 0.921664
vn -0.356678 -0.077724 0.930989
vn -0.525774 0.099982 0.844728
vn -0.464891 0.082581 0.881508
vn -0.464891 0.082581 0.881508
vn -0.525774 0.099982 0.844728
vn -0.659303 0.275152 0.699722
vn -0.541477 0.304197 0.783752
vn -0.541477 0.304197 0.783752
vn -0.659303 0.275152 0.699722
vn -0.756453 0.459732 0.465216
vn -0.584748 0.546245 0.599739
vn -0.584748 0.546245 0.599739
vn -0.756453 0.459732 0.465216
vn -0.773988 0.617128 0.141756
vn -0.562192 0.770572 0.300266
vn -0.562192 0.770572 0.300266
vn -0.773988 0.617128 0.141756
vn -0.715381 0.686822 -0.128474
vn -0.483717 0.875094 0.015090
vn -0.483717 0.875094 0.015090
vn -0.715381 0.686822 -0.128474
vn -0.635267 0.703737 -0.318102
vn -0.386433 0.902113 -0.191994
vn -0.386433 0.902113 -0.191994
vn -0.635267 0.703737 -0.318102
vn -0.487875 0.681898 -0.544971
vn -0.209193 0.872171 -0.442217
vn 0.107620 0.958495 -0.264019
vn 0.837142 0.159490 0.523217
vn 0.314398 0.750185 -0.581702
vn 0.314398 0.750185 -0.581702
vn 0.837142 0.159490 0.523217
vn 0.475114 0.386484 -0.790504
vn 0.475114 0.386484 -0.790504
vn 0.837142 0.159490 0.523217
vn 0.531303 0.095175 -0.841819
vn 0.531303 0.095175 -0.841819
vn 0.837142 0.159490 0.523217
vn 0.545745 -0.136142 -0.826818
vn 0.545745 -0.136142 -0.826818
vn 0.837142 0.159490 0.523217
vn 0.534189 -0.352251 -0.768480
vn 0.534189 -0.352251 -0.768480
vn 0.837142 0.159490 0.523217
vn 0.498666 -0.553346 -0.667188
vn 0.498666 -0.553346 -0.667188
vn 0.837142 0.159490 0.523217
vn 0.417315 -0.774818 -0.474874
vn 0.417315 -0.774818 -0.474874
vn 0.837142 0.159490 0.523217
vn 0.263556 -0.950625 -0.163858
vn 0.263556 -0.950625 -0.163858
vn 0.837142 0.159490 0.523217
vn 0.095685 -0.984157 0.149261
vn 0.095685 -0.984157 0.149261
vn 0.837142 0.159490 0.523217
vn -0.050885 -0.910173 0.411092
vn -0.050885 -0.910173 0.411092
vn 0.837142 0.159490 0.523217
vn -0.196538 -0.727562 0.657288
vn -0.196538 -0.727562 0.657288
vn 0.837142 0.159490 0.523217
vn -0.334465 -0.400579 0.853036
vn -0.334465 -0.400579 0.853036
vn 0.837142 0.159490 0.523217
vn -0.400956 -0.088074 0.911854
vn -0.400956 -0.088074 0.911854
vn 0.837142 0.159490 0.523217
vn -0.417969 0.164334 0.893474
vn -0.417969 0.164334 0.893474
vn 0.837142 0.159490 0.523217
vn -0.404089 0.415369 0.814973
vn -0.404089 0.415369 0.814973
vn 0.837142 0.159490 0.523217
vn -0.349584 0.672851 0.651968
vn -0.349584 0.672851 0.651968
vn 0.837142 0.159490 0.523217
vn -0.243248 0.882973 0.401483
vn -0.243248 0.882973 0.401483
vn 0.837142 0.159490 0.523217
vn -0.125460 0.977903 0.167226
vn -0.125460 0.977903 0.167226
vn 0.837142 0.159490 0.523217
vn -0.026323 0.999410 -0.022048
vn -0.026323 0.999410 -0.022048
vn 0.837142 0.159490 0.523217
vn 0.107620 0.958495 -0.264019
vn -0.098505 -0.297642 0.949582
vn -0.210711 -0.332869 0.919130
vn -0.389375 -0.070944 0.918343
vn -0.356678 -0.077724 0.930989
vn -0.525774 0.099982 0.844728
vn -0.356678 -0.077724 0.930989
vn -0.389375 -0.070944 0.918343
vn -0.498630 0.139227 0.855560
vn -0.659303 0.275152 0.699722
vn -0.525774 0.099982 0.844728
vn -0.498630 0.139227 0.855560
vn -0.579937 0.348619 0.736300
vn -0.756453 0.459732 0.465216
vn -0.659303 0.275152 0.699722
vn -0.579937 0.348619 0.736300
vn -0.628691 0.571536 0.527346
vn -0.773988 0.617128 0.141756
vn -0.756453 0.459732 0.465216
vn -0.628691 0.571536 0.527346
vn -0.607727 0.760614 0.228331
vn -0.715381 0.686822 -0.128474
vn -0.773988 0.617128 0.141756
vn -0.607727 0.760614 0.228331
vn -0.531942 0.846159 -0.032448
vn -0.635267 0.703737 -0.318102
vn -0.715381 0.686822 -0.128474
vn -0.531942 0.846159 -0.032448
vn -0.445466 0.864974 -0.231041
vn -0.487875 0.681898 -0.544971
vn -0.635267 0.703737 -0.318102
vn -0.445466 0.864974 -0.231041
vn -0.301409 0.828177 -0.472521
vn -0.164346 0.537260 -0.827250
vn -0.487875 0.681898 -0.544971
vn -0.301409 0.828177 -0.472521
vn -0.026337 0.642834 -0.765553
vn 0.221204 0.263510 -0.938952
vn -0.164346 0.537260 -0.827250
vn -0.026337 0.642834 -0.765553
vn 0.269256 0.315248 -0.910011
vn 0.445263 0.055471 -0.893680
vn 0.221204 0.263510 -0.938952
vn 0.269256 0.315248 -0.910011
vn 0.432647 0.063809 -0.899303
vn 0.590102 -0.106131 -0.800322
vn 0.445263 0.055471 -0.893680
vn 0.432647 0.063809 -0.899303
vn 0.530840 -0.128268 -0.837709
vn 0.698420 -0.251830 -0.669919
vn 0.590102 -0.106131 -0.800322
vn 0.530840 -0.128268 -0.837709
vn 0.601251 -0.306641 -0.737881
vn 0.773233 -0.382862 -0.505497
vn 0.698420 -0.251830 -0.669919
vn 0.601251 -0.306641 -0.737881
vn 0.644986 -0.472154 -0.600886
vn 0.814298 -0.524859 -0.247874
vn 0.773233 -0.382862 -0.505497
vn 0.644986 -0.472154 -0.600886
vn 0.656063 -0.657758 -0.370049
vn 0.764002 -0.635906 0.109197
vn 0.814298 -0.524859 -0.247874
vn 0.656063 -0.657758 -0.370049
vn 0.582609 -0.812680 -0.010816
vn 0.625156 -0.657374 0.420761
vn 0.764002 -0.635906 0.109197
vn 0.582609 -0.812680 -0.010816
vn 0.432089 -0.839999 0.328177
vn 0.451427 -0.614098 0.647377
vn 0.625156 -0.657374 0.420761
vn 0.432089 -0.839999 0.328177
vn 0.259981 -0.770702 0.581746
vn 0.221762 -0.507431 0.832668
vn 0.451427 -0.614098 0.647377
vn 0.259981 -0.770702 0.581746
vn 0.048706 -0.611367 0.789847
vn -0.098505 -0.297642 0.949582
vn 0.221762 -0.507431 0.832668
vn 0.048706 -0.611367 0.789847
vn -0.210711 -0.332869 0.919130
vn -0.498630 0.139227 0.855560
vn -0.389375 -0.070944 0.918343
vn -0.400956 -0.088074 0.911854
vn -0.417969 0.164334 0.893474
vn -0.579937 0.348619 0.736300
vn -0.498630 0.139227 0.855560
vn -0.417969 0.164334 0.893474
vn -0.404089 0.415369 0.814973
vn -0.628691 0.571536 0.527346
vn -0.579937 0.348619 0.736300
vn -0.404089 0.415369 0.814973
vn -0.349584 0.672851 0.651968
vn -0.607727 0.760614 0.228331
vn -0.628691 0.571536 0.527346
vn -0.349584 0.672851 0.651968
vn -0.243248 0.882973 0.401483
vn -0.531942 0.846159 -0.032448
vn -0.607727 0.760614 0.228331
vn -0.243248 0.882973 0.401483
vn -0.125460 0.977903 0.167226
vn -0.445466 0.864974 -0.231041
vn -0.531942 0.846159 -0.032448
vn -0.125460 0.977903 0.167226
vn -0.026323 0.999410 -0.022048
vn -0.301409 0.828177 -0.472521
vn -0.445466 0.864974 -0.231041
vn -0.026323 0.999410 -0.022048
vn 0.107620 0.958495 -0.264019
vn -0.026337 0.642834 -0.765553
vn -0.301409 0.828177 -0.472521
vn 0.107620 0.958495 -0.264019
vn 0.314398 0.750185 -0.581702
vn 0.269256 0.315248 -0.910011
vn -0.026337 0.642834 -0.765553
vn 0.314398 0.750185 -0.581702
vn 0.475114 0.386484 -0.790504
vn 0.432647 0.063809 -0.899303
vn 0.269256 0.315248 -0.910011
vn 0.475114 0.386484 -0.790504
vn 0.531303 0.095175 -0.841819
vn 0.530840 -0.128268 -0.837709
vn 0.432647 0.063809 -0.899303
vn 0.531303 0.095175 -0.841819
vn 0.545745 -0.136142 -0.826818
vn 0.601251 -0.306641 -0.737881
vn 0.530840 -0.128268 -0.837709
vn 0.545745 -0.136142 -0.826818
vn 0.534189 -0.352251 -0.768480
vn 0.644986 -0.472154 -0.600886
vn 0.601251 -0.306641 -0.737881
vn 0.534189 -0.352251 -0.768480
vn 0.498666 -0.553346 -0.667188
vn 0.656063 -0.657758 -0.370049
vn 0.644986 -0.472154 -0.600886
vn 0.498666 -0.553346 -0.667188
vn 0.417315 -0.774818 -0.474874
vn 0.582609 -0.812680 -0.010816
vn 0.656063 -0.657758 -0.370049
vn 0.417315 -0.774818 -0.474874
vn 0.263556 -0.950625 -0.163858
vn 0.432089 -0.839999 0.328177
vn 0.582609 -0.812680 -0.010816
vn 0.263556 -0.950625 -0.163858
vn 0.095685 -0.984157 0.149261
vn 0.259981 -0.770702 0.581746
vn 0.432089 -0.839999 0.328177
vn 0.095685 -0.984157 0.149261
vn -0.050885 -0.910173 0.411092
vn 0.048706 -0.611367 0.789847
vn 0.259981 -0.770702 0.581746
vn -0.050885 -0.910173 0.411092
vn -0.196538 -0.727562 0.657288
vn -0.210711 -0.332869 0.919130
vn 0.048706 -0.611367 0.789847
vn -0.196538 -0.727562 0.657288
vn -0.334465 -0.400579 0.853036
vn -0.389375 -0.070944 0.918343
vn -0.210711 -0.332869 0.919130
vn -0.334465 -0.400579 0.853036
vn -0.400956 -0.088074 0.911854
s off
g Skeletal_Tree_FREE
usemtl Tree_1SG
f 1/1/1 2/2/2 113/3/3 114/4/4
f 2/2/5 3/5/6 112/6/7 113/3/8
f 3/5/9 4/7/10 111/8/11 112/6/12
f 4/7/13 5/9/14 110/10/15 111/8/16
f 5/9/17 6/11/18 109/12/19 110/10/20
f 6/11/21 7/13/22 108/14/23 109/12/24
f 7/13/25 8/15/26 107/16/27 108/14/28
f 8/15/29 9/17/30 106/18/31 107/16/32
f 9/17/33 10/19/34 105/20/35 106/18/36
f 10/19/37 11/21/38 104/22/39 105/20/40
f 11/21/41 12/23/42 103/24/43 104/22/44
f 12/23/45 13/25/46 102/26/47 103/24/48
f 13/25/49 14/27/50 101/28/51 102/26/52
f 14/27/53 15/29/54 120/30/55 101/28/56
f 15/29/57 16/31/58 119/32/59 120/30/60
f 16/31/61 17/33/62 118/34/63 119/32/64
f 17/33/65 18/35/66 117/36/67 118/34/68
f 18/35/69 19/37/70 116/38/71 117/36/72
f 19/3673/73 20/39/74 115/40/75 116/3669/76
f 20/39/77 1/1/78 114/4/79 115/40/80
f 21/41/81 22/42/82 71/43/83 72/44/84
f 22/42/85 23/45/86 70/46/87 71/43/88
f 23/45/89 24/47/90 69/48/91 70/46/92
f 24/47/93 25/49/94 68/50/95 69/48/96
f 25/49/97 26/51/98 67/52/99 68/50/100
f 26/51/101 27/53/102 66/54/103 67/52/104
f 27/53/105 28/55/106 65/56/107 66/54/108
f 28/55/109 29/57/110 64/58/111 65/56/112
f 29/57/113 30/59/114 63/60/115 64/58/116
f 30/59/117 31/61/118 62/62/119 63/60/120
f 31/61/121 32/63/122 61/64/123 62/62/124
f 32/63/125 33/65/126 80/66/127 61/64/128
f 33/65/129 34/67/130 79/68/131 80/66/132
f 34/67/133 35/69/134 78/70/135 79/68/136
f 35/69/137 36/71/138 77/72/139 78/70/140
f 36/71/141 37/73/142 76/74/143 77/72/144
f 37/73/145 38/75/146 75/76/147 76/74/148
f 38/75/149 39/77/150 74/78/151 75/76/152
f 39/3671/153 40/79/154 73/80/155 74/3672/156
f 40/79/157 21/41/158 72/44/159 73/80/160
f 62/62/161 61/64/162 52/81/163 51/82/164
f 63/60/165 62/62/166 51/82/167 50/83/168
f 64/58/169 63/60/170 50/83/171 49/84/172
f 65/56/173 64/58/174 49/84/175 48/85/176
f 66/54/177 65/56/178 48/85/179 47/86/180
f 67/52/181 66/54/182 47/86/183 46/87/184
f 68/50/185 67/52/186 46/87/187 45/88/188
f 69/48/189 68/50/190 45/88/191 44/89/192
f 70/46/193 69/48/194 44/89/195 43/90/196
f 71/43/197 70/46/198 43/90/199 42/91/200
f 72/44/201 71/43/202 42/91/203 41/92/204
f 73/80/205 72/44/206 41/92/207 60/93/208
f 74/3672/209 73/80/210 60/93/211 59/94/212
f 75/76/213 74/78/214 59/3668/215 58/95/216
f 76/74/217 75/76/218 58/95/219 57/96/220
f 77/72/221 76/74/222 57/96/223 56/97/224
f 78/70/225 77/72/226 56/97/227 55/98/228
f 79/68/229 78/70/230 55/98/231 54/99/232
f 80/66/233 79/68/234 54/99/235 53/100/236
f 61/64/237 80/66/238 53/100/239 52/81/240
f 82/101/241 81/102/242 34/67/243 33/65/244
f 83/103/245 82/101/246 33/65/247 32/63/248
f 84/104/249 83/103/250 32/63/251 31/61/252
f 85/105/253 84/104/254 31/61/255 30/59/256
f 86/106/257 85/105/258 30/59/259 29/57/260
f 87/107/261 86/106/262 29/57/263 28/55/264
f 88/108/265 87/107/266 28/55/267 27/53/268
f 89/109/269 88/108/270 27/53/271 26/51/272
f 90/110/273 89/109/274 26/51/275 25/49/276
f 91/111/277 90/110/278 25/49/279 24/47/280
f 92/112/281 91/111/282 24/47/283 23/45/284
f 93/113/285 92/112/286 23/45/287 22/42/288
f 94/114/289 93/113/290 22/42/291 21/41/292
f 95/115/293 94/114/294 21/41/295 40/79/296
f 96/3670/297 95/115/298 40/79/299 39/3671/300
f 97/117/301 96/116/302 39/77/303 38/75/304
f 98/118/305 97/117/306 38/75/307 37/73/308
f 99/119/309 98/118/310 37/73/311 36/71/312
f 100/120/313 99/119/314 36/71/315 35/69/316
f 81/102/317 100/120/318 35/69/319 34/67/320
f 102/26/321 101/28/322 81/102/323 82/101/324
f 103/24/325 102/26/326 82/101/327 83/103/328
f 104/22/329 103/24/330 83/103/331 84/104/332
f 105/20/333 104/22/334 84/104/335 85/105/336
f 106/18/337 105/20/338 85/105/339 86/106/340
f 107/16/341 106/18/342 86/106/343 87/107/344
f 108/14/345 107/16/346 87/107/347 88/108/348
f 109/12/349 108/14/350 88/108/351 89/109/352
f 110/10/353 109/12/354 89/109/355 90/110/356
f 111/8/357 110/10/358 90/110/359 91/111/360
f 112/6/361 111/8/362 91/111/363 92/112/364
f 113/3/365 112/6/366 92/112/367 93/113/368
f 114/4/369 113/3/370 93/113/371 94/114/372
f 115/40/373 114/4/374 94/114/375 95/115/376
f 116/3669/377 115/40/378 95/115/379 96/3670/380
f 117/36/381 116/38/382 96/116/383 97/117/384
f 118/34/385 117/36/386 97/117/387 98/118/388
f 119/32/389 118/34/390 98/118/391 99/119/392
f 120/30/393 119/32/394 99/119/395 100/120/396
f 101/28/397 120/30/398 100/120/399 81/102/400
f 41/92/401 42/91/402 122/121/403 121/122/404
f 42/91/405 43/90/406 123/123/407 122/121/408
f 43/90/409 44/89/410 124/124/411 123/123/412
f 44/89/413 45/88/414 125/125/415 124/124/416
f 45/88/417 46/87/418 126/126/419 125/125/420
f 46/87/421 47/86/422 127/127/423 126/126/424
f 47/86/425 48/85/426 128/128/427 127/127/428
f 48/85/429 49/84/430 129/129/431 128/128/432
f 49/84/433 50/83/434 130/130/435 129/129/436
f 50/83/437 51/82/438 131/131/439 130/130/440
f 51/82/441 52/81/442 132/132/443 131/131/444
f 52/81/445 53/100/446 133/133/447 132/132/448
f 53/100/449 54/99/450 134/134/451 133/133/452
f 54/99/453 55/98/454 135/135/455 134/134/456
f 55/98/457 56/97/458 136/136/459 135/135/460
f 56/97/461 57/96/462 137/137/463 136/136/464
f 57/96/465 58/95/466 138/138/467 137/137/468
f 58/95/469 59/3668/470 139/3667/471 138/138/472
f 59/94/473 60/93/474 140/140/475 139/139/476
f 60/93/477 41/92/478 121/122/479 140/140/480
f 121/122/481 122/121/482 142/141/483 141/142/484
f 122/121/485 123/123/486 143/143/487 142/141/488
f 123/123/489 124/124/490 144/144/491 143/143/492
f 124/124/493 125/125/494 145/145/495 144/144/496
f 125/125/497 126/126/498 146/146/499 145/145/500
f 126/126/501 127/127/502 147/147/503 146/146/504
f 127/127/505 128/128/506 148/148/507 147/147/508
f 128/128/509 129/129/510 149/149/511 148/148/512
f 129/129/513 130/130/514 150/150/515 149/149/516
f 130/130/517 131/131/518 151/151/519 150/150/520
f 131/131/521 132/132/522 152/152/523 151/151/524
f 132/132/525 133/133/526 153/153/527 152/152/528
f 133/133/529 134/134/530 154/154/531 153/153/532
f 134/134/533 135/135/534 155/155/535 154/154/536
f 135/135/537 136/136/538 156/156/539 155/155/540
f 136/136/541 137/137/542 157/157/543 156/156/544
f 137/137/545 138/138/546 158/158/547 157/157/548
f 138/138/549 139/3667/550 159/3666/551 158/158/552
f 139/139/553 140/140/554 160/160/555 159/159/556
f 140/140/557 121/122/558 141/142/559 160/160/560
f 141/142/561 142/141/562 162/161/563 161/162/564
f 142/141/565 143/143/566 163/163/567 162/161/568
f 143/143/569 144/144/570 164/164/571 163/163/572
f 144/144/573 145/145/574 165/165/575 164/164/576
f 145/145/577 146/146/578 166/166/579 165/165/580
f 146/146/581 147/147/582 167/167/583 166/166/584
f 147/147/585 148/148/586 168/168/587 167/167/588
f 148/148/589 149/149/590 169/169/591 168/168/592
f 149/149/593 150/150/594 170/170/595 169/169/596
f 150/150/597 151/151/598 171/171/599 170/170/600
f 151/151/601 152/152/602 172/172/603 171/171/604
f 152/152/605 153/153/606 173/173/607 172/172/608
f 153/153/609 154/154/610 174/174/611 173/173/612
f 154/154/613 155/155/614 175/175/615 174/174/616
f 155/155/617 156/156/618 176/176/619 175/175/620
f 156/156/621 157/157/622 177/177/623 176/176/624
f 157/157/625 158/158/626 178/178/627 177/177/628
f 158/158/629 159/3666/630 179/3665/631 178/178/632
f 159/159/633 160/160/634 180/180/635 179/179/636
f 160/160/637 141/142/638 161/162/639 180/180/640
f 161/162/641 162/161/642 602/181/643 603/182/644
f 162/161/645 163/163/646 621/183/647 602/181/648
f 163/163/649 164/164/650 620/184/651 621/183/652
f 164/164/653 165/165/654 619/185/655 620/184/656
f 165/165/657 166/166/658 618/186/659 619/185/660
f 166/166/661 167/167/662 617/187/663 618/186/664
f 167/167/665 168/168/666 616/188/667 617/187/668
f 168/168/669 169/169/670 615/189/671 616/188/672
f 169/169/673 170/170/674 614/190/675 615/189/676
f 170/170/677 171/171/678 613/191/679 614/190/680
f 171/171/681 172/172/682 612/192/683 613/191/684
f 172/172/685 173/173/686 611/193/687 612/192/688
f 173/173/689 174/174/690 610/194/691 611/193/692
f 174/174/693 175/175/694 609/195/695 610/194/696
f 175/175/697 176/176/698 608/196/699 609/195/700
f 176/176/701 177/177/702 607/197/703 608/196/704
f 177/177/705 178/178/706 606/198/707 607/197/708
f 178/178/709 179/3665/710 605/199/711 606/198/712
f 179/179/713 180/180/714 604/200/715 605/3643/716
f 180/180/717 161/162/718 603/182/719 604/200/720
f 181/201/721 182/202/722 202/203/723 201/204/724
f 182/202/725 183/205/726 203/206/727 202/203/728
f 183/205/729 184/207/730 204/208/731 203/206/732
f 184/207/733 185/209/734 205/210/735 204/208/736
f 185/209/737 186/211/738 206/212/739 205/210/740
f 186/211/741 187/213/742 207/214/743 206/212/744
f 187/213/745 188/215/746 208/216/747 207/214/748
f 188/215/749 189/217/750 209/218/751 208/216/752
f 189/217/753 190/219/754 210/220/755 209/218/756
f 190/219/757 191/221/758 211/222/759 210/220/760
f 191/221/761 192/223/762 212/224/763 211/222/764
f 192/223/765 193/225/766 213/226/767 212/224/768
f 193/225/769 194/227/770 214/228/771 213/226/772
f 194/227/773 195/229/774 215/230/775 214/228/776
f 195/229/777 196/231/778 216/232/779 215/230/780
f 196/231/781 197/233/782 217/234/783 216/232/784
f 197/233/785 198/235/786 218/236/787 217/234/788
f 198/235/789 199/237/790 219/3664/791 218/236/792
f 199/3644/793 200/239/794 220/240/795 219/238/796
f 200/239/797 181/201/798 201/204/799 220/240/800
f 201/204/801 202/203/802 222/241/803 221/242/804
f 202/203/805 203/206/806 223/243/807 222/241/808
f 203/206/809 204/208/810 224/244/811 223/243/812
f 204/208/813 205/210/814 225/245/815 224/244/816
f 205/210/817 206/212/818 226/246/819 225/245/820
f 206/212/821 207/214/822 227/247/823 226/246/824
f 207/214/825 208/216/826 228/248/827 227/247/828
f 208/216/829 209/218/830 229/249/831 228/248/832
f 209/218/833 210/220/834 230/250/835 229/249/836
f 210/220/837 211/222/838 231/251/839 230/250/840
f 211/222/841 212/224/842 232/252/843 231/251/844
f 212/224/845 213/226/846 233/253/847 232/252/848
f 213/226/849 214/228/850 234/254/851 233/253/852
f 214/228/853 215/230/854 235/255/855 234/254/856
f 215/230/857 216/232/858 236/256/859 235/255/860
f 216/232/861 217/234/862 237/257/863 236/256/864
f 217/234/865 218/236/866 238/258/867 237/257/868
f 218/236/869 219/3664/870 239/3663/871 238/258/872
f 219/238/873 220/240/874 240/260/875 239/259/876
f 220/240/877 201/204/878 221/242/879 240/260/880
f 221/242/881 222/241/882 601/261/883 582/262/884
f 222/241/885 223/243/886 600/263/887 601/261/888
f 223/243/889 224/244/890 599/264/891 600/263/892
f 224/244/893 225/245/894 598/265/895 599/264/896
f 225/245/897 226/246/898 597/266/899 598/265/900
f 226/246/901 227/247/902 596/267/903 597/266/904
f 227/247/905 228/248/906 595/268/907 596/267/908
f 228/248/909 229/249/910 594/269/911 595/268/912
f 229/249/913 230/250/914 593/270/915 594/269/916
f 230/250/917 231/251/918 592/271/919 593/270/920
f 231/251/921 232/252/922 591/272/923 592/271/924
f 232/252/925 233/253/926 590/273/927 591/272/928
f 233/253/929 234/254/930 589/274/931 590/273/932
f 234/254/933 235/255/934 588/275/935 589/274/936
f 235/255/937 236/256/938 587/276/939 588/275/940
f 236/256/941 237/257/942 586/277/943 587/276/944
f 237/257/945 238/258/946 585/278/947 586/277/948
f 238/258/949 239/3663/950 584/279/951 585/278/952
f 239/259/953 240/260/954 583/280/955 584/3645/956
f 240/260/957 221/242/958 582/262/959 583/280/960
f 241/281/961 242/282/962 574/283/963 575/284/964
f 242/282/965 243/285/966 573/286/967 574/283/968
f 243/285/969 244/287/970 572/288/971 573/286/972
f 244/287/973 245/289/974 571/290/975 572/288/976
f 245/289/977 246/291/978 570/292/979 571/290/980
f 246/291/981 247/293/982 569/294/983 570/292/984
f 247/293/985 248/295/986 568/296/987 569/294/988
f 248/295/989 249/297/990 567/298/991 568/296/992
f 249/297/993 250/299/994 566/300/995 567/298/996
f 250/299/997 251/301/998 565/302/999 566/300/1000
f 251/301/1001 252/303/1002 564/304/1003 565/302/1004
f 252/303/1005 253/305/1006 563/306/1007 564/304/1008
f 253/305/1009 254/307/1010 562/308/1011 563/306/1012
f 254/307/1013 255/309/1014 581/310/1015 562/308/1016
f 255/309/1017 256/311/1018 580/312/1019 581/310/1020
f 256/311/1021 257/313/1022 579/314/1023 580/312/1024
f 257/313/1025 258/315/1026 578/316/1027 579/314/1028
f 258/315/1029 259/317/1030 577/318/1031 578/316/1032
f 259/3646/1033 260/319/1034 576/320/1035 577/3647/1036
f 260/319/1037 241/281/1038 575/284/1039 576/320/1040
f 261/321/1041 262/322/1042 282/323/1043 281/324/1044
f 262/322/1045 263/325/1046 283/326/1047 282/323/1048
f 263/325/1049 264/327/1050 284/328/1051 283/326/1052
f 264/327/1053 265/329/1054 285/330/1055 284/328/1056
f 265/329/1057 266/331/1058 286/332/1059 285/330/1060
f 266/331/1061 267/333/1062 287/334/1063 286/332/1064
f 267/333/1065 268/335/1066 288/336/1067 287/334/1068
f 268/335/1069 269/337/1070 289/338/1071 288/336/1072
f 269/337/1073 270/339/1074 290/340/1075 289/338/1076
f 270/339/1077 271/341/1078 291/342/1079 290/340/1080
f 271/341/1081 272/343/1082 292/344/1083 291/342/1084
f 272/343/1085 273/345/1086 293/346/1087 292/344/1088
f 273/345/1089 274/347/1090 294/348/1091 293/346/1092
f 274/347/1093 275/349/1094 295/350/1095 294/348/1096
f 275/349/1097 276/351/1098 296/352/1099 295/350/1100
f 276/351/1101 277/353/1102 297/354/1103 296/352/1104
f 277/353/1105 278/355/1106 298/356/1107 297/354/1108
f 278/355/1109 279/357/1110 299/3662/1111 298/356/1112
f 279/3648/1113 280/359/1114 300/360/1115 299/358/1116
f 280/359/1117 261/321/1118 281/324/1119 300/360/1120
f 281/324/1121 282/323/1122 302/361/1123 301/362/1124
f 282/323/1125 283/326/1126 303/363/1127 302/361/1128
f 283/326/1129 284/328/1130 304/364/1131 303/363/1132
f 284/328/1133 285/330/1134 305/365/1135 304/364/1136
f 285/330/1137 286/332/1138 306/366/1139 305/365/1140
f 286/332/1141 287/334/1142 307/367/1143 306/366/1144
f 287/334/1145 288/336/1146 308/368/1147 307/367/1148
f 288/336/1149 289/338/1150 309/369/1151 308/368/1152
f 289/338/1153 290/340/1154 310/370/1155 309/369/1156
f 290/340/1157 291/342/1158 311/371/1159 310/370/1160
f 291/342/1161 292/344/1162 312/372/1163 311/371/1164
f 292/344/1165 293/346/1166 313/373/1167 312/372/1168
f 293/346/1169 294/348/1170 314/374/1171 313/373/1172
f 294/348/1173 295/350/1174 315/375/1175 314/374/1176
f 295/350/1177 296/352/1178 316/376/1179 315/375/1180
f 296/352/1181 297/354/1182 317/377/1183 316/376/1184
f 297/354/1185 298/356/1186 318/378/1187 317/377/1188
f 298/356/1189 299/3662/1190 319/3661/1191 318/378/1192
f 299/358/1193 300/360/1194 320/380/1195 319/379/1196
f 300/360/1197 281/324/1198 301/362/1199 320/380/1200
f 301/362/1201 302/361/1202 322/381/1203 321/382/1204
f 302/361/1205 303/363/1206 323/383/1207 322/381/1208
f 303/363/1209 304/364/1210 324/384/1211 323/383/1212
f 304/364/1213 305/365/1214 325/385/1215 324/384/1216
f 305/365/1217 306/366/1218 326/386/1219 325/385/1220
f 306/366/1221 307/367/1222 327/387/1223 326/386/1224
f 307/367/1225 308/368/1226 328/388/1227 327/387/1228
f 308/368/1229 309/369/1230 329/389/1231 328/388/1232
f 309/369/1233 310/370/1234 330/390/1235 329/389/1236
f 310/370/1237 311/371/1238 331/391/1239 330/390/1240
f 311/371/1241 312/372/1242 332/392/1243 331/391/1244
f 312/372/1245 313/373/1246 333/393/1247 332/392/1248
f 313/373/1249 314/374/1250 334/394/1251 333/393/1252
f 314/374/1253 315/375/1254 335/395/1255 334/394/1256
f 315/375/1257 316/376/1258 336/396/1259 335/395/1260
f 316/376/1261 317/377/1262 337/397/1263 336/396/1264
f 317/377/1265 318/378/1266 338/398/1267 337/397/1268
f 318/378/1269 319/3661/1270 339/3660/1271 338/398/1272
f 319/379/1273 320/380/1274 340/400/1275 339/399/1276
f 320/380/1277 301/362/1278 321/382/1279 340/400/1280
f 321/382/1281 322/381/1282 503/401/1283 504/402/1284
f 322/381/1285 323/383/1286 502/403/1287 503/401/1288
f 323/383/1289 324/384/1290 521/404/1291 502/403/1292
f 324/384/1293 325/385/1294 520/405/1295 521/404/1296
f 325/385/1297 326/386/1298 519/406/1299 520/405/1300
f 326/386/1301 327/387/1302 518/407/1303 519/406/1304
f 327/387/1305 328/388/1306 517/408/1307 518/407/1308
f 328/388/1309 329/389/1310 516/409/1311 517/408/1312
f 329/389/1313 330/390/1314 515/410/1315 516/409/1316
f 330/390/1317 331/391/1318 514/411/1319 515/410/1320
f 331/391/1321 332/392/1322 513/412/1323 514/411/1324
f 332/392/1325 333/393/1326 512/413/1327 513/412/1328
f 333/393/1329 334/394/1330 511/414/1331 512/413/1332
f 334/394/1333 335/395/1334 510/415/1335 511/414/1336
f 335/395/1337 336/396/1338 509/416/1339 510/415/1340
f 336/396/1341 337/397/1342 508/417/1343 509/416/1344
f 337/397/1345 338/398/1346 507/418/1347 508/417/1348
f 338/398/1349 339/3660/1350 506/419/1351 507/418/1352
f 339/399/1353 340/400/1354 505/420/1355 506/3653/1356
f 340/400/1357 321/382/1358 504/402/1359 505/420/1360
f 341/421/1361 342/422/1362 362/423/1363 361/424/1364
f 342/422/1365 343/425/1366 363/426/1367 362/423/1368
f 343/425/1369 344/427/1370 364/428/1371 363/426/1372
f 344/427/1373 345/429/1374 365/430/1375 364/428/1376
f 345/429/1377 346/431/1378 366/432/1379 365/430/1380
f 346/431/1381 347/433/1382 367/434/1383 366/432/1384
f 347/433/1385 348/435/1386 368/436/1387 367/434/1388
f 348/435/1389 349/437/1390 369/438/1391 368/436/1392
f 349/437/1393 350/439/1394 370/440/1395 369/438/1396
f 350/439/1397 351/441/1398 371/442/1399 370/440/1400
f 351/441/1401 352/443/1402 372/444/1403 371/442/1404
f 352/443/1405 353/445/1406 373/446/1407 372/444/1408
f 353/445/1409 354/447/1410 374/448/1411 373/446/1412
f 354/447/1413 355/449/1414 375/450/1415 374/448/1416
f 355/449/1417 356/451/1418 376/452/1419 375/450/1420
f 356/451/1421 357/453/1422 377/454/1423 376/452/1424
f 357/453/1425 358/455/1426 378/456/1427 377/454/1428
f 358/455/1429 359/457/1430 379/3659/1431 378/456/1432
f 359/3654/1433 360/459/1434 380/460/1435 379/458/1436
f 360/459/1437 341/421/1438 361/424/1439 380/460/1440
f 361/424/1441 362/423/1442 382/461/1443 381/462/1444
f 362/423/1445 363/426/1446 383/463/1447 382/461/1448
f 363/426/1449 364/428/1450 384/464/1451 383/463/1452
f 364/428/1453 365/430/1454 385/465/1455 384/464/1456
f 365/430/1457 366/432/1458 386/466/1459 385/465/1460
f 366/432/1461 367/434/1462 387/467/1463 386/466/1464
f 367/434/1465 368/436/1466 388/468/1467 387/467/1468
f 368/436/1469 369/438/1470 389/469/1471 388/468/1472
f 369/438/1473 370/440/1474 390/470/1475 389/469/1476
f 370/440/1477 371/442/1478 391/471/1479 390/470/1480
f 371/442/1481 372/444/1482 392/472/1483 391/471/1484
f 372/444/1485 373/446/1486 393/473/1487 392/472/1488
f 373/446/1489 374/448/1490 394/474/1491 393/473/1492
f 374/448/1493 375/450/1494 395/475/1495 394/474/1496
f 375/450/1497 376/452/1498 396/476/1499 395/475/1500
f 376/452/1501 377/454/1502 397/477/1503 396/476/1504
f 377/454/1505 378/456/1506 398/478/1507 397/477/1508
f 378/456/1509 379/3659/1510 399/3658/1511 398/478/1512
f 379/458/1513 380/460/1514 400/480/1515 399/479/1516
f 380/460/1517 361/424/1518 381/462/1519 400/480/1520
f 381/462/1521 382/461/1522 522/481/1523 523/482/1524
f 382/461/1525 383/463/1526 541/483/1527 522/481/1528
f 383/463/1529 384/464/1530 540/484/1531 541/483/1532
f 384/464/1533 385/465/1534 539/485/1535 540/484/1536
f 385/465/1537 386/466/1538 538/486/1539 539/485/1540
f 386/466/1541 387/467/1542 537/487/1543 538/486/1544
f 387/467/1545 388/468/1546 536/488/1547 537/487/1548
f 388/468/1549 389/469/1550 535/489/1551 536/488/1552
f 389/469/1553 390/470/1554 534/490/1555 535/489/1556
f 390/470/1557 391/471/1558 533/491/1559 534/490/1560
f 391/471/1561 392/472/1562 532/492/1563 533/491/1564
f 392/472/1565 393/473/1566 531/493/1567 532/492/1568
f 393/473/1569 394/474/1570 530/494/1571 531/493/1572
f 394/474/1573 395/475/1574 529/495/1575 530/494/1576
f 395/475/1577 396/476/1578 528/496/1579 529/495/1580
f 396/476/1581 397/477/1582 527/497/1583 528/496/1584
f 397/477/1585 398/478/1586 526/498/1587 527/497/1588
f 398/478/1589 399/3658/1590 525/499/1591 526/498/1592
f 399/479/1593 400/480/1594 524/500/1595 525/3651/1596
f 400/480/1597 381/462/1598 523/482/1599 524/500/1600
f 401/501/1601 402/502/1602 561/503/1603 542/504/1604
f 402/502/1605 403/505/1606 560/506/1607 561/503/1608
f 403/505/1609 404/507/1610 559/508/1611 560/506/1612
f 404/507/1613 405/509/1614 558/510/1615 559/508/1616
f 405/509/1617 406/511/1618 557/512/1619 558/510/1620
f 406/511/1621 407/513/1622 556/514/1623 557/512/1624
f 407/513/1625 408/515/1626 555/516/1627 556/514/1628
f 408/515/1629 409/517/1630 554/518/1631 555/516/1632
f 409/517/1633 410/519/1634 553/520/1635 554/518/1636
f 410/519/1637 411/521/1638 552/522/1639 553/520/1640
f 411/521/1641 412/523/1642 551/524/1643 552/522/1644
f 412/523/1645 413/525/1646 550/526/1647 551/524/1648
f 413/525/1649 414/527/1650 549/528/1651 550/526/1652
f 414/527/1653 415/529/1654 548/530/1655 549/528/1656
f 415/529/1657 416/531/1658 547/532/1659 548/530/1660
f 416/531/1661 417/533/1662 546/534/1663 547/532/1664
f 417/533/1665 418/535/1666 545/536/1667 546/534/1668
f 418/535/1669 419/537/1670 544/538/1671 545/536/1672
f 419/3652/1673 420/539/1674 543/540/1675 544/3649/1676
f 420/539/1677 401/501/1678 542/504/1679 543/540/1680
f 421/541/1681 422/542/1682 442/543/1683 441/544/1684
f 422/542/1685 423/545/1686 443/546/1687 442/543/1688
f 423/545/1689 424/547/1690 444/548/1691 443/546/1692
f 424/547/1693 425/549/1694 445/550/1695 444/548/1696
f 425/549/1697 426/551/1698 446/552/1699 445/550/1700
f 426/551/1701 427/553/1702 447/554/1703 446/552/1704
f 427/553/1705 428/555/1706 448/556/1707 447/554/1708
f 428/555/1709 429/557/1710 449/558/1711 448/556/1712
f 429/557/1713 430/559/1714 450/560/1715 449/558/1716
f 430/559/1717 431/561/1718 451/562/1719 450/560/1720
f 431/561/1721 432/563/1722 452/564/1723 451/562/1724
f 432/563/1725 433/565/1726 453/566/1727 452/564/1728
f 433/565/1729 434/567/1730 454/568/1731 453/566/1732
f 434/567/1733 435/569/1734 455/570/1735 454/568/1736
f 435/569/1737 436/571/1738 456/572/1739 455/570/1740
f 436/571/1741 437/573/1742 457/574/1743 456/572/1744
f 437/573/1745 438/575/1746 458/576/1747 457/574/1748
f 438/575/1749 439/577/1750 459/3657/1751 458/576/1752
f 439/3650/1753 440/579/1754 460/580/1755 459/578/1756
f 440/579/1757 421/541/1758 441/544/1759 460/580/1760
f 441/544/1761 442/543/1762 462/581/1763 461/582/1764
f 442/543/1765 443/546/1766 463/583/1767 462/581/1768
f 443/546/1769 444/548/1770 464/584/1771 463/583/1772
f 444/548/1773 445/550/1774 465/585/1775 464/584/1776
f 445/550/1777 446/552/1778 466/586/1779 465/585/1780
f 446/552/1781 447/554/1782 467/587/1783 466/586/1784
f 447/554/1785 448/556/1786 468/588/1787 467/587/1788
f 448/556/1789 449/558/1790 469/589/1791 468/588/1792
f 449/558/1793 450/560/1794 470/590/1795 469/589/1796
f 450/560/1797 451/562/1798 471/591/1799 470/590/1800
f 451/562/1801 452/564/1802 472/592/1803 471/591/1804
f 452/564/1805 453/566/1806 473/593/1807 472/592/1808
f 453/566/1809 454/568/1810 474/594/1811 473/593/1812
f 454/568/1813 455/570/1814 475/595/1815 474/594/1816
f 455/570/1817 456/572/1818 476/596/1819 475/595/1820
f 456/572/1821 457/574/1822 477/597/1823 476/596/1824
f 457/574/1825 458/576/1826 478/598/1827 477/597/1828
f 458/576/1829 459/3657/1830 479/3656/1831 478/598/1832
f 459/578/1833 460/580/1834 480/600/1835 479/599/1836
f 460/580/1837 441/544/1838 461/582/1839 480/600/1840
f 461/582/1841 462/581/1842 482/601/1843 481/602/1844
f 462/581/1845 463/583/1846 483/603/1847 482/601/1848
f 463/583/1849 464/584/1850 484/604/1851 483/603/1852
f 464/584/1853 465/585/1854 485/605/1855 484/604/1856
f 465/585/1857 466/586/1858 486/606/1859 485/605/1860
f 466/586/1861 467/587/1862 487/607/1863 486/606/1864
f 467/587/1865 468/588/1866 488/608/1867 487/607/1868
f 468/588/1869 469/589/1870 489/609/1871 488/608/1872
f 469/589/1873 470/590/1874 490/610/1875 489/609/1876
f 470/590/1877 471/591/1878 491/611/1879 490/610/1880
f 471/591/1881 472/592/1882 492/612/1883 491/611/1884
f 472/592/1885 473/593/1886 493/613/1887 492/612/1888
f 473/593/1889 474/594/1890 494/614/1891 493/613/1892
f 474/594/1893 475/595/1894 495/615/1895 494/614/1896
f 475/595/1897 476/596/1898 496/616/1899 495/615/1900
f 476/596/1901 477/597/1902 497/617/1903 496/616/1904
f 477/597/1905 478/598/1906 498/618/1907 497/617/1908
f 478/598/1909 479/3656/1910 499/3655/1911 498/618/1912
f 479/599/1913 480/600/1914 500/620/1915 499/619/1916
f 480/600/1917 461/582/1918 481/602/1919 500/620/1920
f 481/602/1921 482/601/1922 501/621/1923
f 482/601/1924 483/603/1925 501/621/1926
f 483/603/1927 484/604/1928 501/621/1929
f 484/604/1930 485/605/1931 501/621/1932
f 485/605/1933 486/606/1934 501/621/1935
f 486/606/1936 487/607/1937 501/621/1938
f 487/607/1939 488/608/1940 501/621/1941
f 488/608/1942 489/609/1943 501/621/1944
f 489/609/1945 490/610/1946 501/621/1947
f 490/610/1948 491/611/1949 501/621/1950
f 491/611/1951 492/612/1952 501/621/1953
f 492/612/1954 493/613/1955 501/621/1956
f 493/613/1957 494/614/1958 501/621/1959
f 494/614/1960 495/615/1961 501/621/1962
f 495/615/1963 496/616/1964 501/621/1965
f 496/616/1966 497/617/1967 501/621/1968
f 497/617/1969 498/618/1970 501/621/1971
f 498/618/1972 499/3655/1973 501/621/1974
f 499/619/1975 500/620/1976 501/621/1977
f 500/620/1978 481/602/1979 501/621/1980
f 503/401/1981 502/403/1982 343/425/1983 342/422/1984
f 504/402/1985 503/401/1986 342/422/1987 341/421/1988
f 505/420/1989 504/402/1990 341/421/1991 360/459/1992
f 506/3653/1993 505/420/1994 360/459/1995 359/3654/1996
f 507/418/1997 506/419/1998 359/457/1999 358/455/2000
f 508/417/2001 507/418/2002 358/455/2003 357/453/2004
f 509/416/2005 508/417/2006 357/453/2007 356/451/2008
f 510/415/2009 509/416/2010 356/451/2011 355/449/2012
f 511/414/2013 510/415/2014 355/449/2015 354/447/2016
f 512/413/2017 511/414/2018 354/447/2019 353/445/2020
f 513/412/2021 512/413/2022 353/445/2023 352/443/2024
f 514/411/2025 513/412/2026 352/443/2027 351/441/2028
f 515/410/2029 514/411/2030 351/441/2031 350/439/2032
f 516/409/2033 515/410/2034 350/439/2035 349/437/2036
f 517/408/2037 516/409/2038 349/437/2039 348/435/2040
f 518/407/2041 517/408/2042 348/435/2043 347/433/2044
f 519/406/2045 518/407/2046 347/433/2047 346/431/2048
f 520/405/2049 519/406/2050 346/431/2051 345/429/2052
f 521/404/2053 520/405/2054 345/429/2055 344/427/2056
f 502/403/2057 521/404/2058 344/427/2059 343/425/2060
f 523/482/2061 522/481/2062 402/502/2063 401/501/2064
f 524/500/2065 523/482/2066 401/501/2067 420/539/2068
f 525/3651/2069 524/500/2070 420/539/2071 419/3652/2072
f 526/498/2073 525/499/2074 419/537/2075 418/535/2076
f 527/497/2077 526/498/2078 418/535/2079 417/533/2080
f 528/496/2081 527/497/2082 417/533/2083 416/531/2084
f 529/495/2085 528/496/2086 416/531/2087 415/529/2088
f 530/494/2089 529/495/2090 415/529/2091 414/527/2092
f 531/493/2093 530/494/2094 414/527/2095 413/525/2096
f 532/492/2097 531/493/2098 413/525/2099 412/523/2100
f 533/491/2101 532/492/2102 412/523/2103 411/521/2104
f 534/490/2105 533/491/2106 411/521/2107 410/519/2108
f 535/489/2109 534/490/2110 410/519/2111 409/517/2112
f 536/488/2113 535/489/2114 409/517/2115 408/515/2116
f 537/487/2117 536/488/2118 408/515/2119 407/513/2120
f 538/486/2121 537/487/2122 407/513/2123 406/511/2124
f 539/485/2125 538/486/2126 406/511/2127 405/509/2128
f 540/484/2129 539/485/2130 405/509/2131 404/507/2132
f 541/483/2133 540/484/2134 404/507/2135 403/505/2136
f 522/481/2137 541/483/2138 403/505/2139 402/502/2140
f 543/540/2141 542/504/2142 421/541/2143 440/579/2144
f 544/3649/2145 543/540/2146 440/579/2147 439/3650/2148
f 545/536/2149 544/538/2150 439/577/2151 438/575/2152
f 546/534/2153 545/536/2154 438/575/2155 437/573/2156
f 547/532/2157 546/534/2158 437/573/2159 436/571/2160
f 548/530/2161 547/532/2162 436/571/2163 435/569/2164
f 549/528/2165 548/530/2166 435/569/2167 434/567/2168
f 550/526/2169 549/528/2170 434/567/2171 433/565/2172
f 551/524/2173 550/526/2174 433/565/2175 432/563/2176
f 552/522/2177 551/524/2178 432/563/2179 431/561/2180
f 553/520/2181 552/522/2182 431/561/2183 430/559/2184
f 554/518/2185 553/520/2186 430/559/2187 429/557/2188
f 555/516/2189 554/518/2190 429/557/2191 428/555/2192
f 556/514/2193 555/516/2194 428/555/2195 427/553/2196
f 557/512/2197 556/514/2198 427/553/2199 426/551/2200
f 558/510/2201 557/512/2202 426/551/2203 425/549/2204
f 559/508/2205 558/510/2206 425/549/2207 424/547/2208
f 560/506/2209 559/508/2210 424/547/2211 423/545/2212
f 561/503/2213 560/506/2214 423/545/2215 422/542/2216
f 542/504/2217 561/503/2218 422/542/2219 421/541/2220
f 563/306/2221 562/308/2222 274/347/2223 273/345/2224
f 564/304/2225 563/306/2226 273/345/2227 272/343/2228
f 565/302/2229 564/304/2230 272/343/2231 271/341/2232
f 566/300/2233 565/302/2234 271/341/2235 270/339/2236
f 567/298/2237 566/300/2238 270/339/2239 269/337/2240
f 568/296/2241 567/298/2242 269/337/2243 268/335/2244
f 569/294/2245 568/296/2246 268/335/2247 267/333/2248
f 570/292/2249 569/294/2250 267/333/2251 266/331/2252
f 571/290/2253 570/292/2254 266/331/2255 265/329/2256
f 572/288/2257 571/290/2258 265/329/2259 264/327/2260
f 573/286/2261 572/288/2262 264/327/2263 263/325/2264
f 574/283/2265 573/286/2266 263/325/2267 262/322/2268
f 575/284/2269 574/283/2270 262/322/2271 261/321/2272
f 576/320/2273 575/284/2274 261/321/2275 280/359/2276
f 577/3647/2277 576/320/2278 280/359/2279 279/3648/2280
f 578/316/2281 577/318/2282 279/357/2283 278/355/2284
f 579/314/2285 578/316/2286 278/355/2287 277/353/2288
f 580/312/2289 579/314/2290 277/353/2291 276/351/2292
f 581/310/2293 580/312/2294 276/351/2295 275/349/2296
f 562/308/2297 581/310/2298 275/349/2299 274/347/2300
f 583/280/2301 582/262/2302 241/281/2303 260/319/2304
f 584/3645/2305 583/280/2306 260/319/2307 259/3646/2308
f 585/278/2309 584/279/2310 259/317/2311 258/315/2312
f 586/277/2313 585/278/2314 258/315/2315 257/313/2316
f 587/276/2317 586/277/2318 257/313/2319 256/311/2320
f 588/275/2321 587/276/2322 256/311/2323 255/309/2324
f 589/274/2325 588/275/2326 255/309/2327 254/307/2328
f 590/273/2329 589/274/2330 254/307/2331 253/305/2332
f 591/272/2333 590/273/2334 253/305/2335 252/303/2336
f 592/271/2337 591/272/2338 252/303/2339 251/301/2340
f 593/270/2341 592/271/2342 251/301/2343 250/299/2344
f 594/269/2345 593/270/2346 250/299/2347 249/297/2348
f 595/268/2349 594/269/2350 249/297/2351 248/295/2352
f 596/267/2353 595/268/2354 248/295/2355 247/293/2356
f 597/266/2357 596/267/2358 247/293/2359 246/291/2360
f 598/265/2361 597/266/2362 246/291/2363 245/289/2364
f 599/264/2365 598/265/2366 245/289/2367 244/287/2368
f 600/263/2369 599/264/2370 244/287/2371 243/285/2372
f 601/261/2373 600/263/2374 243/285/2375 242/282/2376
f 582/262/2377 601/261/2378 242/282/2379 241/281/2380
f 603/182/2381 602/181/2382 182/202/2383 181/201/2384
f 604/200/2385 603/182/2386 181/201/2387 200/239/2388
f 605/3643/2389 604/200/2390 200/239/2391 199/3644/2392
f 606/198/2393 605/199/2394 199/237/2395 198/235/2396
f 607/197/2397 606/198/2398 198/235/2399 197/233/2400
f 608/196/2401 607/197/2402 197/233/2403 196/231/2404
f 609/195/2405 608/196/2406 196/231/2407 195/229/2408
f 610/194/2409 609/195/2410 195/229/2411 194/227/2412
f 611/193/2413 610/194/2414 194/227/2415 193/225/2416
f 612/192/2417 611/193/2418 193/225/2419 192/223/2420
f 613/191/2421 612/192/2422 192/223/2423 191/221/2424
f 614/190/2425 613/191/2426 191/221/2427 190/219/2428
f 615/189/2429 614/190/2430 190/219/2431 189/217/2432
f 616/188/2433 615/189/2434 189/217/2435 188/215/2436
f 617/187/2437 616/188/2438 188/215/2439 187/213/2440
f 618/186/2441 617/187/2442 187/213/2443 186/211/2444
f 619/185/2445 618/186/2446 186/211/2447 185/209/2448
f 620/184/2449 619/185/2450 185/209/2451 184/207/2452
f 621/183/2453 620/184/2454 184/207/2455 183/205/2456
f 602/181/2457 621/183/2458 183/205/2459 182/202/2460
f 642/1960/2461 643/1961/2462 632/1962/2463 631/1963/2464
f 644/1964/2465 642/1960/2466 631/1963/2467 630/1965/2468
f 645/1966/2469 644/1964/2470 630/1965/2471 629/1967/2472
f 646/1968/2473 645/1966/2474 629/1967/2475 628/1969/2476
f 647/1970/2477 646/1968/2478 628/1969/2479 627/1971/2480
f 648/1972/2481 647/1970/2482 627/1971/2483 626/1973/2484
f 649/1974/2485 648/1972/2486 626/1973/2487 625/1975/2488
f 650/1976/2489 649/1974/2490 625/1975/2491 624/1977/2492
f 651/1978/2493 650/1976/2494 624/1977/2495 623/1979/2496
f 652/1980/2497 651/1978/2498 623/1979/2499 622/1981/2500
f 653/1982/2501 652/1980/2502 622/1981/2503 641/1983/2504
f 654/1984/2505 653/1982/2506 641/1983/2507 640/1985/2508
f 655/1986/2509 654/1984/2510 640/1985/2511 639/1987/2512
f 656/1988/2513 655/1986/2514 639/1987/2515 638/1989/2516
f 657/1990/2517 656/1988/2518 638/1989/2519 637/1991/2520
f 658/1992/2521 657/1990/2522 637/1991/2523 636/1993/2524
f 659/1994/2525 658/1992/2526 636/1993/2527 635/1995/2528
f 660/1996/2529 659/1994/2530 635/1995/2531 634/1997/2532
f 661/1998/2533 660/1996/2534 634/1997/2535 633/1999/2536
f 643/1961/2537 661/2000/2538 633/2001/2539 632/1962/2540
f 622/1981/2541 623/1979/2542 663/2002/2543 662/2003/2544
f 623/1979/2545 624/1977/2546 664/2004/2547 663/2002/2548
f 624/1977/2549 625/1975/2550 665/2005/2551 664/2004/2552
f 625/1975/2553 626/1973/2554 666/2006/2555 665/2005/2556
f 626/1973/2557 627/1971/2558 667/2007/2559 666/2006/2560
f 627/1971/2561 628/1969/2562 668/2008/2563 667/2007/2564
f 628/1969/2565 629/1967/2566 669/2009/2567 668/2008/2568
f 629/1967/2569 630/1965/2570 670/2010/2571 669/2009/2572
f 630/1965/2573 631/1963/2574 671/2011/2575 670/2010/2576
f 631/1963/2577 632/1962/2578 672/2012/2579 671/2011/2580
f 632/1962/2581 633/2001/2582 673/2013/2583 672/2012/2584
f 633/1999/2585 634/1997/2586 674/2014/2587 673/2015/2588
f 634/1997/2589 635/1995/2590 675/2016/2591 674/2014/2592
f 635/1995/2593 636/1993/2594 676/2017/2595 675/2016/2596
f 636/1993/2597 637/1991/2598 677/2018/2599 676/2017/2600
f 637/1991/2601 638/1989/2602 678/2019/2603 677/2018/2604
f 638/1989/2605 639/1987/2606 679/2020/2607 678/2019/2608
f 639/1987/2609 640/1985/2610 680/2021/2611 679/2020/2612
f 640/1985/2613 641/1983/2614 681/2022/2615 680/2021/2616
f 641/1983/2617 622/1981/2618 662/2003/2619 681/2022/2620
f 662/2003/2621 663/2002/2622 683/2023/2623 682/2024/2624
f 663/2002/2625 664/2004/2626 684/2025/2627 683/2023/2628
f 664/2004/2629 665/2005/2630 685/2026/2631 684/2025/2632
f 665/2005/2633 666/2006/2634 686/2027/2635 685/2026/2636
f 666/2006/2637 667/2007/2638 687/2028/2639 686/2027/2640
f 667/2007/2641 668/2008/2642 688/2029/2643 687/2028/2644
f 668/2008/2645 669/2009/2646 689/2030/2647 688/2029/2648
f 669/2009/2649 670/2010/2650 690/2031/2651 689/2030/2652
f 670/2010/2653 671/2011/2654 691/2032/2655 690/2031/2656
f 671/2011/2657 672/2012/2658 692/2033/2659 691/2032/2660
f 672/2012/2661 673/2013/2662 693/2034/2663 692/2033/2664
f 673/2015/2665 674/2014/2666 694/2035/2667 693/2036/2668
f 674/2014/2669 675/2016/2670 695/2037/2671 694/2035/2672
f 675/2016/2673 676/2017/2674 696/2038/2675 695/2037/2676
f 676/2017/2677 677/2018/2678 697/2039/2679 696/2038/2680
f 677/2018/2681 678/2019/2682 698/2040/2683 697/2039/2684
f 678/2019/2685 679/2020/2686 699/2041/2687 698/2040/2688
f 679/2020/2689 680/2021/2690 700/2042/2691 699/2041/2692
f 680/2021/2693 681/2022/2694 701/2043/2695 700/2042/2696
f 681/2022/2697 662/2003/2698 682/2024/2699 701/2043/2700
f 682/2024/2701 683/2023/2702 703/2044/2703 702/2045/2704
f 683/2023/2705 684/2025/2706 704/2046/2707 703/2044/2708
f 684/2025/2709 685/2026/2710 705/2047/2711 704/2046/2712
f 685/2026/2713 686/2027/2714 706/2048/2715 705/2047/2716
f 686/2027/2717 687/2028/2718 707/2049/2719 706/2048/2720
f 687/2028/2721 688/2029/2722 708/2050/2723 707/2049/2724
f 688/2029/2725 689/2030/2726 709/2051/2727 708/2050/2728
f 689/2030/2729 690/2031/2730 710/2052/2731 709/2051/2732
f 690/2031/2733 691/2032/2734 711/2053/2735 710/2052/2736
f 691/2032/2737 692/2033/2738 712/2054/2739 711/2053/2740
f 692/2033/2741 693/2034/2742 713/2055/2743 712/2054/2744
f 693/2036/2745 694/2035/2746 714/2056/2747 713/2057/2748
f 694/2035/2749 695/2037/2750 715/2058/2751 714/2056/2752
f 695/2037/2753 696/2038/2754 716/2059/2755 715/2058/2756
f 696/2038/2757 697/2039/2758 717/2060/2759 716/2059/2760
f 697/2039/2761 698/2040/2762 718/2061/2763 717/2060/2764
f 698/2040/2765 699/2041/2766 719/2062/2767 718/2061/2768
f 699/2041/2769 700/2042/2770 720/2063/2771 719/2062/2772
f 700/2042/2773 701/2043/2774 721/2064/2775 720/2063/2776
f 701/2043/2777 682/2024/2778 702/2045/2779 721/2064/2780
f 702/2045/2781 703/2044/2782 723/2065/2783 722/2066/2784
f 703/2044/2785 704/2046/2786 724/2067/2787 723/2065/2788
f 704/2046/2789 705/2047/2790 725/2068/2791 724/2067/2792
f 705/2047/2793 706/2048/2794 726/2069/2795 725/2068/2796
f 706/2048/2797 707/2049/2798 727/2070/2799 726/2069/2800
f 707/2049/2801 708/2050/2802 728/2071/2803 727/2070/2804
f 708/2050/2805 709/2051/2806 729/2072/2807 728/2071/2808
f 709/2051/2809 710/2052/2810 730/2073/2811 729/2072/2812
f 710/2052/2813 711/2053/2814 731/2074/2815 730/2073/2816
f 711/2053/2817 712/2054/2818 732/2075/2819 731/2074/2820
f 712/2054/2821 713/2055/2822 733/2076/2823 732/2075/2824
f 713/2057/2825 714/2056/2826 734/2077/2827 733/2078/2828
f 714/2056/2829 715/2058/2830 735/2079/2831 734/2077/2832
f 715/2058/2833 716/2059/2834 736/2080/2835 735/2079/2836
f 716/2059/2837 717/2060/2838 737/2081/2839 736/2080/2840
f 717/2060/2841 718/2061/2842 738/2082/2843 737/2081/2844
f 718/2061/2845 719/2062/2846 739/2083/2847 738/2082/2848
f 719/2062/2849 720/2063/2850 740/2084/2851 739/2083/2852
f 720/2063/2853 721/2064/2854 741/2085/2855 740/2084/2856
f 721/2064/2857 702/2045/2858 722/2066/2859 741/2085/2860
f 722/2066/2861 723/2065/2862 743/2086/2863 742/2087/2864
f 723/2065/2865 724/2067/2866 744/2088/2867 743/2086/2868
f 724/2067/2869 725/2068/2870 745/2089/2871 744/2088/2872
f 725/2068/2873 726/2069/2874 746/2090/2875 745/2089/2876
f 726/2069/2877 727/2070/2878 747/2091/2879 746/2090/2880
f 727/2070/2881 728/2071/2882 748/2092/2883 747/2091/2884
f 728/2071/2885 729/2072/2886 749/2093/2887 748/2092/2888
f 729/2072/2889 730/2073/2890 750/2094/2891 749/2093/2892
f 730/2073/2893 731/2074/2894 751/2095/2895 750/2094/2896
f 731/2074/2897 732/2075/2898 752/2096/2899 751/2095/2900
f 732/2075/2901 733/2076/2902 753/2097/2903 752/2096/2904
f 733/2078/2905 734/2077/2906 754/2098/2907 753/2099/2908
f 734/2077/2909 735/2079/2910 755/2100/2911 754/2098/2912
f 735/2079/2913 736/2080/2914 756/2101/2915 755/2100/2916
f 736/2080/2917 737/2081/2918 757/2102/2919 756/2101/2920
f 737/2081/2921 738/2082/2922 758/2103/2923 757/2102/2924
f 738/2082/2925 739/2083/2926 759/2104/2927 758/2103/2928
f 739/2083/2929 740/2084/2930 760/2105/2931 759/2104/2932
f 740/2084/2933 741/2085/2934 761/2106/2935 760/2105/2936
f 741/2085/2937 722/2066/2938 742/2087/2939 761/2106/2940
f 742/2087/2941 743/2086/2942 763/2107/2943 762/2108/2944
f 743/2086/2945 744/2088/2946 764/2109/2947 763/2107/2948
f 744/2088/2949 745/2089/2950 765/2110/2951 764/2109/2952
f 745/2089/2953 746/2090/2954 766/2111/2955 765/2110/2956
f 746/2090/2957 747/2091/2958 767/2112/2959 766/2111/2960
f 747/2091/2961 748/2092/2962 768/2113/2963 767/2112/2964
f 748/2092/2965 749/2093/2966 769/2114/2967 768/2113/2968
f 749/2093/2969 750/2094/2970 770/2115/2971 769/2114/2972
f 750/2094/2973 751/2095/2974 771/2116/2975 770/2115/2976
f 751/2095/2977 752/2096/2978 772/2117/2979 771/2116/2980
f 752/2096/2981 753/2097/2982 773/2118/2983 772/2117/2984
f 753/2099/2985 754/2098/2986 774/2119/2987 773/2120/2988
f 754/2098/2989 755/2100/2990 775/2121/2991 774/2119/2992
f 755/2100/2993 756/2101/2994 776/2122/2995 775/2121/2996
f 756/2101/2997 757/2102/2998 777/2123/2999 776/2122/3000
f 757/2102/3001 758/2103/3002 778/2124/3003 777/2123/3004
f 758/2103/3005 759/2104/3006 779/2125/3007 778/2124/3008
f 759/2104/3009 760/2105/3010 780/2126/3011 779/2125/3012
f 760/2105/3013 761/2106/3014 781/2127/3015 780/2126/3016
f 761/2106/3017 742/2087/3018 762/2108/3019 781/2127/3020
f 762/2108/3021 763/2107/3022 782/2128/3023
f 763/2107/3024 764/2109/3025 782/2128/3026
f 764/2109/3027 765/2110/3028 782/2128/3029
f 765/2110/3030 766/2111/3031 782/2128/3032
f 766/2111/3033 767/2112/3034 782/2128/3035
f 767/2112/3036 768/2113/3037 782/2128/3038
f 768/2113/3039 769/2114/3040 782/2128/3041
f 769/2114/3042 770/2115/3043 782/2128/3044
f 770/2115/3045 771/2116/3046 782/2128/3047
f 771/2116/3048 772/2117/3049 782/2128/3050
f 772/2117/3051 773/2118/3052 782/2128/3053
f 773/2120/3054 774/2119/3055 782/2128/3056
f 774/2119/3057 775/2121/3058 782/2128/3059
f 775/2121/3060 776/2122/3061 782/2128/3062
f 776/2122/3063 777/2123/3064 782/2128/3065
f 777/2123/3066 778/2124/3067 782/2128/3068
f 778/2124/3069 779/2125/3070 782/2128/3071
f 779/2125/3072 780/2126/3073 782/2128/3074
f 780/2126/3075 781/2127/3076 782/2128/3077
f 781/2127/3078 762/2108/3079 782/2128/3080
f 783/2129/3081 803/2130/3082 804/2131/3083 784/2132/3084
f 784/2132/3085 804/2131/3086 805/2133/3087 785/2134/3088
f 785/2134/3089 805/2133/3090 806/2135/3091 786/2136/3092
f 786/2136/3093 806/2135/3094 807/2137/3095 787/2138/3096
f 787/2138/3097 807/2137/3098 808/2139/3099 788/2140/3100
f 788/2140/3101 808/2139/3102 809/2141/3103 789/2142/3104
f 789/2142/3105 809/2141/3106 810/2143/3107 790/2144/3108
f 790/2144/3109 810/2143/3110 811/2145/3111 791/2146/3112
f 791/2146/3113 811/2145/3114 812/2147/3115 792/2148/3116
f 792/2148/3117 812/2147/3118 813/2149/3119 793/2150/3120
f 793/2150/3121 813/2149/3122 814/2151/3123 794/2152/3124
f 794/2152/3125 814/2151/3126 815/2153/3127 795/2154/3128
f 795/2154/3129 815/2153/3130 816/2155/3131 796/2156/3132
f 796/2156/3133 816/2155/3134 817/2157/3135 797/2158/3136
f 797/2158/3137 817/2157/3138 818/2159/3139 798/2160/3140
f 798/2160/3141 818/2159/3142 819/2161/3143 799/2162/3144
f 799/2162/3145 819/2161/3146 820/2163/3147 800/2164/3148
f 800/2164/3149 820/2163/3150 821/2165/3151 801/2166/3152
f 801/2166/3153 821/2165/3154 822/2167/3155 802/2168/3156
f 802/2168/3157 822/2167/3158 803/2169/3159 783/2170/3160
f 803/2130/3161 823/2171/3162 824/2172/3163 804/2131/3164
f 804/2131/3165 824/2172/3166 825/2173/3167 805/2133/3168
f 805/2133/3169 825/2173/3170 826/2174/3171 806/2135/3172
f 806/2135/3173 826/2174/3174 827/2175/3175 807/2137/3176
f 807/2137/3177 827/2175/3178 828/2176/3179 808/2139/3180
f 808/2139/3181 828/2176/3182 829/2177/3183 809/2141/3184
f 809/2141/3185 829/2177/3186 830/2178/3187 810/2143/3188
f 810/2143/3189 830/2178/3190 831/2179/3191 811/2145/3192
f 811/2145/3193 831/2179/3194 832/2180/3195 812/2147/3196
f 812/2147/3197 832/2180/3198 833/2181/3199 813/2149/3200
f 813/2149/3201 833/2181/3202 834/2182/3203 814/2151/3204
f 814/2151/3205 834/2182/3206 835/2183/3207 815/2153/3208
f 815/2153/3209 835/2183/3210 836/2184/3211 816/2155/3212
f 816/2155/3213 836/2184/3214 837/2185/3215 817/2157/3216
f 817/2157/3217 837/2185/3218 838/2186/3219 818/2159/3220
f 818/2159/3221 838/2186/3222 839/2187/3223 819/2161/3224
f 819/2161/3225 839/2187/3226 840/2188/3227 820/2163/3228
f 820/2163/3229 840/2188/3230 841/2189/3231 821/2165/3232
f 821/2165/3233 841/2189/3234 842/2190/3235 822/2167/3236
f 822/2167/3237 842/2190/3238 823/2191/3239 803/2169/3240
f 823/2171/3241 843/2192/3242 844/2193/3243 824/2172/3244
f 824/2172/3245 844/2193/3246 845/2194/3247 825/2173/3248
f 825/2173/3249 845/2194/3250 846/2195/3251 826/2174/3252
f 826/2174/3253 846/2195/3254 847/2196/3255 827/2175/3256
f 827/2175/3257 847/2196/3258 848/2197/3259 828/2176/3260
f 828/2176/3261 848/2197/3262 849/2198/3263 829/2177/3264
f 829/2177/3265 849/2198/3266 850/2199/3267 830/2178/3268
f 830/2178/3269 850/2199/3270 851/2200/3271 831/2179/3272
f 831/2179/3273 851/2200/3274 852/2201/3275 832/2180/3276
f 832/2180/3277 852/2201/3278 853/2202/3279 833/2181/3280
f 833/2181/3281 853/2202/3282 854/2203/3283 834/2182/3284
f 834/2182/3285 854/2203/3286 855/2204/3287 835/2183/3288
f 835/2183/3289 855/2204/3290 856/2205/3291 836/2184/3292
f 836/2184/3293 856/2205/3294 857/2206/3295 837/2185/3296
f 837/2185/3297 857/2206/3298 858/2207/3299 838/2186/3300
f 838/2186/3301 858/2207/3302 859/2208/3303 839/2187/3304
f 839/2187/3305 859/2208/3306 860/2209/3307 840/2188/3308
f 840/2188/3309 860/2209/3310 861/2210/3311 841/2189/3312
f 841/2189/3313 861/2210/3314 862/2211/3315 842/2190/3316
f 842/2190/3317 862/2211/3318 843/2212/3319 823/2191/3320
f 843/2192/3321 863/2213/3322 864/2214/3323 844/2193/3324
f 844/2193/3325 864/2214/3326 865/2215/3327 845/2194/3328
f 845/2194/3329 865/2215/3330 866/2216/3331 846/2195/3332
f 846/2195/3333 866/2216/3334 867/2217/3335 847/2196/3336
f 847/2196/3337 867/2217/3338 868/2218/3339 848/2197/3340
f 848/2197/3341 868/2218/3342 869/2219/3343 849/2198/3344
f 849/2198/3345 869/2219/3346 870/2220/3347 850/2199/3348
f 850/2199/3349 870/2220/3350 871/2221/3351 851/2200/3352
f 851/2200/3353 871/2221/3354 872/2222/3355 852/2201/3356
f 852/2201/3357 872/2222/3358 873/2223/3359 853/2202/3360
f 853/2202/3361 873/2223/3362 874/2224/3363 854/2203/3364
f 854/2203/3365 874/2224/3366 875/2225/3367 855/2204/3368
f 855/2204/3369 875/2225/3370 876/2226/3371 856/2205/3372
f 856/2205/3373 876/2226/3374 877/2227/3375 857/2206/3376
f 857/2206/3377 877/2227/3378 878/2228/3379 858/2207/3380
f 858/2207/3381 878/2228/3382 879/2229/3383 859/2208/3384
f 859/2208/3385 879/2229/3386 880/2230/3387 860/2209/3388
f 860/2209/3389 880/2230/3390 881/2231/3391 861/2210/3392
f 861/2210/3393 881/2231/3394 882/2232/3395 862/2211/3396
f 862/2211/3397 882/2232/3398 863/2233/3399 843/2212/3400
f 863/2213/3401 912/2234/3402 913/2235/3403 864/2214/3404
f 864/2214/3405 913/2235/3406 914/2236/3407 865/2215/3408
f 865/2215/3409 914/2236/3410 915/2237/3411 866/2216/3412
f 866/2216/3413 915/2237/3414 916/2238/3415 867/2217/3416
f 867/2217/3417 916/2238/3418 917/2239/3419 868/2218/3420
f 868/2218/3421 917/2239/3422 918/2240/3423 869/2219/3424
f 869/2219/3425 918/2240/3426 919/2241/3427 870/2220/3428
f 870/2220/3429 919/2241/3430 920/2242/3431 871/2221/3432
f 871/2221/3433 920/2242/3434 921/2243/3435 872/2222/3436
f 872/2222/3437 921/2243/3438 922/2244/3439 873/2223/3440
f 873/2223/3441 922/2244/3442 923/2245/3443 874/2224/3444
f 874/2224/3445 923/2245/3446 904/2246/3447 875/2225/3448
f 875/2225/3449 904/2246/3450 905/2247/3451 876/2226/3452
f 876/2226/3453 905/2247/3454 906/2248/3455 877/2227/3456
f 877/2227/3457 906/2248/3458 907/2249/3459 878/2228/3460
f 878/2228/3461 907/2249/3462 908/2250/3463 879/2229/3464
f 879/2229/3465 908/2250/3466 909/2251/3467 880/2230/3468
f 880/2230/3469 909/2251/3470 910/2252/3471 881/2231/3472
f 881/2231/3473 910/2252/3474 911/2253/3475 882/2232/3476
f 882/2232/3477 911/2253/3478 912/2254/3479 863/2233/3480
f 883/2255/3481 903/2256/3482 884/2257/3483
f 884/2257/3484 903/2256/3485 885/2258/3486
f 885/2258/3487 903/2256/3488 886/2259/3489
f 886/2259/3490 903/2256/3491 887/2260/3492
f 887/2260/3493 903/2256/3494 888/2261/3495
f 888/2261/3496 903/2256/3497 889/2262/3498
f 889/2262/3499 903/2256/3500 890/2263/3501
f 890/2263/3502 903/2256/3503 891/2264/3504
f 891/2264/3505 903/2256/3506 892/2265/3507
f 892/2265/3508 903/2256/3509 893/2266/3510
f 893/2266/3511 903/2256/3512 894/2267/3513
f 894/2267/3514 903/2256/3515 895/2268/3516
f 895/2268/3517 903/2256/3518 896/2269/3519
f 896/2269/3520 903/2256/3521 897/2270/3522
f 897/2270/3523 903/2256/3524 898/2271/3525
f 898/2271/3526 903/2256/3527 899/2272/3528
f 899/2272/3529 903/2256/3530 900/2273/3531
f 900/2273/3532 903/2256/3533 901/2274/3534
f 901/2274/3535 903/2256/3536 902/2275/3537
f 902/2275/3538 903/2256/3539 883/2276/3540
f 904/2246/3541 943/2277/3542 924/2278/3543 905/2247/3544
f 906/2248/3545 905/2247/3546 924/2278/3547 925/2279/3548
f 907/2249/3549 906/2248/3550 925/2279/3551 926/2280/3552
f 908/2250/3553 907/2249/3554 926/2280/3555 927/2281/3556
f 909/2251/3557 908/2250/3558 927/2281/3559 928/2282/3560
f 910/2252/3561 909/2251/3562 928/2282/3563 929/2283/3564
f 911/2253/3565 910/2252/3566 929/2283/3567 930/2284/3568
f 912/2254/3569 911/2253/3570 930/2284/3571 931/2285/3572
f 913/2235/3573 912/2234/3574 931/2286/3575 932/2287/3576
f 914/2236/3577 913/2235/3578 932/2287/3579 933/2288/3580
f 915/2237/3581 914/2236/3582 933/2288/3583 934/2289/3584
f 916/2238/3585 915/2237/3586 934/2289/3587 935/2290/3588
f 917/2239/3589 916/2238/3590 935/2290/3591 936/2291/3592
f 918/2240/3593 917/2239/3594 936/2291/3595 937/2292/3596
f 919/2241/3597 918/2240/3598 937/2292/3599 938/2293/3600
f 920/2242/3601 919/2241/3602 938/2293/3603 939/2294/3604
f 921/2243/3605 920/2242/3606 939/2294/3607 940/2295/3608
f 922/2244/3609 921/2243/3610 940/2295/3611 941/2296/3612
f 923/2245/3613 922/2244/3614 941/2296/3615 942/2297/3616
f 904/2246/3617 923/2245/3618 942/2297/3619 943/2277/3620
f 925/2279/3621 924/2278/3622 896/2269/3623 897/2270/3624
f 926/2280/3625 925/2279/3626 897/2270/3627 898/2271/3628
f 927/2281/3629 926/2280/3630 898/2271/3631 899/2272/3632
f 928/2282/3633 927/2281/3634 899/2272/3635 900/2273/3636
f 929/2283/3637 928/2282/3638 900/2273/3639 901/2274/3640
f 930/2284/3641 929/2283/3642 901/2274/3643 902/2275/3644
f 931/2285/3645 930/2284/3646 902/2275/3647 883/2276/3648
f 932/2287/3649 931/2286/3650 883/2255/3651 884/2257/3652
f 933/2288/3653 932/2287/3654 884/2257/3655 885/2258/3656
f 934/2289/3657 933/2288/3658 885/2258/3659 886/2259/3660
f 935/2290/3661 934/2289/3662 886/2259/3663 887/2260/3664
f 936/2291/3665 935/2290/3666 887/2260/3667 888/2261/3668
f 937/2292/3669 936/2291/3670 888/2261/3671 889/2262/3672
f 938/2293/3673 937/2292/3674 889/2262/3675 890/2263/3676
f 939/2294/3677 938/2293/3678 890/2263/3679 891/2264/3680
f 940/2295/3681 939/2294/3682 891/2264/3683 892/2265/3684
f 941/2296/3685 940/2295/3686 892/2265/3687 893/2266/3688
f 942/2297/3689 941/2296/3690 893/2266/3691 894/2267/3692
f 943/2277/3693 942/2297/3694 894/2267/3695 895/2268/3696
f 924/2278/3697 943/2277/3698 895/2268/3699 896/2269/3700
f 944/2298/3701 945/2299/3702 946/2300/3703 947/2301/3704
f 947/2302/3705 946/2303/3706 948/2304/3707 949/2305/3708
f 949/2305/3709 948/2304/3710 950/2306/3711 951/2307/3712
f 951/2307/3713 950/2306/3714 952/2308/3715 953/2309/3716
f 953/2309/3717 952/2308/3718 954/2310/3719 955/2311/3720
f 955/2311/3721 954/2310/3722 956/2312/3723 957/2313/3724
f 957/2313/3725 956/2312/3726 958/2314/3727 959/2315/3728
f 959/2315/3729 958/2314/3730 960/2316/3731 961/2317/3732
f 961/2317/3733 960/2316/3734 962/2318/3735 963/2319/3736
f 963/2319/3737 962/2318/3738 964/2320/3739 965/2321/3740
f 965/2321/3741 964/2320/3742 966/2322/3743 967/2323/3744
f 967/2323/3745 966/2322/3746 968/2324/3747 969/2325/3748
f 969/2325/3749 968/2324/3750 970/2326/3751 971/2327/3752
f 971/2327/3753 970/2326/3754 972/2328/3755 973/2329/3756
f 973/2329/3757 972/2328/3758 974/2330/3759 975/2331/3760
f 975/2331/3761 974/2330/3762 976/2332/3763 977/2333/3764
f 977/2333/3765 976/2332/3766 978/2334/3767 979/2335/3768
f 979/2335/3769 978/2334/3770 980/2336/3771 981/2337/3772
f 981/2337/3773 980/2336/3774 982/2338/3775 983/2339/3776
f 983/2339/3777 982/2338/3778 945/2299/3779 944/2298/3780
f 945/2299/3781 984/2340/3782 985/2341/3783 946/2300/3784
f 946/2303/3785 985/2342/3786 986/2343/3787 948/2304/3788
f 948/2304/3789 986/2343/3790 987/2344/3791 950/2306/3792
f 950/2306/3793 987/2344/3794 988/2345/3795 952/2308/3796
f 952/2308/3797 988/2345/3798 989/2346/3799 954/2310/3800
f 954/2310/3801 989/2346/3802 990/2347/3803 956/2312/3804
f 956/2312/3805 990/2347/3806 991/2348/3807 958/2314/3808
f 958/2314/3809 991/2348/3810 992/2349/3811 960/2316/3812
f 960/2316/3813 992/2349/3814 993/2350/3815 962/2318/3816
f 962/2318/3817 993/2350/3818 994/2351/3819 964/2320/3820
f 964/2320/3821 994/2351/3822 995/2352/3823 966/2322/3824
f 966/2322/3825 995/2352/3826 996/2353/3827 968/2324/3828
f 968/2324/3829 996/2353/3830 997/2354/3831 970/2326/3832
f 970/2326/3833 997/2354/3834 998/2355/3835 972/2328/3836
f 972/2328/3837 998/2355/3838 999/2356/3839 974/2330/3840
f 974/2330/3841 999/2356/3842 1000/2357/3843 976/2332/3844
f 976/2332/3845 1000/2357/3846 1001/2358/3847 978/2334/3848
f 978/2334/3849 1001/2358/3850 1002/2359/3851 980/2336/3852
f 980/2336/3853 1002/2359/3854 1003/2360/3855 982/2338/3856
f 982/2338/3857 1003/2360/3858 984/2340/3859 945/2299/3860
f 984/2340/3861 1004/2361/3862 1005/2362/3863 985/2341/3864
f 985/2342/3865 1005/2363/3866 1006/2364/3867 986/2343/3868
f 986/2343/3869 1006/2364/3870 1007/2365/3871 987/2344/3872
f 987/2344/3873 1007/2365/3874 1008/2366/3875 988/2345/3876
f 988/2345/3877 1008/2366/3878 1009/2367/3879 989/2346/3880
f 989/2346/3881 1009/2367/3882 1010/2368/3883 990/2347/3884
f 990/2347/3885 1010/2368/3886 1011/2369/3887 991/2348/3888
f 991/2348/3889 1011/2369/3890 1012/2370/3891 992/2349/3892
f 992/2349/3893 1012/2370/3894 1013/2371/3895 993/2350/3896
f 993/2350/3897 1013/2371/3898 1014/2372/3899 994/2351/3900
f 994/2351/3901 1014/2372/3902 1015/2373/3903 995/2352/3904
f 995/2352/3905 1015/2373/3906 1016/2374/3907 996/2353/3908
f 996/2353/3909 1016/2374/3910 1017/2375/3911 997/2354/3912
f 997/2354/3913 1017/2375/3914 1018/2376/3915 998/2355/3916
f 998/2355/3917 1018/2376/3918 1019/2377/3919 999/2356/3920
f 999/2356/3921 1019/2377/3922 1020/2378/3923 1000/2357/3924
f 1000/2357/3925 1020/2378/3926 1021/2379/3927 1001/2358/3928
f 1001/2358/3929 1021/2379/3930 1022/2380/3931 1002/2359/3932
f 1002/2359/3933 1022/2380/3934 1023/2381/3935 1003/2360/3936
f 1003/2360/3937 1023/2381/3938 1004/2361/3939 984/2340/3940
f 1024/2382/3941 1025/2383/3942 1026/2384/3943
f 1026/2385/3944 1025/2383/3945 1027/2386/3946
f 1027/2386/3947 1025/2383/3948 1028/2387/3949
f 1028/2387/3950 1025/2383/3951 1029/2388/3952
f 1029/2388/3953 1025/2383/3954 1030/2389/3955
f 1030/2389/3956 1025/2383/3957 1031/2390/3958
f 1031/2390/3959 1025/2383/3960 1032/2391/3961
f 1032/2391/3962 1025/2383/3963 1033/2392/3964
f 1033/2392/3965 1025/2383/3966 1034/2393/3967
f 1034/2393/3968 1025/2383/3969 1035/2394/3970
f 1035/2394/3971 1025/2383/3972 1036/2395/3973
f 1036/2395/3974 1025/2383/3975 1037/2396/3976
f 1037/2396/3977 1025/2383/3978 1038/2397/3979
f 1038/2397/3980 1025/2383/3981 1039/2398/3982
f 1039/2398/3983 1025/2383/3984 1040/2399/3985
f 1040/2399/3986 1025/2383/3987 1041/2400/3988
f 1041/2400/3989 1025/2383/3990 1042/2401/3991
f 1042/2401/3992 1025/2383/3993 1043/2402/3994
f 1043/2402/3995 1025/2383/3996 1044/2403/3997
f 1044/2403/3998 1025/2383/3999 1024/2382/4000
f 1016/2374/4001 1045/2404/4002 1046/2405/4003 1017/2375/4004
f 1018/2376/4005 1017/2375/4006 1046/2405/4007 1047/2406/4008
f 1019/2377/4009 1018/2376/4010 1047/2406/4011 1048/2407/4012
f 1020/2378/4013 1019/2377/4014 1048/2407/4015 1049/2408/4016
f 1021/2379/4017 1020/2378/4018 1049/2408/4019 1050/2409/4020
f 1022/2380/4021 1021/2379/4022 1050/2409/4023 1051/2410/4024
f 1023/2381/4025 1022/2380/4026 1051/2410/4027 1052/2411/4028
f 1004/2361/4029 1023/2381/4030 1052/2411/4031 1053/2412/4032
f 1005/2362/4033 1004/2361/4034 1053/2412/4035 1054/2413/4036
f 1006/2364/4037 1005/2363/4038 1054/2414/4039 1055/2415/4040
f 1007/2365/4041 1006/2364/4042 1055/2415/4043 1056/2416/4044
f 1008/2366/4045 1007/2365/4046 1056/2416/4047 1057/2417/4048
f 1009/2367/4049 1008/2366/4050 1057/2417/4051 1058/2418/4052
f 1010/2368/4053 1009/2367/4054 1058/2418/4055 1059/2419/4056
f 1011/2369/4057 1010/2368/4058 1059/2419/4059 1060/2420/4060
f 1012/2370/4061 1011/2369/4062 1060/2420/4063 1061/2421/4064
f 1013/2371/4065 1012/2370/4066 1061/2421/4067 1062/2422/4068
f 1014/2372/4069 1013/2371/4070 1062/2422/4071 1063/2423/4072
f 1015/2373/4073 1014/2372/4074 1063/2423/4075 1064/2424/4076
f 1016/2374/4077 1015/2373/4078 1064/2424/4079 1045/2404/4080
f 1047/2406/4081 1046/2405/4082 1038/2397/4083 1039/2398/4084
f 1048/2407/4085 1047/2406/4086 1039/2398/4087 1040/2399/4088
f 1049/2408/4089 1048/2407/4090 1040/2399/4091 1041/2400/4092
f 1050/2409/4093 1049/2408/4094 1041/2400/4095 1042/2401/4096
f 1051/2410/4097 1050/2409/4098 1042/2401/4099 1043/2402/4100
f 1052/2411/4101 1051/2410/4102 1043/2402/4103 1044/2403/4104
f 1053/2412/4105 1052/2411/4106 1044/2403/4107 1024/2382/4108
f 1054/2413/4109 1053/2412/4110 1024/2382/4111 1026/2384/4112
f 1055/2415/4113 1054/2414/4114 1026/2385/4115 1027/2386/4116
f 1056/2416/4117 1055/2415/4118 1027/2386/4119 1028/2387/4120
f 1057/2417/4121 1056/2416/4122 1028/2387/4123 1029/2388/4124
f 1058/2418/4125 1057/2417/4126 1029/2388/4127 1030/2389/4128
f 1059/2419/4129 1058/2418/4130 1030/2389/4131 1031/2390/4132
f 1060/2420/4133 1059/2419/4134 1031/2390/4135 1032/2391/4136
f 1061/2421/4137 1060/2420/4138 1032/2391/4139 1033/2392/4140
f 1062/2422/4141 1061/2421/4142 1033/2392/4143 1034/2393/4144
f 1063/2423/4145 1062/2422/4146 1034/2393/4147 1035/2394/4148
f 1064/2424/4149 1063/2423/4150 1035/2394/4151 1036/2395/4152
f 1045/2404/4153 1064/2424/4154 1036/2395/4155 1037/2396/4156
f 1046/2405/4157 1045/2404/4158 1037/2396/4159 1038/2397/4160
f 1079/2425/4161 1080/2426/4162 1100/2427/4163 1099/2428/4164
f 1078/2429/4165 1079/2425/4166 1099/2428/4167 1098/2430/4168
f 1077/2431/4169 1078/2429/4170 1098/2430/4171 1097/2432/4172
f 1076/2433/4173 1077/2431/4174 1097/2432/4175 1096/2434/4176
f 1075/2435/4177 1076/2433/4178 1096/2434/4179 1095/2436/4180
f 1074/2437/4181 1075/2435/4182 1095/2436/4183 1094/2438/4184
f 1073/2439/4185 1074/2437/4186 1094/2438/4187 1093/2440/4188
f 1072/2441/4189 1073/2439/4190 1093/2440/4191 1092/2442/4192
f 1071/2443/4193 1072/2441/4194 1092/2442/4195 1091/2444/4196
f 1070/2445/4197 1071/2443/4198 1091/2444/4199 1090/2446/4200
f 1069/2447/4201 1070/2445/4202 1090/2446/4203 1089/2448/4204
f 1068/2449/4205 1069/2447/4206 1089/2448/4207 1088/2450/4208
f 1067/2451/4209 1068/2449/4210 1088/2450/4211 1087/2452/4212
f 1065/2453/4213 1067/2451/4214 1087/2452/4215 1086/2454/4216
f 1066/2455/4217 1065/2453/4218 1086/2454/4219 1085/2456/4220
f 1084/2457/4221 1066/2455/4222 1085/2456/4223 1104/2458/4224
f 1083/2459/4225 1084/2457/4226 1104/2458/4227 1103/2460/4228
f 1082/2461/4229 1083/2459/4230 1103/2460/4231 1102/2462/4232
f 1081/2463/4233 1082/2461/4234 1102/2462/4235 1101/2464/4236
f 1080/2465/4237 1081/2463/4238 1101/2464/4239 1100/2466/4240
f 1085/2456/4241 1086/2454/4242 1106/2467/4243 1105/2468/4244
f 1086/2454/4245 1087/2452/4246 1107/2469/4247 1106/2467/4248
f 1087/2452/4249 1088/2450/4250 1108/2470/4251 1107/2469/4252
f 1088/2450/4253 1089/2448/4254 1109/2471/4255 1108/2470/4256
f 1089/2448/4257 1090/2446/4258 1110/2472/4259 1109/2471/4260
f 1090/2446/4261 1091/2444/4262 1111/2473/4263 1110/2472/4264
f 1091/2444/4265 1092/2442/4266 1112/2474/4267 1111/2473/4268
f 1092/2442/4269 1093/2440/4270 1113/2475/4271 1112/2474/4272
f 1093/2440/4273 1094/2438/4274 1114/2476/4275 1113/2475/4276
f 1094/2438/4277 1095/2436/4278 1115/2477/4279 1114/2476/4280
f 1095/2436/4281 1096/2434/4282 1116/2478/4283 1115/2477/4284
f 1096/2434/4285 1097/2432/4286 1117/2479/4287 1116/2478/4288
f 1097/2432/4289 1098/2430/4290 1118/2480/4291 1117/2479/4292
f 1098/2430/4293 1099/2428/4294 1119/2481/4295 1118/2480/4296
f 1099/2428/4297 1100/2427/4298 1120/2482/4299 1119/2481/4300
f 1100/2466/4301 1101/2464/4302 1121/2483/4303 1120/2484/4304
f 1101/2464/4305 1102/2462/4306 1122/2485/4307 1121/2483/4308
f 1102/2462/4309 1103/2460/4310 1123/2486/4311 1122/2485/4312
f 1103/2460/4313 1104/2458/4314 1124/2487/4315 1123/2486/4316
f 1104/2458/4317 1085/2456/4318 1105/2468/4319 1124/2487/4320
f 1105/2468/4321 1106/2467/4322 1126/2488/4323 1125/2489/4324
f 1106/2467/4325 1107/2469/4326 1127/2490/4327 1126/2488/4328
f 1107/2469/4329 1108/2470/4330 1128/2491/4331 1127/2490/4332
f 1108/2470/4333 1109/2471/4334 1129/2492/4335 1128/2491/4336
f 1109/2471/4337 1110/2472/4338 1130/2493/4339 1129/2492/4340
f 1110/2472/4341 1111/2473/4342 1131/2494/4343 1130/2493/4344
f 1111/2473/4345 1112/2474/4346 1132/2495/4347 1131/2494/4348
f 1112/2474/4349 1113/2475/4350 1133/2496/4351 1132/2495/4352
f 1113/2475/4353 1114/2476/4354 1134/2497/4355 1133/2496/4356
f 1114/2476/4357 1115/2477/4358 1135/2498/4359 1134/2497/4360
f 1115/2477/4361 1116/2478/4362 1136/2499/4363 1135/2498/4364
f 1116/2478/4365 1117/2479/4366 1137/2500/4367 1136/2499/4368
f 1117/2479/4369 1118/2480/4370 1138/2501/4371 1137/2500/4372
f 1118/2480/4373 1119/2481/4374 1139/2502/4375 1138/2501/4376
f 1119/2481/4377 1120/2482/4378 1140/2503/4379 1139/2502/4380
f 1120/2484/4381 1121/2483/4382 1141/2504/4383 1140/2505/4384
f 1121/2483/4385 1122/2485/4386 1142/2506/4387 1141/2504/4388
f 1122/2485/4389 1123/2486/4390 1143/2507/4391 1142/2506/4392
f 1123/2486/4393 1124/2487/4394 1144/2508/4395 1143/2507/4396
f 1124/2487/4397 1105/2468/4398 1125/2489/4399 1144/2508/4400
f 1125/2489/4401 1126/2488/4402 1146/2509/4403 1145/2510/4404
f 1126/2488/4405 1127/2490/4406 1147/2511/4407 1146/2509/4408
f 1127/2490/4409 1128/2491/4410 1148/2512/4411 1147/2511/4412
f 1128/2491/4413 1129/2492/4414 1149/2513/4415 1148/2512/4416
f 1129/2492/4417 1130/2493/4418 1150/2514/4419 1149/2513/4420
f 1130/2493/4421 1131/2494/4422 1151/2515/4423 1150/2514/4424
f 1131/2494/4425 1132/2495/4426 1152/2516/4427 1151/2515/4428
f 1132/2495/4429 1133/2496/4430 1153/2517/4431 1152/2516/4432
f 1133/2496/4433 1134/2497/4434 1154/2518/4435 1153/2517/4436
f 1134/2497/4437 1135/2498/4438 1155/2519/4439 1154/2518/4440
f 1135/2498/4441 1136/2499/4442 1156/2520/4443 1155/2519/4444
f 1136/2499/4445 1137/2500/4446 1157/2521/4447 1156/2520/4448
f 1137/2500/4449 1138/2501/4450 1158/2522/4451 1157/2521/4452
f 1138/2501/4453 1139/2502/4454 1159/2523/4455 1158/2522/4456
f 1139/2502/4457 1140/2503/4458 1160/2524/4459 1159/2523/4460
f 1140/2505/4461 1141/2504/4462 1161/2525/4463 1160/2526/4464
f 1141/2504/4465 1142/2506/4466 1162/2527/4467 1161/2525/4468
f 1142/2506/4469 1143/2507/4470 1163/2528/4471 1162/2527/4472
f 1143/2507/4473 1144/2508/4474 1164/2529/4475 1163/2528/4476
f 1144/2508/4477 1125/2489/4478 1145/2510/4479 1164/2529/4480
f 1145/2510/4481 1146/2509/4482 1166/2530/4483 1165/2531/4484
f 1146/2509/4485 1147/2511/4486 1167/2532/4487 1166/2530/4488
f 1147/2511/4489 1148/2512/4490 1168/2533/4491 1167/2532/4492
f 1148/2512/4493 1149/2513/4494 1169/2534/4495 1168/2533/4496
f 1149/2513/4497 1150/2514/4498 1170/2535/4499 1169/2534/4500
f 1150/2514/4501 1151/2515/4502 1171/2536/4503 1170/2535/4504
f 1151/2515/4505 1152/2516/4506 1172/2537/4507 1171/2536/4508
f 1152/2516/4509 1153/2517/4510 1173/2538/4511 1172/2537/4512
f 1153/2517/4513 1154/2518/4514 1174/2539/4515 1173/2538/4516
f 1154/2518/4517 1155/2519/4518 1175/2540/4519 1174/2539/4520
f 1155/2519/4521 1156/2520/4522 1176/2541/4523 1175/2540/4524
f 1156/2520/4525 1157/2521/4526 1177/2542/4527 1176/2541/4528
f 1157/2521/4529 1158/2522/4530 1178/2543/4531 1177/2542/4532
f 1158/2522/4533 1159/2523/4534 1179/2544/4535 1178/2543/4536
f 1159/2523/4537 1160/2524/4538 1180/2545/4539 1179/2544/4540
f 1160/2526/4541 1161/2525/4542 1181/2546/4543 1180/2547/4544
f 1161/2525/4545 1162/2527/4546 1182/2548/4547 1181/2546/4548
f 1162/2527/4549 1163/2528/4550 1183/2549/4551 1182/2548/4552
f 1163/2528/4553 1164/2529/4554 1184/2550/4555 1183/2549/4556
f 1164/2529/4557 1145/2510/4558 1165/2531/4559 1184/2550/4560
f 1165/2531/4561 1166/2530/4562 1186/2551/4563 1185/2552/4564
f 1166/2530/4565 1167/2532/4566 1187/2553/4567 1186/2551/4568
f 1167/2532/4569 1168/2533/4570 1188/2554/4571 1187/2553/4572
f 1168/2533/4573 1169/2534/4574 1189/2555/4575 1188/2554/4576
f 1169/2534/4577 1170/2535/4578 1190/2556/4579 1189/2555/4580
f 1170/2535/4581 1171/2536/4582 1191/2557/4583 1190/2556/4584
f 1171/2536/4585 1172/2537/4586 1192/2558/4587 1191/2557/4588
f 1172/2537/4589 1173/2538/4590 1193/2559/4591 1192/2558/4592
f 1173/2538/4593 1174/2539/4594 1194/2560/4595 1193/2559/4596
f 1174/2539/4597 1175/2540/4598 1195/2561/4599 1194/2560/4600
f 1175/2540/4601 1176/2541/4602 1196/2562/4603 1195/2561/4604
f 1176/2541/4605 1177/2542/4606 1197/2563/4607 1196/2562/4608
f 1177/2542/4609 1178/2543/4610 1198/2564/4611 1197/2563/4612
f 1178/2543/4613 1179/2544/4614 1199/2565/4615 1198/2564/4616
f 1179/2544/4617 1180/2545/4618 1200/2566/4619 1199/2565/4620
f 1180/2547/4621 1181/2546/4622 1201/2567/4623 1200/2568/4624
f 1181/2546/4625 1182/2548/4626 1202/2569/4627 1201/2567/4628
f 1182/2548/4629 1183/2549/4630 1203/2570/4631 1202/2569/4632
f 1183/2549/4633 1184/2550/4634 1204/2571/4635 1203/2570/4636
f 1184/2550/4637 1165/2531/4638 1185/2552/4639 1204/2571/4640
f 1185/2552/4641 1186/2551/4642 1206/2572/4643 1205/2573/4644
f 1186/2551/4645 1187/2553/4646 1207/2574/4647 1206/2572/4648
f 1187/2553/4649 1188/2554/4650 1208/2575/4651 1207/2574/4652
f 1188/2554/4653 1189/2555/4654 1209/2576/4655 1208/2575/4656
f 1189/2555/4657 1190/2556/4658 1210/2577/4659 1209/2576/4660
f 1190/2556/4661 1191/2557/4662 1211/2578/4663 1210/2577/4664
f 1191/2557/4665 1192/2558/4666 1212/2579/4667 1211/2578/4668
f 1192/2558/4669 1193/2559/4670 1213/2580/4671 1212/2579/4672
f 1193/2559/4673 1194/2560/4674 1214/2581/4675 1213/2580/4676
f 1194/2560/4677 1195/2561/4678 1215/2582/4679 1214/2581/4680
f 1195/2561/4681 1196/2562/4682 1216/2583/4683 1215/2582/4684
f 1196/2562/4685 1197/2563/4686 1217/2584/4687 1216/2583/4688
f 1197/2563/4689 1198/2564/4690 1218/2585/4691 1217/2584/4692
f 1198/2564/4693 1199/2565/4694 1219/2586/4695 1218/2585/4696
f 1199/2565/4697 1200/2566/4698 1220/2587/4699 1219/2586/4700
f 1200/2568/4701 1201/2567/4702 1221/2588/4703 1220/2589/4704
f 1201/2567/4705 1202/2569/4706 1222/2590/4707 1221/2588/4708
f 1202/2569/4709 1203/2570/4710 1223/2591/4711 1222/2590/4712
f 1203/2570/4713 1204/2571/4714 1224/2592/4715 1223/2591/4716
f 1204/2571/4717 1185/2552/4718 1205/2573/4719 1224/2592/4720
f 1205/2573/4721 1206/2572/4722 1225/2593/4723
f 1206/2572/4724 1207/2574/4725 1225/2593/4726
f 1207/2574/4727 1208/2575/4728 1225/2593/4729
f 1208/2575/4730 1209/2576/4731 1225/2593/4732
f 1209/2576/4733 1210/2577/4734 1225/2593/4735
f 1210/2577/4736 1211/2578/4737 1225/2593/4738
f 1211/2578/4739 1212/2579/4740 1225/2593/4741
f 1212/2579/4742 1213/2580/4743 1225/2593/4744
f 1213/2580/4745 1214/2581/4746 1225/2593/4747
f 1214/2581/4748 1215/2582/4749 1225/2593/4750
f 1215/2582/4751 1216/2583/4752 1225/2593/4753
f 1216/2583/4754 1217/2584/4755 1225/2593/4756
f 1217/2584/4757 1218/2585/4758 1225/2593/4759
f 1218/2585/4760 1219/2586/4761 1225/2593/4762
f 1219/2586/4763 1220/2587/4764 1225/2593/4765
f 1220/2589/4766 1221/2588/4767 1225/2593/4768
f 1221/2588/4769 1222/2590/4770 1225/2593/4771
f 1222/2590/4772 1223/2591/4773 1225/2593/4774
f 1223/2591/4775 1224/2592/4776 1225/2593/4777
f 1224/2592/4778 1205/2573/4779 1225/2593/4780
f 1226/2594/4781 1227/2595/4782 1228/2596/4783 1229/2597/4784
f 1229/2597/4785 1228/2596/4786 1230/2598/4787 1231/2599/4788
f 1231/2599/4789 1230/2598/4790 1232/2600/4791 1233/2601/4792
f 1233/2601/4793 1232/2600/4794 1234/2602/4795 1235/2603/4796
f 1235/2603/4797 1234/2602/4798 1236/2604/4799 1237/2605/4800
f 1237/2606/4801 1236/2607/4802 1238/2608/4803 1239/2609/4804
f 1239/2609/4805 1238/2608/4806 1240/2610/4807 1241/2611/4808
f 1241/2611/4809 1240/2610/4810 1242/2612/4811 1243/2613/4812
f 1243/2613/4813 1242/2612/4814 1244/2614/4815 1245/2615/4816
f 1245/2615/4817 1244/2614/4818 1246/2616/4819 1247/2617/4820
f 1247/2617/4821 1246/2616/4822 1248/2618/4823 1249/2619/4824
f 1249/2619/4825 1248/2618/4826 1250/2620/4827 1251/2621/4828
f 1251/2621/4829 1250/2620/4830 1252/2622/4831 1253/2623/4832
f 1253/2623/4833 1252/2622/4834 1254/2624/4835 1255/2625/4836
f 1255/2625/4837 1254/2624/4838 1256/2626/4839 1257/2627/4840
f 1257/2627/4841 1256/2626/4842 1258/2628/4843 1259/2629/4844
f 1259/2629/4845 1258/2628/4846 1260/2630/4847 1261/2631/4848
f 1261/2631/4849 1260/2630/4850 1262/2632/4851 1263/2633/4852
f 1263/2633/4853 1262/2632/4854 1264/2634/4855 1265/2635/4856
f 1265/2635/4857 1264/2634/4858 1227/2595/4859 1226/2594/4860
f 1227/2595/4861 1266/2636/4862 1267/2637/4863 1228/2596/4864
f 1228/2596/4865 1267/2637/4866 1268/2638/4867 1230/2598/4868
f 1230/2598/4869 1268/2638/4870 1269/2639/4871 1232/2600/4872
f 1232/2600/4873 1269/2639/4874 1270/2640/4875 1234/2602/4876
f 1234/2602/4877 1270/2640/4878 1271/2641/4879 1236/2604/4880
f 1236/2607/4881 1271/2642/4882 1272/2643/4883 1238/2608/4884
f 1238/2608/4885 1272/2643/4886 1273/2644/4887 1240/2610/4888
f 1240/2610/4889 1273/2644/4890 1274/2645/4891 1242/2612/4892
f 1242/2612/4893 1274/2645/4894 1275/2646/4895 1244/2614/4896
f 1244/2614/4897 1275/2646/4898 1276/2647/4899 1246/2616/4900
f 1246/2616/4901 1276/2647/4902 1277/2648/4903 1248/2618/4904
f 1248/2618/4905 1277/2648/4906 1278/2649/4907 1250/2620/4908
f 1250/2620/4909 1278/2649/4910 1279/2650/4911 1252/2622/4912
f 1252/2622/4913 1279/2650/4914 1280/2651/4915 1254/2624/4916
f 1254/2624/4917 1280/2651/4918 1281/2652/4919 1256/2626/4920
f 1256/2626/4921 1281/2652/4922 1282/2653/4923 1258/2628/4924
f 1258/2628/4925 1282/2653/4926 1283/2654/4927 1260/2630/4928
f 1260/2630/4929 1283/2654/4930 1284/2655/4931 1262/2632/4932
f 1262/2632/4933 1284/2655/4934 1285/2656/4935 1264/2634/4936
f 1264/2634/4937 1285/2656/4938 1266/2636/4939 1227/2595/4940
f 1266/2636/4941 1286/2657/4942 1287/2658/4943 1267/2637/4944
f 1267/2637/4945 1287/2658/4946 1288/2659/4947 1268/2638/4948
f 1268/2638/4949 1288/2659/4950 1289/2660/4951 1269/2639/4952
f 1269/2639/4953 1289/2660/4954 1290/2661/4955 1270/2640/4956
f 1270/2640/4957 1290/2661/4958 1291/2662/4959 1271/2641/4960
f 1271/2642/4961 1291/2663/4962 1292/2664/4963 1272/2643/4964
f 1272/2643/4965 1292/2664/4966 1293/2665/4967 1273/2644/4968
f 1273/2644/4969 1293/2665/4970 1294/2666/4971 1274/2645/4972
f 1274/2645/4973 1294/2666/4974 1295/2667/4975 1275/2646/4976
f 1275/2646/4977 1295/2667/4978 1296/2668/4979 1276/2647/4980
f 1276/2647/4981 1296/2668/4982 1297/2669/4983 1277/2648/4984
f 1277/2648/4985 1297/2669/4986 1298/2670/4987 1278/2649/4988
f 1278/2649/4989 1298/2670/4990 1299/2671/4991 1279/2650/4992
f 1279/2650/4993 1299/2671/4994 1300/2672/4995 1280/2651/4996
f 1280/2651/4997 1300/2672/4998 1301/2673/4999 1281/2652/5000
f 1281/2652/5001 1301/2673/5002 1302/2674/5003 1282/2653/5004
f 1282/2653/5005 1302/2674/5006 1303/2675/5007 1283/2654/5008
f 1283/2654/5009 1303/2675/5010 1304/2676/5011 1284/2655/5012
f 1284/2655/5013 1304/2676/5014 1305/2677/5015 1285/2656/5016
f 1285/2656/5017 1305/2677/5018 1286/2657/5019 1266/2636/5020
f 1306/2678/5021 1307/2679/5022 1308/2680/5023
f 1308/2680/5024 1307/2679/5025 1309/2681/5026
f 1309/2681/5027 1307/2679/5028 1310/2682/5029
f 1310/2682/5030 1307/2679/5031 1311/2683/5032
f 1311/2683/5033 1307/2679/5034 1312/2684/5035
f 1312/2685/5036 1307/2679/5037 1313/2686/5038
f 1313/2686/5039 1307/2679/5040 1314/2687/5041
f 1314/2687/5042 1307/2679/5043 1315/2688/5044
f 1315/2688/5045 1307/2679/5046 1316/2689/5047
f 1316/2689/5048 1307/2679/5049 1317/2690/5050
f 1317/2690/5051 1307/2679/5052 1318/2691/5053
f 1318/2691/5054 1307/2679/5055 1319/2692/5056
f 1319/2692/5057 1307/2679/5058 1320/2693/5059
f 1320/2693/5060 1307/2679/5061 1321/2694/5062
f 1321/2694/5063 1307/2679/5064 1322/2695/5065
f 1322/2695/5066 1307/2679/5067 1323/2696/5068
f 1323/2696/5069 1307/2679/5070 1324/2697/5071
f 1324/2697/5072 1307/2679/5073 1325/2698/5074
f 1325/2698/5075 1307/2679/5076 1326/2699/5077
f 1326/2699/5078 1307/2679/5079 1306/2678/5080
f 1298/2670/5081 1327/2700/5082 1328/2701/5083 1299/2671/5084
f 1300/2672/5085 1299/2671/5086 1328/2701/5087 1329/2702/5088
f 1301/2673/5089 1300/2672/5090 1329/2702/5091 1330/2703/5092
f 1302/2674/5093 1301/2673/5094 1330/2703/5095 1331/2704/5096
f 1303/2675/5097 1302/2674/5098 1331/2704/5099 1332/2705/5100
f 1304/2676/5101 1303/2675/5102 1332/2705/5103 1333/2706/5104
f 1305/2677/5105 1304/2676/5106 1333/2706/5107 1334/2707/5108
f 1286/2657/5109 1305/2677/5110 1334/2707/5111 1335/2708/5112
f 1287/2658/5113 1286/2657/5114 1335/2708/5115 1336/2709/5116
f 1288/2659/5117 1287/2658/5118 1336/2709/5119 1337/2710/5120
f 1289/2660/5121 1288/2659/5122 1337/2710/5123 1338/2711/5124
f 1290/2661/5125 1289/2660/5126 1338/2711/5127 1339/2712/5128
f 1291/2662/5129 1290/2661/5130 1339/2712/5131 1340/2713/5132
f 1292/2664/5133 1291/2663/5134 1340/2714/5135 1341/2715/5136
f 1293/2665/5137 1292/2664/5138 1341/2715/5139 1342/2716/5140
f 1294/2666/5141 1293/2665/5142 1342/2716/5143 1343/2717/5144
f 1295/2667/5145 1294/2666/5146 1343/2717/5147 1344/2718/5148
f 1296/2668/5149 1295/2667/5150 1344/2718/5151 1345/2719/5152
f 1297/2669/5153 1296/2668/5154 1345/2719/5155 1346/2720/5156
f 1298/2670/5157 1297/2669/5158 1346/2720/5159 1327/2700/5160
f 1329/2702/5161 1328/2701/5162 1320/2693/5163 1321/2694/5164
f 1330/2703/5165 1329/2702/5166 1321/2694/5167 1322/2695/5168
f 1331/2704/5169 1330/2703/5170 1322/2695/5171 1323/2696/5172
f 1332/2705/5173 1331/2704/5174 1323/2696/5175 1324/2697/5176
f 1333/2706/5177 1332/2705/5178 1324/2697/5179 1325/2698/5180
f 1334/2707/5181 1333/2706/5182 1325/2698/5183 1326/2699/5184
f 1335/2708/5185 1334/2707/5186 1326/2699/5187 1306/2678/5188
f 1336/2709/5189 1335/2708/5190 1306/2678/5191 1308/2680/5192
f 1337/2710/5193 1336/2709/5194 1308/2680/5195 1309/2681/5196
f 1338/2711/5197 1337/2710/5198 1309/2681/5199 1310/2682/5200
f 1339/2712/5201 1338/2711/5202 1310/2682/5203 1311/2683/5204
f 1340/2713/5205 1339/2712/5206 1311/2683/5207 1312/2684/5208
f 1341/2715/5209 1340/2714/5210 1312/2685/5211 1313/2686/5212
f 1342/2716/5213 1341/2715/5214 1313/2686/5215 1314/2687/5216
f 1343/2717/5217 1342/2716/5218 1314/2687/5219 1315/2688/5220
f 1344/2718/5221 1343/2717/5222 1315/2688/5223 1316/2689/5224
f 1345/2719/5225 1344/2718/5226 1316/2689/5227 1317/2690/5228
f 1346/2720/5229 1345/2719/5230 1317/2690/5231 1318/2691/5232
f 1327/2700/5233 1346/2720/5234 1318/2691/5235 1319/2692/5236
f 1328/2701/5237 1327/2700/5238 1319/2692/5239 1320/2693/5240
f 1361/2721/5241 1362/2722/5242 1382/2723/5243 1381/2724/5244
f 1360/2725/5245 1361/2721/5246 1381/2724/5247 1380/2726/5248
f 1359/2727/5249 1360/2725/5250 1380/2726/5251 1379/2728/5252
f 1358/2729/5253 1359/2727/5254 1379/2728/5255 1378/2730/5256
f 1357/2731/5257 1358/2729/5258 1378/2730/5259 1377/2732/5260
f 1356/2733/5261 1357/2731/5262 1377/2732/5263 1376/2734/5264
f 1355/2735/5265 1356/2733/5266 1376/2734/5267 1375/2736/5268
f 1354/2737/5269 1355/2735/5270 1375/2736/5271 1374/2738/5272
f 1353/2739/5273 1354/2737/5274 1374/2738/5275 1373/2740/5276
f 1352/2741/5277 1353/2739/5278 1373/2740/5279 1372/2742/5280
f 1351/2743/5281 1352/2741/5282 1372/2742/5283 1371/2744/5284
f 1350/2745/5285 1351/2743/5286 1371/2744/5287 1370/2746/5288
f 1349/2747/5289 1350/2745/5290 1370/2746/5291 1369/2748/5292
f 1347/2749/5293 1349/2747/5294 1369/2748/5295 1368/2750/5296
f 1348/2751/5297 1347/2749/5298 1368/2750/5299 1367/2752/5300
f 1366/2753/5301 1348/2751/5302 1367/2752/5303 1386/2754/5304
f 1365/2755/5305 1366/2753/5306 1386/2754/5307 1385/2756/5308
f 1364/2757/5309 1365/2755/5310 1385/2756/5311 1384/2758/5312
f 1363/2759/5313 1364/2757/5314 1384/2758/5315 1383/2760/5316
f 1362/2761/5317 1363/2759/5318 1383/2760/5319 1382/2762/5320
f 1367/2752/5321 1368/2750/5322 1388/2763/5323 1387/2764/5324
f 1368/2750/5325 1369/2748/5326 1389/2765/5327 1388/2763/5328
f 1369/2748/5329 1370/2746/5330 1390/2766/5331 1389/2765/5332
f 1370/2746/5333 1371/2744/5334 1391/2767/5335 1390/2766/5336
f 1371/2744/5337 1372/2742/5338 1392/2768/5339 1391/2767/5340
f 1372/2742/5341 1373/2740/5342 1393/2769/5343 1392/2768/5344
f 1373/2740/5345 1374/2738/5346 1394/2770/5347 1393/2769/5348
f 1374/2738/5349 1375/2736/5350 1395/2771/5351 1394/2770/5352
f 1375/2736/5353 1376/2734/5354 1396/2772/5355 1395/2771/5356
f 1376/2734/5357 1377/2732/5358 1397/2773/5359 1396/2772/5360
f 1377/2732/5361 1378/2730/5362 1398/2774/5363 1397/2773/5364
f 1378/2730/5365 1379/2728/5366 1399/2775/5367 1398/2774/5368
f 1379/2728/5369 1380/2726/5370 1400/2776/5371 1399/2775/5372
f 1380/2726/5373 1381/2724/5374 1401/2777/5375 1400/2776/5376
f 1381/2724/5377 1382/2723/5378 1402/2778/5379 1401/2777/5380
f 1382/2762/5381 1383/2760/5382 1403/2779/5383 1402/2780/5384
f 1383/2760/5385 1384/2758/5386 1404/2781/5387 1403/2779/5388
f 1384/2758/5389 1385/2756/5390 1405/2782/5391 1404/2781/5392
f 1385/2756/5393 1386/2754/5394 1406/2783/5395 1405/2782/5396
f 1386/2754/5397 1367/2752/5398 1387/2764/5399 1406/2783/5400
f 1387/2764/5401 1388/2763/5402 1408/2784/5403 1407/2785/5404
f 1388/2763/5405 1389/2765/5406 1409/2786/5407 1408/2784/5408
f 1389/2765/5409 1390/2766/5410 1410/2787/5411 1409/2786/5412
f 1390/2766/5413 1391/2767/5414 1411/2788/5415 1410/2787/5416
f 1391/2767/5417 1392/2768/5418 1412/2789/5419 1411/2788/5420
f 1392/2768/5421 1393/2769/5422 1413/2790/5423 1412/2789/5424
f 1393/2769/5425 1394/2770/5426 1414/2791/5427 1413/2790/5428
f 1394/2770/5429 1395/2771/5430 1415/2792/5431 1414/2791/5432
f 1395/2771/5433 1396/2772/5434 1416/2793/5435 1415/2792/5436
f 1396/2772/5437 1397/2773/5438 1417/2794/5439 1416/2793/5440
f 1397/2773/5441 1398/2774/5442 1418/2795/5443 1417/2794/5444
f 1398/2774/5445 1399/2775/5446 1419/2796/5447 1418/2795/5448
f 1399/2775/5449 1400/2776/5450 1420/2797/5451 1419/2796/5452
f 1400/2776/5453 1401/2777/5454 1421/2798/5455 1420/2797/5456
f 1401/2777/5457 1402/2778/5458 1422/2799/5459 1421/2798/5460
f 1402/2780/5461 1403/2779/5462 1423/2800/5463 1422/2801/5464
f 1403/2779/5465 1404/2781/5466 1424/2802/5467 1423/2800/5468
f 1404/2781/5469 1405/2782/5470 1425/2803/5471 1424/2802/5472
f 1405/2782/5473 1406/2783/5474 1426/2804/5475 1425/2803/5476
f 1406/2783/5477 1387/2764/5478 1407/2785/5479 1426/2804/5480
f 1407/2785/5481 1408/2784/5482 1428/2805/5483 1427/2806/5484
f 1408/2784/5485 1409/2786/5486 1429/2807/5487 1428/2805/5488
f 1409/2786/5489 1410/2787/5490 1430/2808/5491 1429/2807/5492
f 1410/2787/5493 1411/2788/5494 1431/2809/5495 1430/2808/5496
f 1411/2788/5497 1412/2789/5498 1432/2810/5499 1431/2809/5500
f 1412/2789/5501 1413/2790/5502 1433/2811/5503 1432/2810/5504
f 1413/2790/5505 1414/2791/5506 1434/2812/5507 1433/2811/5508
f 1414/2791/5509 1415/2792/5510 1435/2813/5511 1434/2812/5512
f 1415/2792/5513 1416/2793/5514 1436/2814/5515 1435/2813/5516
f 1416/2793/5517 1417/2794/5518 1437/2815/5519 1436/2814/5520
f 1417/2794/5521 1418/2795/5522 1438/2816/5523 1437/2815/5524
f 1418/2795/5525 1419/2796/5526 1439/2817/5527 1438/2816/5528
f 1419/2796/5529 1420/2797/5530 1440/2818/5531 1439/2817/5532
f 1420/2797/5533 1421/2798/5534 1441/2819/5535 1440/2818/5536
f 1421/2798/5537 1422/2799/5538 1442/2820/5539 1441/2819/5540
f 1422/2801/5541 1423/2800/5542 1443/2821/5543 1442/2822/5544
f 1423/2800/5545 1424/2802/5546 1444/2823/5547 1443/2821/5548
f 1424/2802/5549 1425/2803/5550 1445/2824/5551 1444/2823/5552
f 1425/2803/5553 1426/2804/5554 1446/2825/5555 1445/2824/5556
f 1426/2804/5557 1407/2785/5558 1427/2806/5559 1446/2825/5560
f 1427/2806/5561 1428/2805/5562 1448/2826/5563 1447/2827/5564
f 1428/2805/5565 1429/2807/5566 1449/2828/5567 1448/2826/5568
f 1429/2807/5569 1430/2808/5570 1450/2829/5571 1449/2828/5572
f 1430/2808/5573 1431/2809/5574 1451/2830/5575 1450/2829/5576
f 1431/2809/5577 1432/2810/5578 1452/2831/5579 1451/2830/5580
f 1432/2810/5581 1433/2811/5582 1453/2832/5583 1452/2831/5584
f 1433/2811/5585 1434/2812/5586 1454/2833/5587 1453/2832/5588
f 1434/2812/5589 1435/2813/5590 1455/2834/5591 1454/2833/5592
f 1435/2813/5593 1436/2814/5594 1456/2835/5595 1455/2834/5596
f 1436/2814/5597 1437/2815/5598 1457/2836/5599 1456/2835/5600
f 1437/2815/5601 1438/2816/5602 1458/2837/5603 1457/2836/5604
f 1438/2816/5605 1439/2817/5606 1459/2838/5607 1458/2837/5608
f 1439/2817/5609 1440/2818/5610 1460/2839/5611 1459/2838/5612
f 1440/2818/5613 1441/2819/5614 1461/2840/5615 1460/2839/5616
f 1441/2819/5617 1442/2820/5618 1462/2841/5619 1461/2840/5620
f 1442/2822/5621 1443/2821/5622 1463/2842/5623 1462/2843/5624
f 1443/2821/5625 1444/2823/5626 1464/2844/5627 1463/2842/5628
f 1444/2823/5629 1445/2824/5630 1465/2845/5631 1464/2844/5632
f 1445/2824/5633 1446/2825/5634 1466/2846/5635 1465/2845/5636
f 1446/2825/5637 1427/2806/5638 1447/2827/5639 1466/2846/5640
f 1447/2827/5641 1448/2826/5642 1468/2847/5643 1467/2848/5644
f 1448/2826/5645 1449/2828/5646 1469/2849/5647 1468/2847/5648
f 1449/2828/5649 1450/2829/5650 1470/2850/5651 1469/2849/5652
f 1450/2829/5653 1451/2830/5654 1471/2851/5655 1470/2850/5656
f 1451/2830/5657 1452/2831/5658 1472/2852/5659 1471/2851/5660
f 1452/2831/5661 1453/2832/5662 1473/2853/5663 1472/2852/5664
f 1453/2832/5665 1454/2833/5666 1474/2854/5667 1473/2853/5668
f 1454/2833/5669 1455/2834/5670 1475/2855/5671 1474/2854/5672
f 1455/2834/5673 1456/2835/5674 1476/2856/5675 1475/2855/5676
f 1456/2835/5677 1457/2836/5678 1477/2857/5679 1476/2856/5680
f 1457/2836/5681 1458/2837/5682 1478/2858/5683 1477/2857/5684
f 1458/2837/5685 1459/2838/5686 1479/2859/5687 1478/2858/5688
f 1459/2838/5689 1460/2839/5690 1480/2860/5691 1479/2859/5692
f 1460/2839/5693 1461/2840/5694 1481/2861/5695 1480/2860/5696
f 1461/2840/5697 1462/2841/5698 1482/2862/5699 1481/2861/5700
f 1462/2843/5701 1463/2842/5702 1483/2863/5703 1482/2864/5704
f 1463/2842/5705 1464/2844/5706 1484/2865/5707 1483/2863/5708
f 1464/2844/5709 1465/2845/5710 1485/2866/5711 1484/2865/5712
f 1465/2845/5713 1466/2846/5714 1486/2867/5715 1485/2866/5716
f 1466/2846/5717 1447/2827/5718 1467/2848/5719 1486/2867/5720
f 1467/2848/5721 1468/2847/5722 1488/2868/5723 1487/2869/5724
f 1468/2847/5725 1469/2849/5726 1489/2870/5727 1488/2868/5728
f 1469/2849/5729 1470/2850/5730 1490/2871/5731 1489/2870/5732
f 1470/2850/5733 1471/2851/5734 1491/2872/5735 1490/2871/5736
f 1471/2851/5737 1472/2852/5738 1492/2873/5739 1491/2872/5740
f 1472/2852/5741 1473/2853/5742 1493/2874/5743 1492/2873/5744
f 1473/2853/5745 1474/2854/5746 1494/2875/5747 1493/2874/5748
f 1474/2854/5749 1475/2855/5750 1495/2876/5751 1494/2875/5752
f 1475/2855/5753 1476/2856/5754 1496/2877/5755 1495/2876/5756
f 1476/2856/5757 1477/2857/5758 1497/2878/5759 1496/2877/5760
f 1477/2857/5761 1478/2858/5762 1498/2879/5763 1497/2878/5764
f 1478/2858/5765 1479/2859/5766 1499/2880/5767 1498/2879/5768
f 1479/2859/5769 1480/2860/5770 1500/2881/5771 1499/2880/5772
f 1480/2860/5773 1481/2861/5774 1501/2882/5775 1500/2881/5776
f 1481/2861/5777 1482/2862/5778 1502/2883/5779 1501/2882/5780
f 1482/2864/5781 1483/2863/5782 1503/2884/5783 1502/2885/5784
f 1483/2863/5785 1484/2865/5786 1504/2886/5787 1503/2884/5788
f 1484/2865/5789 1485/2866/5790 1505/2887/5791 1504/2886/5792
f 1485/2866/5793 1486/2867/5794 1506/2888/5795 1505/2887/5796
f 1486/2867/5797 1467/2848/5798 1487/2869/5799 1506/2888/5800
f 1487/2869/5801 1488/2868/5802 1507/2889/5803
f 1488/2868/5804 1489/2870/5805 1507/2889/5806
f 1489/2870/5807 1490/2871/5808 1507/2889/5809
f 1490/2871/5810 1491/2872/5811 1507/2889/5812
f 1491/2872/5813 1492/2873/5814 1507/2889/5815
f 1492/2873/5816 1493/2874/5817 1507/2889/5818
f 1493/2874/5819 1494/2875/5820 1507/2889/5821
f 1494/2875/5822 1495/2876/5823 1507/2889/5824
f 1495/2876/5825 1496/2877/5826 1507/2889/5827
f 1496/2877/5828 1497/2878/5829 1507/2889/5830
f 1497/2878/5831 1498/2879/5832 1507/2889/5833
f 1498/2879/5834 1499/2880/5835 1507/2889/5836
f 1499/2880/5837 1500/2881/5838 1507/2889/5839
f 1500/2881/5840 1501/2882/5841 1507/2889/5842
f 1501/2882/5843 1502/2883/5844 1507/2889/5845
f 1502/2885/5846 1503/2884/5847 1507/2889/5848
f 1503/2884/5849 1504/2886/5850 1507/2889/5851
f 1504/2886/5852 1505/2887/5853 1507/2889/5854
f 1505/2887/5855 1506/2888/5856 1507/2889/5857
f 1506/2888/5858 1487/2869/5859 1507/2889/5860
f 1508/2890/5861 1509/2891/5862 1510/2892/5863 1511/2893/5864
f 1511/2893/5865 1510/2892/5866 1512/2894/5867 1513/2895/5868
f 1513/2895/5869 1512/2894/5870 1514/2896/5871 1515/2897/5872
f 1515/2897/5873 1514/2896/5874 1516/2898/5875 1517/2899/5876
f 1517/2899/5877 1516/2898/5878 1518/2900/5879 1519/2901/5880
f 1519/2902/5881 1518/2903/5882 1520/2904/5883 1521/2905/5884
f 1521/2905/5885 1520/2904/5886 1522/2906/5887 1523/2907/5888
f 1523/2907/5889 1522/2906/5890 1524/2908/5891 1525/2909/5892
f 1525/2909/5893 1524/2908/5894 1526/2910/5895 1527/2911/5896
f 1527/2911/5897 1526/2910/5898 1528/2912/5899 1529/2913/5900
f 1529/2913/5901 1528/2912/5902 1530/2914/5903 1531/2915/5904
f 1531/2915/5905 1530/2914/5906 1532/2916/5907 1533/2917/5908
f 1533/2917/5909 1532/2916/5910 1534/2918/5911 1535/2919/5912
f 1535/2919/5913 1534/2918/5914 1536/2920/5915 1537/2921/5916
f 1537/2921/5917 1536/2920/5918 1538/2922/5919 1539/2923/5920
f 1539/2923/5921 1538/2922/5922 1540/2924/5923 1541/2925/5924
f 1541/2925/5925 1540/2924/5926 1542/2926/5927 1543/2927/5928
f 1543/2927/5929 1542/2926/5930 1544/2928/5931 1545/2929/5932
f 1545/2929/5933 1544/2928/5934 1546/2930/5935 1547/2931/5936
f 1547/2931/5937 1546/2930/5938 1509/2891/5939 1508/2890/5940
f 1509/2891/5941 1548/2932/5942 1549/2933/5943 1510/2892/5944
f 1510/2892/5945 1549/2933/5946 1550/2934/5947 1512/2894/5948
f 1512/2894/5949 1550/2934/5950 1551/2935/5951 1514/2896/5952
f 1514/2896/5953 1551/2935/5954 1552/2936/5955 1516/2898/5956
f 1516/2898/5957 1552/2936/5958 1553/2937/5959 1518/2900/5960
f 1518/2903/5961 1553/2938/5962 1554/2939/5963 1520/2904/5964
f 1520/2904/5965 1554/2939/5966 1555/2940/5967 1522/2906/5968
f 1522/2906/5969 1555/2940/5970 1556/2941/5971 1524/2908/5972
f 1524/2908/5973 1556/2941/5974 1557/2942/5975 1526/2910/5976
f 1526/2910/5977 1557/2942/5978 1558/2943/5979 1528/2912/5980
f 1528/2912/5981 1558/2943/5982 1559/2944/5983 1530/2914/5984
f 1530/2914/5985 1559/2944/5986 1560/2945/5987 1532/2916/5988
f 1532/2916/5989 1560/2945/5990 1561/2946/5991 1534/2918/5992
f 1534/2918/5993 1561/2946/5994 1562/2947/5995 1536/2920/5996
f 1536/2920/5997 1562/2947/5998 1563/2948/5999 1538/2922/6000
f 1538/2922/6001 1563/2948/6002 1564/2949/6003 1540/2924/6004
f 1540/2924/6005 1564/2949/6006 1565/2950/6007 1542/2926/6008
f 1542/2926/6009 1565/2950/6010 1566/2951/6011 1544/2928/6012
f 1544/2928/6013 1566/2951/6014 1567/2952/6015 1546/2930/6016
f 1546/2930/6017 1567/2952/6018 1548/2932/6019 1509/2891/6020
f 1548/2932/6021 1568/2953/6022 1569/2954/6023 1549/2933/6024
f 1549/2933/6025 1569/2954/6026 1570/2955/6027 1550/2934/6028
f 1550/2934/6029 1570/2955/6030 1571/2956/6031 1551/2935/6032
f 1551/2935/6033 1571/2956/6034 1572/2957/6035 1552/2936/6036
f 1552/2936/6037 1572/2957/6038 1573/2958/6039 1553/2937/6040
f 1553/2938/6041 1573/2959/6042 1574/2960/6043 1554/2939/6044
f 1554/2939/6045 1574/2960/6046 1575/2961/6047 1555/2940/6048
f 1555/2940/6049 1575/2961/6050 1576/2962/6051 1556/2941/6052
f 1556/2941/6053 1576/2962/6054 1577/2963/6055 1557/2942/6056
f 1557/2942/6057 1577/2963/6058 1578/2964/6059 1558/2943/6060
f 1558/2943/6061 1578/2964/6062 1579/2965/6063 1559/2944/6064
f 1559/2944/6065 1579/2965/6066 1580/2966/6067 1560/2945/6068
f 1560/2945/6069 1580/2966/6070 1581/2967/6071 1561/2946/6072
f 1561/2946/6073 1581/2967/6074 1582/2968/6075 1562/2947/6076
f 1562/2947/6077 1582/2968/6078 1583/2969/6079 1563/2948/6080
f 1563/2948/6081 1583/2969/6082 1584/2970/6083 1564/2949/6084
f 1564/2949/6085 1584/2970/6086 1585/2971/6087 1565/2950/6088
f 1565/2950/6089 1585/2971/6090 1586/2972/6091 1566/2951/6092
f 1566/2951/6093 1586/2972/6094 1587/2973/6095 1567/2952/6096
f 1567/2952/6097 1587/2973/6098 1568/2953/6099 1548/2932/6100
f 1588/2974/6101 1589/2975/6102 1590/2976/6103
f 1590/2976/6104 1589/2975/6105 1591/2977/6106
f 1591/2977/6107 1589/2975/6108 1592/2978/6109
f 1592/2978/6110 1589/2975/6111 1593/2979/6112
f 1593/2979/6113 1589/2975/6114 1594/2980/6115
f 1594/2981/6116 1589/2975/6117 1595/2982/6118
f 1595/2982/6119 1589/2975/6120 1596/2983/6121
f 1596/2983/6122 1589/2975/6123 1597/2984/6124
f 1597/2984/6125 1589/2975/6126 1598/2985/6127
f 1598/2985/6128 1589/2975/6129 1599/2986/6130
f 1599/2986/6131 1589/2975/6132 1600/2987/6133
f 1600/2987/6134 1589/2975/6135 1601/2988/6136
f 1601/2988/6137 1589/2975/6138 1602/2989/6139
f 1602/2989/6140 1589/2975/6141 1603/2990/6142
f 1603/2990/6143 1589/2975/6144 1604/2991/6145
f 1604/2991/6146 1589/2975/6147 1605/2992/6148
f 1605/2992/6149 1589/2975/6150 1606/2993/6151
f 1606/2993/6152 1589/2975/6153 1607/2994/6154
f 1607/2994/6155 1589/2975/6156 1608/2995/6157
f 1608/2995/6158 1589/2975/6159 1588/2974/6160
f 1580/2966/6161 1609/2996/6162 1610/2997/6163 1581/2967/6164
f 1582/2968/6165 1581/2967/6166 1610/2997/6167 1611/2998/6168
f 1583/2969/6169 1582/2968/6170 1611/2998/6171 1612/2999/6172
f 1584/2970/6173 1583/2969/6174 1612/2999/6175 1613/3000/6176
f 1585/2971/6177 1584/2970/6178 1613/3000/6179 1614/3001/6180
f 1586/2972/6181 1585/2971/6182 1614/3001/6183 1615/3002/6184
f 1587/2973/6185 1586/2972/6186 1615/3002/6187 1616/3003/6188
f 1568/2953/6189 1587/2973/6190 1616/3003/6191 1617/3004/6192
f 1569/2954/6193 1568/2953/6194 1617/3004/6195 1618/3005/6196
f 1570/2955/6197 1569/2954/6198 1618/3005/6199 1619/3006/6200
f 1571/2956/6201 1570/2955/6202 1619/3006/6203 1620/3007/6204
f 1572/2957/6205 1571/2956/6206 1620/3007/6207 1621/3008/6208
f 1573/2958/6209 1572/2957/6210 1621/3008/6211 1622/3009/6212
f 1574/2960/6213 1573/2959/6214 1622/3010/6215 1623/3011/6216
f 1575/2961/6217 1574/2960/6218 1623/3011/6219 1624/3012/6220
f 1576/2962/6221 1575/2961/6222 1624/3012/6223 1625/3013/6224
f 1577/2963/6225 1576/2962/6226 1625/3013/6227 1626/3014/6228
f 1578/2964/6229 1577/2963/6230 1626/3014/6231 1627/3015/6232
f 1579/2965/6233 1578/2964/6234 1627/3015/6235 1628/3016/6236
f 1580/2966/6237 1579/2965/6238 1628/3016/6239 1609/2996/6240
f 1611/2998/6241 1610/2997/6242 1602/2989/6243 1603/2990/6244
f 1612/2999/6245 1611/2998/6246 1603/2990/6247 1604/2991/6248
f 1613/3000/6249 1612/2999/6250 1604/2991/6251 1605/2992/6252
f 1614/3001/6253 1613/3000/6254 1605/2992/6255 1606/2993/6256
f 1615/3002/6257 1614/3001/6258 1606/2993/6259 1607/2994/6260
f 1616/3003/6261 1615/3002/6262 1607/2994/6263 1608/2995/6264
f 1617/3004/6265 1616/3003/6266 1608/2995/6267 1588/2974/6268
f 1618/3005/6269 1617/3004/6270 1588/2974/6271 1590/2976/6272
f 1619/3006/6273 1618/3005/6274 1590/2976/6275 1591/2977/6276
f 1620/3007/6277 1619/3006/6278 1591/2977/6279 1592/2978/6280
f 1621/3008/6281 1620/3007/6282 1592/2978/6283 1593/2979/6284
f 1622/3009/6285 1621/3008/6286 1593/2979/6287 1594/2980/6288
f 1623/3011/6289 1622/3010/6290 1594/2981/6291 1595/2982/6292
f 1624/3012/6293 1623/3011/6294 1595/2982/6295 1596/2983/6296
f 1625/3013/6297 1624/3012/6298 1596/2983/6299 1597/2984/6300
f 1626/3014/6301 1625/3013/6302 1597/2984/6303 1598/2985/6304
f 1627/3015/6305 1626/3014/6306 1598/2985/6307 1599/2986/6308
f 1628/3016/6309 1627/3015/6310 1599/2986/6311 1600/2987/6312
f 1609/2996/6313 1628/3016/6314 1600/2987/6315 1601/2988/6316
f 1610/2997/6317 1609/2996/6318 1601/2988/6319 1602/2989/6320
f 1643/3017/6321 1644/3018/6322 1664/3019/6323 1663/3020/6324
f 1642/3021/6325 1643/3017/6326 1663/3020/6327 1662/3022/6328
f 1641/3023/6329 1642/3021/6330 1662/3022/6331 1661/3024/6332
f 1640/3025/6333 1641/3023/6334 1661/3024/6335 1660/3026/6336
f 1639/3027/6337 1640/3025/6338 1660/3026/6339 1659/3028/6340
f 1638/3029/6341 1639/3027/6342 1659/3028/6343 1658/3030/6344
f 1637/3031/6345 1638/3029/6346 1658/3030/6347 1657/3032/6348
f 1636/3033/6349 1637/3031/6350 1657/3032/6351 1656/3034/6352
f 1635/3035/6353 1636/3033/6354 1656/3034/6355 1655/3036/6356
f 1634/3037/6357 1635/3035/6358 1655/3036/6359 1654/3038/6360
f 1633/3039/6361 1634/3037/6362 1654/3038/6363 1653/3040/6364
f 1632/3041/6365 1633/3039/6366 1653/3040/6367 1652/3042/6368
f 1631/3043/6369 1632/3041/6370 1652/3042/6371 1651/3044/6372
f 1629/3045/6373 1631/3043/6374 1651/3044/6375 1650/3046/6376
f 1630/3047/6377 1629/3045/6378 1650/3046/6379 1649/3048/6380
f 1648/3049/6381 1630/3047/6382 1649/3048/6383 1668/3050/6384
f 1647/3051/6385 1648/3049/6386 1668/3050/6387 1667/3052/6388
f 1646/3053/6389 1647/3051/6390 1667/3052/6391 1666/3054/6392
f 1645/3055/6393 1646/3053/6394 1666/3054/6395 1665/3056/6396
f 1644/3057/6397 1645/3055/6398 1665/3056/6399 1664/3058/6400
f 1649/3048/6401 1650/3046/6402 1670/3059/6403 1669/3060/6404
f 1650/3046/6405 1651/3044/6406 1671/3061/6407 1670/3059/6408
f 1651/3044/6409 1652/3042/6410 1672/3062/6411 1671/3061/6412
f 1652/3042/6413 1653/3040/6414 1673/3063/6415 1672/3062/6416
f 1653/3040/6417 1654/3038/6418 1674/3064/6419 1673/3063/6420
f 1654/3038/6421 1655/3036/6422 1675/3065/6423 1674/3064/6424
f 1655/3036/6425 1656/3034/6426 1676/3066/6427 1675/3065/6428
f 1656/3034/6429 1657/3032/6430 1677/3067/6431 1676/3066/6432
f 1657/3032/6433 1658/3030/6434 1678/3068/6435 1677/3067/6436
f 1658/3030/6437 1659/3028/6438 1679/3069/6439 1678/3068/6440
f 1659/3028/6441 1660/3026/6442 1680/3070/6443 1679/3069/6444
f 1660/3026/6445 1661/3024/6446 1681/3071/6447 1680/3070/6448
f 1661/3024/6449 1662/3022/6450 1682/3072/6451 1681/3071/6452
f 1662/3022/6453 1663/3020/6454 1683/3073/6455 1682/3072/6456
f 1663/3020/6457 1664/3019/6458 1684/3074/6459 1683/3073/6460
f 1664/3058/6461 1665/3056/6462 1685/3075/6463 1684/3076/6464
f 1665/3056/6465 1666/3054/6466 1686/3077/6467 1685/3075/6468
f 1666/3054/6469 1667/3052/6470 1687/3078/6471 1686/3077/6472
f 1667/3052/6473 1668/3050/6474 1688/3079/6475 1687/3078/6476
f 1668/3050/6477 1649/3048/6478 1669/3060/6479 1688/3079/6480
f 1669/3060/6481 1670/3059/6482 1690/3080/6483 1689/3081/6484
f 1670/3059/6485 1671/3061/6486 1691/3082/6487 1690/3080/6488
f 1671/3061/6489 1672/3062/6490 1692/3083/6491 1691/3082/6492
f 1672/3062/6493 1673/3063/6494 1693/3084/6495 1692/3083/6496
f 1673/3063/6497 1674/3064/6498 1694/3085/6499 1693/3084/6500
f 1674/3064/6501 1675/3065/6502 1695/3086/6503 1694/3085/6504
f 1675/3065/6505 1676/3066/6506 1696/3087/6507 1695/3086/6508
f 1676/3066/6509 1677/3067/6510 1697/3088/6511 1696/3087/6512
f 1677/3067/6513 1678/3068/6514 1698/3089/6515 1697/3088/6516
f 1678/3068/6517 1679/3069/6518 1699/3090/6519 1698/3089/6520
f 1679/3069/6521 1680/3070/6522 1700/3091/6523 1699/3090/6524
f 1680/3070/6525 1681/3071/6526 1701/3092/6527 1700/3091/6528
f 1681/3071/6529 1682/3072/6530 1702/3093/6531 1701/3092/6532
f 1682/3072/6533 1683/3073/6534 1703/3094/6535 1702/3093/6536
f 1683/3073/6537 1684/3074/6538 1704/3095/6539 1703/3094/6540
f 1684/3076/6541 1685/3075/6542 1705/3096/6543 1704/3097/6544
f 1685/3075/6545 1686/3077/6546 1706/3098/6547 1705/3096/6548
f 1686/3077/6549 1687/3078/6550 1707/3099/6551 1706/3098/6552
f 1687/3078/6553 1688/3079/6554 1708/3100/6555 1707/3099/6556
f 1688/3079/6557 1669/3060/6558 1689/3081/6559 1708/3100/6560
f 1689/3081/6561 1690/3080/6562 1710/3101/6563 1709/3102/6564
f 1690/3080/6565 1691/3082/6566 1711/3103/6567 1710/3101/6568
f 1691/3082/6569 1692/3083/6570 1712/3104/6571 1711/3103/6572
f 1692/3083/6573 1693/3084/6574 1713/3105/6575 1712/3104/6576
f 1693/3084/6577 1694/3085/6578 1714/3106/6579 1713/3105/6580
f 1694/3085/6581 1695/3086/6582 1715/3107/6583 1714/3106/6584
f 1695/3086/6585 1696/3087/6586 1716/3108/6587 1715/3107/6588
f 1696/3087/6589 1697/3088/6590 1717/3109/6591 1716/3108/6592
f 1697/3088/6593 1698/3089/6594 1718/3110/6595 1717/3109/6596
f 1698/3089/6597 1699/3090/6598 1719/3111/6599 1718/3110/6600
f 1699/3090/6601 1700/3091/6602 1720/3112/6603 1719/3111/6604
f 1700/3091/6605 1701/3092/6606 1721/3113/6607 1720/3112/6608
f 1701/3092/6609 1702/3093/6610 1722/3114/6611 1721/3113/6612
f 1702/3093/6613 1703/3094/6614 1723/3115/6615 1722/3114/6616
f 1703/3094/6617 1704/3095/6618 1724/3116/6619 1723/3115/6620
f 1704/3097/6621 1705/3096/6622 1725/3117/6623 1724/3118/6624
f 1705/3096/6625 1706/3098/6626 1726/3119/6627 1725/3117/6628
f 1706/3098/6629 1707/3099/6630 1727/3120/6631 1726/3119/6632
f 1707/3099/6633 1708/3100/6634 1728/3121/6635 1727/3120/6636
f 1708/3100/6637 1689/3081/6638 1709/3102/6639 1728/3121/6640
f 1709/3102/6641 1710/3101/6642 1730/3122/6643 1729/3123/6644
f 1710/3101/6645 1711/3103/6646 1731/3124/6647 1730/3122/6648
f 1711/3103/6649 1712/3104/6650 1732/3125/6651 1731/3124/6652
f 1712/3104/6653 1713/3105/6654 1733/3126/6655 1732/3125/6656
f 1713/3105/6657 1714/3106/6658 1734/3127/6659 1733/3126/6660
f 1714/3106/6661 1715/3107/6662 1735/3128/6663 1734/3127/6664
f 1715/3107/6665 1716/3108/6666 1736/3129/6667 1735/3128/6668
f 1716/3108/6669 1717/3109/6670 1737/3130/6671 1736/3129/6672
f 1717/3109/6673 1718/3110/6674 1738/3131/6675 1737/3130/6676
f 1718/3110/6677 1719/3111/6678 1739/3132/6679 1738/3131/6680
f 1719/3111/6681 1720/3112/6682 1740/3133/6683 1739/3132/6684
f 1720/3112/6685 1721/3113/6686 1741/3134/6687 1740/3133/6688
f 1721/3113/6689 1722/3114/6690 1742/3135/6691 1741/3134/6692
f 1722/3114/6693 1723/3115/6694 1743/3136/6695 1742/3135/6696
f 1723/3115/6697 1724/3116/6698 1744/3137/6699 1743/3136/6700
f 1724/3118/6701 1725/3117/6702 1745/3138/6703 1744/3139/6704
f 1725/3117/6705 1726/3119/6706 1746/3140/6707 1745/3138/6708
f 1726/3119/6709 1727/3120/6710 1747/3141/6711 1746/3140/6712
f 1727/3120/6713 1728/3121/6714 1748/3142/6715 1747/3141/6716
f 1728/3121/6717 1709/3102/6718 1729/3123/6719 1748/3142/6720
f 1729/3123/6721 1730/3122/6722 1750/3143/6723 1749/3144/6724
f 1730/3122/6725 1731/3124/6726 1751/3145/6727 1750/3143/6728
f 1731/3124/6729 1732/3125/6730 1752/3146/6731 1751/3145/6732
f 1732/3125/6733 1733/3126/6734 1753/3147/6735 1752/3146/6736
f 1733/3126/6737 1734/3127/6738 1754/3148/6739 1753/3147/6740
f 1734/3127/6741 1735/3128/6742 1755/3149/6743 1754/3148/6744
f 1735/3128/6745 1736/3129/6746 1756/3150/6747 1755/3149/6748
f 1736/3129/6749 1737/3130/6750 1757/3151/6751 1756/3150/6752
f 1737/3130/6753 1738/3131/6754 1758/3152/6755 1757/3151/6756
f 1738/3131/6757 1739/3132/6758 1759/3153/6759 1758/3152/6760
f 1739/3132/6761 1740/3133/6762 1760/3154/6763 1759/3153/6764
f 1740/3133/6765 1741/3134/6766 1761/3155/6767 1760/3154/6768
f 1741/3134/6769 1742/3135/6770 1762/3156/6771 1761/3155/6772
f 1742/3135/6773 1743/3136/6774 1763/3157/6775 1762/3156/6776
f 1743/3136/6777 1744/3137/6778 1764/3158/6779 1763/3157/6780
f 1744/3139/6781 1745/3138/6782 1765/3159/6783 1764/3160/6784
f 1745/3138/6785 1746/3140/6786 1766/3161/6787 1765/3159/6788
f 1746/3140/6789 1747/3141/6790 1767/3162/6791 1766/3161/6792
f 1747/3141/6793 1748/3142/6794 1768/3163/6795 1767/3162/6796
f 1748/3142/6797 1729/3123/6798 1749/3144/6799 1768/3163/6800
f 1749/3144/6801 1750/3143/6802 1770/3164/6803 1769/3165/6804
f 1750/3143/6805 1751/3145/6806 1771/3166/6807 1770/3164/6808
f 1751/3145/6809 1752/3146/6810 1772/3167/6811 1771/3166/6812
f 1752/3146/6813 1753/3147/6814 1773/3168/6815 1772/3167/6816
f 1753/3147/6817 1754/3148/6818 1774/3169/6819 1773/3168/6820
f 1754/3148/6821 1755/3149/6822 1775/3170/6823 1774/3169/6824
f 1755/3149/6825 1756/3150/6826 1776/3171/6827 1775/3170/6828
f 1756/3150/6829 1757/3151/6830 1777/3172/6831 1776/3171/6832
f 1757/3151/6833 1758/3152/6834 1778/3173/6835 1777/3172/6836
f 1758/3152/6837 1759/3153/6838 1779/3174/6839 1778/3173/6840
f 1759/3153/6841 1760/3154/6842 1780/3175/6843 1779/3174/6844
f 1760/3154/6845 1761/3155/6846 1781/3176/6847 1780/3175/6848
f 1761/3155/6849 1762/3156/6850 1782/3177/6851 1781/3176/6852
f 1762/3156/6853 1763/3157/6854 1783/3178/6855 1782/3177/6856
f 1763/3157/6857 1764/3158/6858 1784/3179/6859 1783/3178/6860
f 1764/3160/6861 1765/3159/6862 1785/3180/6863 1784/3181/6864
f 1765/3159/6865 1766/3161/6866 1786/3182/6867 1785/3180/6868
f 1766/3161/6869 1767/3162/6870 1787/3183/6871 1786/3182/6872
f 1767/3162/6873 1768/3163/6874 1788/3184/6875 1787/3183/6876
f 1768/3163/6877 1749/3144/6878 1769/3165/6879 1788/3184/6880
f 1769/3165/6881 1770/3164/6882 1789/3185/6883
f 1770/3164/6884 1771/3166/6885 1789/3185/6886
f 1771/3166/6887 1772/3167/6888 1789/3185/6889
f 1772/3167/6890 1773/3168/6891 1789/3185/6892
f 1773/3168/6893 1774/3169/6894 1789/3185/6895
f 1774/3169/6896 1775/3170/6897 1789/3185/6898
f 1775/3170/6899 1776/3171/6900 1789/3185/6901
f 1776/3171/6902 1777/3172/6903 1789/3185/6904
f 1777/3172/6905 1778/3173/6906 1789/3185/6907
f 1778/3173/6908 1779/3174/6909 1789/3185/6910
f 1779/3174/6911 1780/3175/6912 1789/3185/6913
f 1780/3175/6914 1781/3176/6915 1789/3185/6916
f 1781/3176/6917 1782/3177/6918 1789/3185/6919
f 1782/3177/6920 1783/3178/6921 1789/3185/6922
f 1783/3178/6923 1784/3179/6924 1789/3185/6925
f 1784/3181/6926 1785/3180/6927 1789/3185/6928
f 1785/3180/6929 1786/3182/6930 1789/3185/6931
f 1786/3182/6932 1787/3183/6933 1789/3185/6934
f 1787/3183/6935 1788/3184/6936 1789/3185/6937
f 1788/3184/6938 1769/3165/6939 1789/3185/6940
f 1790/3186/6941 1791/3187/6942 1792/3188/6943 1793/3189/6944
f 1793/3189/6945 1792/3188/6946 1794/3190/6947 1795/3191/6948
f 1795/3191/6949 1794/3190/6950 1796/3192/6951 1797/3193/6952
f 1797/3193/6953 1796/3192/6954 1798/3194/6955 1799/3195/6956
f 1799/3195/6957 1798/3194/6958 1800/3196/6959 1801/3197/6960
f 1801/3198/6961 1800/3199/6962 1802/3200/6963 1803/3201/6964
f 1803/3201/6965 1802/3200/6966 1804/3202/6967 1805/3203/6968
f 1805/3203/6969 1804/3202/6970 1806/3204/6971 1807/3205/6972
f 1807/3205/6973 1806/3204/6974 1808/3206/6975 1809/3207/6976
f 1809/3207/6977 1808/3206/6978 1810/3208/6979 1811/3209/6980
f 1811/3209/6981 1810/3208/6982 1812/3210/6983 1813/3211/6984
f 1813/3211/6985 1812/3210/6986 1814/3212/6987 1815/3213/6988
f 1815/3213/6989 1814/3212/6990 1816/3214/6991 1817/3215/6992
f 1817/3215/6993 1816/3214/6994 1818/3216/6995 1819/3217/6996
f 1819/3217/6997 1818/3216/6998 1820/3218/6999 1821/3219/7000
f 1821/3219/7001 1820/3218/7002 1822/3220/7003 1823/3221/7004
f 1823/3221/7005 1822/3220/7006 1824/3222/7007 1825/3223/7008
f 1825/3223/7009 1824/3222/7010 1826/3224/7011 1827/3225/7012
f 1827/3225/7013 1826/3224/7014 1828/3226/7015 1829/3227/7016
f 1829/3227/7017 1828/3226/7018 1791/3187/7019 1790/3186/7020
f 1791/3187/7021 1830/3228/7022 1831/3229/7023 1792/3188/7024
f 1792/3188/7025 1831/3229/7026 1832/3230/7027 1794/3190/7028
f 1794/3190/7029 1832/3230/7030 1833/3231/7031 1796/3192/7032
f 1796/3192/7033 1833/3231/7034 1834/3232/7035 1798/3194/7036
f 1798/3194/7037 1834/3232/7038 1835/3233/7039 1800/3196/7040
f 1800/3199/7041 1835/3234/7042 1836/3235/7043 1802/3200/7044
f 1802/3200/7045 1836/3235/7046 1837/3236/7047 1804/3202/7048
f 1804/3202/7049 1837/3236/7050 1838/3237/7051 1806/3204/7052
f 1806/3204/7053 1838/3237/7054 1839/3238/7055 1808/3206/7056
f 1808/3206/7057 1839/3238/7058 1840/3239/7059 1810/3208/7060
f 1810/3208/7061 1840/3239/7062 1841/3240/7063 1812/3210/7064
f 1812/3210/7065 1841/3240/7066 1842/3241/7067 1814/3212/7068
f 1814/3212/7069 1842/3241/7070 1843/3242/7071 1816/3214/7072
f 1816/3214/7073 1843/3242/7074 1844/3243/7075 1818/3216/7076
f 1818/3216/7077 1844/3243/7078 1845/3244/7079 1820/3218/7080
f 1820/3218/7081 1845/3244/7082 1846/3245/7083 1822/3220/7084
f 1822/3220/7085 1846/3245/7086 1847/3246/7087 1824/3222/7088
f 1824/3222/7089 1847/3246/7090 1848/3247/7091 1826/3224/7092
f 1826/3224/7093 1848/3247/7094 1849/3248/7095 1828/3226/7096
f 1828/3226/7097 1849/3248/7098 1830/3228/7099 1791/3187/7100
f 1830/3228/7101 1850/3249/7102 1851/3250/7103 1831/3229/7104
f 1831/3229/7105 1851/3250/7106 1852/3251/7107 1832/3230/7108
f 1832/3230/7109 1852/3251/7110 1853/3252/7111 1833/3231/7112
f 1833/3231/7113 1853/3252/7114 1854/3253/7115 1834/3232/7116
f 1834/3232/7117 1854/3253/7118 1855/3254/7119 1835/3233/7120
f 1835/3234/7121 1855/3255/7122 1856/3256/7123 1836/3235/7124
f 1836/3235/7125 1856/3256/7126 1857/3257/7127 1837/3236/7128
f 1837/3236/7129 1857/3257/7130 1858/3258/7131 1838/3237/7132
f 1838/3237/7133 1858/3258/7134 1859/3259/7135 1839/3238/7136
f 1839/3238/7137 1859/3259/7138 1860/3260/7139 1840/3239/7140
f 1840/3239/7141 1860/3260/7142 1861/3261/7143 1841/3240/7144
f 1841/3240/7145 1861/3261/7146 1862/3262/7147 1842/3241/7148
f 1842/3241/7149 1862/3262/7150 1863/3263/7151 1843/3242/7152
f 1843/3242/7153 1863/3263/7154 1864/3264/7155 1844/3243/7156
f 1844/3243/7157 1864/3264/7158 1865/3265/7159 1845/3244/7160
f 1845/3244/7161 1865/3265/7162 1866/3266/7163 1846/3245/7164
f 1846/3245/7165 1866/3266/7166 1867/3267/7167 1847/3246/7168
f 1847/3246/7169 1867/3267/7170 1868/3268/7171 1848/3247/7172
f 1848/3247/7173 1868/3268/7174 1869/3269/7175 1849/3248/7176
f 1849/3248/7177 1869/3269/7178 1850/3249/7179 1830/3228/7180
f 1870/3270/7181 1871/3271/7182 1872/3272/7183
f 1872/3272/7184 1871/3271/7185 1873/3273/7186
f 1873/3273/7187 1871/3271/7188 1874/3274/7189
f 1874/3274/7190 1871/3271/7191 1875/3275/7192
f 1875/3275/7193 1871/3271/7194 1876/3276/7195
f 1876/3277/7196 1871/3271/7197 1877/3278/7198
f 1877/3278/7199 1871/3271/7200 1878/3279/7201
f 1878/3279/7202 1871/3271/7203 1879/3280/7204
f 1879/3280/7205 1871/3271/7206 1880/3281/7207
f 1880/3281/7208 1871/3271/7209 1881/3282/7210
f 1881/3282/7211 1871/3271/7212 1882/3283/7213
f 1882/3283/7214 1871/3271/7215 1883/3284/7216
f 1883/3284/7217 1871/3271/7218 1884/3285/7219
f 1884/3285/7220 1871/3271/7221 1885/3286/7222
f 1885/3286/7223 1871/3271/7224 1886/3287/7225
f 1886/3287/7226 1871/3271/7227 1887/3288/7228
f 1887/3288/7229 1871/3271/7230 1888/3289/7231
f 1888/3289/7232 1871/3271/7233 1889/3290/7234
f 1889/3290/7235 1871/3271/7236 1890/3291/7237
f 1890/3291/7238 1871/3271/7239 1870/3270/7240
f 1862/3262/7241 1891/3292/7242 1892/3293/7243 1863/3263/7244
f 1864/3264/7245 1863/3263/7246 1892/3293/7247 1893/3294/7248
f 1865/3265/7249 1864/3264/7250 1893/3294/7251 1894/3295/7252
f 1866/3266/7253 1865/3265/7254 1894/3295/7255 1895/3296/7256
f 1867/3267/7257 1866/3266/7258 1895/3296/7259 1896/3297/7260
f 1868/3268/7261 1867/3267/7262 1896/3297/7263 1897/3298/7264
f 1869/3269/7265 1868/3268/7266 1897/3298/7267 1898/3299/7268
f 1850/3249/7269 1869/3269/7270 1898/3299/7271 1899/3300/7272
f 1851/3250/7273 1850/3249/7274 1899/3300/7275 1900/3301/7276
f 1852/3251/7277 1851/3250/7278 1900/3301/7279 1901/3302/7280
f 1853/3252/7281 1852/3251/7282 1901/3302/7283 1902/3303/7284
f 1854/3253/7285 1853/3252/7286 1902/3303/7287 1903/3304/7288
f 1855/3254/7289 1854/3253/7290 1903/3304/7291 1904/3305/7292
f 1856/3256/7293 1855/3255/7294 1904/3306/7295 1905/3307/7296
f 1857/3257/7297 1856/3256/7298 1905/3307/7299 1906/3308/7300
f 1858/3258/7301 1857/3257/7302 1906/3308/7303 1907/3309/7304
f 1859/3259/7305 1858/3258/7306 1907/3309/7307 1908/3310/7308
f 1860/3260/7309 1859/3259/7310 1908/3310/7311 1909/3311/7312
f 1861/3261/7313 1860/3260/7314 1909/3311/7315 1910/3312/7316
f 1862/3262/7317 1861/3261/7318 1910/3312/7319 1891/3292/7320
f 1893/3294/7321 1892/3293/7322 1884/3285/7323 1885/3286/7324
f 1894/3295/7325 1893/3294/7326 1885/3286/7327 1886/3287/7328
f 1895/3296/7329 1894/3295/7330 1886/3287/7331 1887/3288/7332
f 1896/3297/7333 1895/3296/7334 1887/3288/7335 1888/3289/7336
f 1897/3298/7337 1896/3297/7338 1888/3289/7339 1889/3290/7340
f 1898/3299/7341 1897/3298/7342 1889/3290/7343 1890/3291/7344
f 1899/3300/7345 1898/3299/7346 1890/3291/7347 1870/3270/7348
f 1900/3301/7349 1899/3300/7350 1870/3270/7351 1872/3272/7352
f 1901/3302/7353 1900/3301/7354 1872/3272/7355 1873/3273/7356
f 1902/3303/7357 1901/3302/7358 1873/3273/7359 1874/3274/7360
f 1903/3304/7361 1902/3303/7362 1874/3274/7363 1875/3275/7364
f 1904/3305/7365 1903/3304/7366 1875/3275/7367 1876/3276/7368
f 1905/3307/7369 1904/3306/7370 1876/3277/7371 1877/3278/7372
f 1906/3308/7373 1905/3307/7374 1877/3278/7375 1878/3279/7376
f 1907/3309/7377 1906/3308/7378 1878/3279/7379 1879/3280/7380
f 1908/3310/7381 1907/3309/7382 1879/3280/7383 1880/3281/7384
f 1909/3311/7385 1908/3310/7386 1880/3281/7387 1881/3282/7388
f 1910/3312/7389 1909/3311/7390 1881/3282/7391 1882/3283/7392
f 1891/3292/7393 1910/3312/7394 1882/3283/7395 1883/3284/7396
f 1892/3293/7397 1891/3292/7398 1883/3284/7399 1884/3285/7400
f 1911/3313/7401 1931/3314/7402 1932/3315/7403 1912/3316/7404
f 1912/3316/7405 1932/3315/7406 1933/3317/7407 1913/3318/7408
f 1913/3318/7409 1933/3317/7410 1934/3319/7411 1914/3320/7412
f 1914/3320/7413 1934/3319/7414 1935/3321/7415 1915/3322/7416
f 1915/3322/7417 1935/3321/7418 1936/3323/7419 1916/3324/7420
f 1916/3324/7421 1936/3323/7422 1937/3325/7423 1917/3326/7424
f 1917/3326/7425 1937/3325/7426 1938/3327/7427 1918/3328/7428
f 1918/3328/7429 1938/3327/7430 1939/3329/7431 1919/3330/7432
f 1919/3330/7433 1939/3329/7434 1940/3331/7435 1920/3332/7436
f 1920/3332/7437 1940/3331/7438 1941/3333/7439 1921/3334/7440
f 1921/3334/7441 1941/3333/7442 1942/3335/7443 1922/3336/7444
f 1922/3336/7445 1942/3335/7446 1943/3337/7447 1923/3338/7448
f 1923/3338/7449 1943/3337/7450 1944/3339/7451 1924/3340/7452
f 1924/3340/7453 1944/3339/7454 1945/3341/7455 1925/3342/7456
f 1925/3342/7457 1945/3341/7458 1946/3343/7459 1926/3344/7460
f 1926/3344/7461 1946/3343/7462 1947/3345/7463 1927/3346/7464
f 1927/3346/7465 1947/3345/7466 1948/3347/7467 1928/3348/7468
f 1928/3348/7469 1948/3347/7470 1949/3349/7471 1929/3350/7472
f 1929/3350/7473 1949/3349/7474 1950/3351/7475 1930/3352/7476
f 1930/3353/7477 1950/3354/7478 1931/3314/7479 1911/3313/7480
f 1931/3314/7481 1951/3355/7482 1952/3356/7483 1932/3315/7484
f 1932/3315/7485 1952/3356/7486 1953/3357/7487 1933/3317/7488
f 1933/3317/7489 1953/3357/7490 1954/3358/7491 1934/3319/7492
f 1934/3319/7493 1954/3358/7494 1955/3359/7495 1935/3321/7496
f 1935/3321/7497 1955/3359/7498 1956/3360/7499 1936/3323/7500
f 1936/3323/7501 1956/3360/7502 1957/3361/7503 1937/3325/7504
f 1937/3325/7505 1957/3361/7506 1958/3362/7507 1938/3327/7508
f 1938/3327/7509 1958/3362/7510 1959/3363/7511 1939/3329/7512
f 1939/3329/7513 1959/3363/7514 1960/3364/7515 1940/3331/7516
f 1940/3331/7517 1960/3364/7518 1961/3365/7519 1941/3333/7520
f 1941/3333/7521 1961/3365/7522 1962/3366/7523 1942/3335/7524
f 1942/3335/7525 1962/3366/7526 1963/3367/7527 1943/3337/7528
f 1943/3337/7529 1963/3367/7530 1964/3368/7531 1944/3339/7532
f 1944/3339/7533 1964/3368/7534 1965/3369/7535 1945/3341/7536
f 1945/3341/7537 1965/3369/7538 1966/3370/7539 1946/3343/7540
f 1946/3343/7541 1966/3370/7542 1967/3371/7543 1947/3345/7544
f 1947/3345/7545 1967/3371/7546 1968/3372/7547 1948/3347/7548
f 1948/3347/7549 1968/3372/7550 1969/3373/7551 1949/3349/7552
f 1949/3349/7553 1969/3373/7554 1970/3374/7555 1950/3351/7556
f 1950/3354/7557 1970/3375/7558 1951/3355/7559 1931/3314/7560
f 1951/3355/7561 1971/3376/7562 1972/3377/7563 1952/3356/7564
f 1952/3356/7565 1972/3377/7566 1973/3378/7567 1953/3357/7568
f 1953/3357/7569 1973/3378/7570 1974/3379/7571 1954/3358/7572
f 1954/3358/7573 1974/3379/7574 1975/3380/7575 1955/3359/7576
f 1955/3359/7577 1975/3380/7578 1976/3381/7579 1956/3360/7580
f 1956/3360/7581 1976/3381/7582 1977/3382/7583 1957/3361/7584
f 1957/3361/7585 1977/3382/7586 1978/3383/7587 1958/3362/7588
f 1958/3362/7589 1978/3383/7590 1979/3384/7591 1959/3363/7592
f 1959/3363/7593 1979/3384/7594 1980/3385/7595 1960/3364/7596
f 1960/3364/7597 1980/3385/7598 1981/3386/7599 1961/3365/7600
f 1961/3365/7601 1981/3386/7602 1982/3387/7603 1962/3366/7604
f 1962/3366/7605 1982/3387/7606 1983/3388/7607 1963/3367/7608
f 1963/3367/7609 1983/3388/7610 1984/3389/7611 1964/3368/7612
f 1964/3368/7613 1984/3389/7614 1985/3390/7615 1965/3369/7616
f 1965/3369/7617 1985/3390/7618 1986/3391/7619 1966/3370/7620
f 1966/3370/7621 1986/3391/7622 1987/3392/7623 1967/3371/7624
f 1967/3371/7625 1987/3392/7626 1988/3393/7627 1968/3372/7628
f 1968/3372/7629 1988/3393/7630 1989/3394/7631 1969/3373/7632
f 1969/3373/7633 1989/3394/7634 1990/3395/7635 1970/3374/7636
f 1970/3375/7637 1990/3396/7638 1971/3376/7639 1951/3355/7640
f 1971/3376/7641 1991/3397/7642 1992/3398/7643 1972/3377/7644
f 1972/3377/7645 1992/3398/7646 1993/3399/7647 1973/3378/7648
f 1973/3378/7649 1993/3399/7650 1994/3400/7651 1974/3379/7652
f 1974/3379/7653 1994/3400/7654 1995/3401/7655 1975/3380/7656
f 1975/3380/7657 1995/3401/7658 1996/3402/7659 1976/3381/7660
f 1976/3381/7661 1996/3402/7662 1997/3403/7663 1977/3382/7664
f 1977/3382/7665 1997/3403/7666 1998/3404/7667 1978/3383/7668
f 1978/3383/7669 1998/3404/7670 1999/3405/7671 1979/3384/7672
f 1979/3384/7673 1999/3405/7674 2000/3406/7675 1980/3385/7676
f 1980/3385/7677 2000/3406/7678 2001/3407/7679 1981/3386/7680
f 1981/3386/7681 2001/3407/7682 2002/3408/7683 1982/3387/7684
f 1982/3387/7685 2002/3408/7686 2003/3409/7687 1983/3388/7688
f 1983/3388/7689 2003/3409/7690 2004/3410/7691 1984/3389/7692
f 1984/3389/7693 2004/3410/7694 2005/3411/7695 1985/3390/7696
f 1985/3390/7697 2005/3411/7698 2006/3412/7699 1986/3391/7700
f 1986/3391/7701 2006/3412/7702 2007/3413/7703 1987/3392/7704
f 1987/3392/7705 2007/3413/7706 2008/3414/7707 1988/3393/7708
f 1988/3393/7709 2008/3414/7710 2009/3415/7711 1989/3394/7712
f 1989/3394/7713 2009/3415/7714 2010/3416/7715 1990/3395/7716
f 1990/3396/7717 2010/3417/7718 1991/3397/7719 1971/3376/7720
f 1991/3397/7721 2011/3418/7722 2012/3419/7723 1992/3398/7724
f 1992/3398/7725 2012/3419/7726 2013/3420/7727 1993/3399/7728
f 1993/3399/7729 2013/3420/7730 2014/3421/7731 1994/3400/7732
f 1994/3400/7733 2014/3421/7734 2015/3422/7735 1995/3401/7736
f 1995/3401/7737 2015/3422/7738 2016/3423/7739 1996/3402/7740
f 1996/3402/7741 2016/3423/7742 2017/3424/7743 1997/3403/7744
f 1997/3403/7745 2017/3424/7746 2018/3425/7747 1998/3404/7748
f 1998/3404/7749 2018/3425/7750 2019/3426/7751 1999/3405/7752
f 1999/3405/7753 2019/3426/7754 2020/3427/7755 2000/3406/7756
f 2000/3406/7757 2020/3427/7758 2021/3428/7759 2001/3407/7760
f 2001/3407/7761 2021/3428/7762 2022/3429/7763 2002/3408/7764
f 2002/3408/7765 2022/3429/7766 2023/3430/7767 2003/3409/7768
f 2003/3409/7769 2023/3430/7770 2024/3431/7771 2004/3410/7772
f 2004/3410/7773 2024/3431/7774 2025/3432/7775 2005/3411/7776
f 2005/3411/7777 2025/3432/7778 2026/3433/7779 2006/3412/7780
f 2006/3412/7781 2026/3433/7782 2027/3434/7783 2007/3413/7784
f 2007/3413/7785 2027/3434/7786 2028/3435/7787 2008/3414/7788
f 2008/3414/7789 2028/3435/7790 2029/3436/7791 2009/3415/7792
f 2009/3415/7793 2029/3436/7794 2030/3437/7795 2010/3416/7796
f 2010/3417/7797 2030/3438/7798 2011/3418/7799 1991/3397/7800
f 2011/3418/7801 2060/3439/7802 2061/3440/7803 2012/3419/7804
f 2012/3419/7805 2061/3440/7806 2062/3441/7807 2013/3420/7808
f 2013/3420/7809 2062/3441/7810 2063/3442/7811 2014/3421/7812
f 2014/3421/7813 2063/3442/7814 2064/3443/7815 2015/3422/7816
f 2015/3422/7817 2064/3443/7818 2065/3444/7819 2016/3423/7820
f 2016/3423/7821 2065/3444/7822 2066/3445/7823 2017/3424/7824
f 2017/3424/7825 2066/3445/7826 2067/3446/7827 2018/3425/7828
f 2018/3425/7829 2067/3446/7830 2068/3447/7831 2019/3426/7832
f 2019/3426/7833 2068/3447/7834 2069/3448/7835 2020/3427/7836
f 2020/3427/7837 2069/3448/7838 2070/3449/7839 2021/3428/7840
f 2021/3428/7841 2070/3449/7842 2071/3450/7843 2022/3429/7844
f 2022/3429/7845 2071/3450/7846 2052/3451/7847 2023/3430/7848
f 2023/3430/7849 2052/3451/7850 2053/3452/7851 2024/3431/7852
f 2024/3431/7853 2053/3452/7854 2054/3453/7855 2025/3432/7856
f 2025/3432/7857 2054/3453/7858 2055/3454/7859 2026/3433/7860
f 2026/3433/7861 2055/3454/7862 2056/3455/7863 2027/3434/7864
f 2027/3434/7865 2056/3455/7866 2057/3456/7867 2028/3435/7868
f 2028/3435/7869 2057/3456/7870 2058/3457/7871 2029/3436/7872
f 2029/3436/7873 2058/3457/7874 2059/3458/7875 2030/3437/7876
f 2030/3438/7877 2059/3459/7878 2060/3439/7879 2011/3418/7880
f 2031/3460/7881 2051/3461/7882 2032/3462/7883
f 2032/3462/7884 2051/3461/7885 2033/3463/7886
f 2033/3463/7887 2051/3461/7888 2034/3464/7889
f 2034/3464/7890 2051/3461/7891 2035/3465/7892
f 2035/3465/7893 2051/3461/7894 2036/3466/7895
f 2036/3466/7896 2051/3461/7897 2037/3467/7898
f 2037/3467/7899 2051/3461/7900 2038/3468/7901
f 2038/3468/7902 2051/3461/7903 2039/3469/7904
f 2039/3469/7905 2051/3461/7906 2040/3470/7907
f 2040/3470/7908 2051/3461/7909 2041/3471/7910
f 2041/3471/7911 2051/3461/7912 2042/3472/7913
f 2042/3472/7914 2051/3461/7915 2043/3473/7916
f 2043/3473/7917 2051/3461/7918 2044/3474/7919
f 2044/3474/7920 2051/3461/7921 2045/3475/7922
f 2045/3475/7923 2051/3461/7924 2046/3476/7925
f 2046/3476/7926 2051/3461/7927 2047/3477/7928
f 2047/3477/7929 2051/3461/7930 2048/3478/7931
f 2048/3478/7932 2051/3461/7933 2049/3479/7934
f 2049/3479/7935 2051/3461/7936 2050/3480/7937
f 2050/3481/7938 2051/3461/7939 2031/3460/7940
f 2052/3451/7941 2091/3482/7942 2072/3483/7943 2053/3452/7944
f 2054/3453/7945 2053/3452/7946 2072/3483/7947 2073/3484/7948
f 2055/3454/7949 2054/3453/7950 2073/3484/7951 2074/3485/7952
f 2056/3455/7953 2055/3454/7954 2074/3485/7955 2075/3486/7956
f 2057/3456/7957 2056/3455/7958 2075/3486/7959 2076/3487/7960
f 2058/3457/7961 2057/3456/7962 2076/3487/7963 2077/3488/7964
f 2059/3458/7965 2058/3457/7966 2077/3488/7967 2078/3489/7968
f 2060/3439/7969 2059/3459/7970 2078/3490/7971 2079/3491/7972
f 2061/3440/7973 2060/3439/7974 2079/3491/7975 2080/3492/7976
f 2062/3441/7977 2061/3440/7978 2080/3492/7979 2081/3493/7980
f 2063/3442/7981 2062/3441/7982 2081/3493/7983 2082/3494/7984
f 2064/3443/7985 2063/3442/7986 2082/3494/7987 2083/3495/7988
f 2065/3444/7989 2064/3443/7990 2083/3495/7991 2084/3496/7992
f 2066/3445/7993 2065/3444/7994 2084/3496/7995 2085/3497/7996
f 2067/3446/7997 2066/3445/7998 2085/3497/7999 2086/3498/8000
f 2068/3447/8001 2067/3446/8002 2086/3498/8003 2087/3499/8004
f 2069/3448/8005 2068/3447/8006 2087/3499/8007 2088/3500/8008
f 2070/3449/8009 2069/3448/8010 2088/3500/8011 2089/3501/8012
f 2071/3450/8013 2070/3449/8014 2089/3501/8015 2090/3502/8016
f 2052/3451/8017 2071/3450/8018 2090/3502/8019 2091/3482/8020
f 2073/3484/8021 2072/3483/8022 2044/3474/8023 2045/3475/8024
f 2074/3485/8025 2073/3484/8026 2045/3475/8027 2046/3476/8028
f 2075/3486/8029 2074/3485/8030 2046/3476/8031 2047/3477/8032
f 2076/3487/8033 2075/3486/8034 2047/3477/8035 2048/3478/8036
f 2077/3488/8037 2076/3487/8038 2048/3478/8039 2049/3479/8040
f 2078/3489/8041 2077/3488/8042 2049/3479/8043 2050/3480/8044
f 2079/3491/8045 2078/3490/8046 2050/3481/8047 2031/3460/8048
f 2080/3492/8049 2079/3491/8050 2031/3460/8051 2032/3462/8052
f 2081/3493/8053 2080/3492/8054 2032/3462/8055 2033/3463/8056
f 2082/3494/8057 2081/3493/8058 2033/3463/8059 2034/3464/8060
f 2083/3495/8061 2082/3494/8062 2034/3464/8063 2035/3465/8064
f 2084/3496/8065 2083/3495/8066 2035/3465/8067 2036/3466/8068
f 2085/3497/8069 2084/3496/8070 2036/3466/8071 2037/3467/8072
f 2086/3498/8073 2085/3497/8074 2037/3467/8075 2038/3468/8076
f 2087/3499/8077 2086/3498/8078 2038/3468/8079 2039/3469/8080
f 2088/3500/8081 2087/3499/8082 2039/3469/8083 2040/3470/8084
f 2089/3501/8085 2088/3500/8086 2040/3470/8087 2041/3471/8088
f 2090/3502/8089 2089/3501/8090 2041/3471/8091 2042/3472/8092
f 2091/3482/8093 2090/3502/8094 2042/3472/8095 2043/3473/8096
f 2072/3483/8097 2091/3482/8098 2043/3473/8099 2044/3474/8100
f 2092/3503/8101 2112/3504/8102 2113/3505/8103 2093/3506/8104
f 2093/3506/8105 2113/3505/8106 2114/3507/8107 2094/3508/8108
f 2094/3508/8109 2114/3507/8110 2115/3509/8111 2095/3510/8112
f 2095/3510/8113 2115/3509/8114 2116/3511/8115 2096/3512/8116
f 2096/3512/8117 2116/3511/8118 2117/3513/8119 2097/3514/8120
f 2097/3514/8121 2117/3513/8122 2118/3515/8123 2098/3516/8124
f 2098/3516/8125 2118/3515/8126 2119/3517/8127 2099/3518/8128
f 2099/3518/8129 2119/3517/8130 2120/3519/8131 2100/3520/8132
f 2100/3520/8133 2120/3519/8134 2121/3521/8135 2101/3522/8136
f 2101/3522/8137 2121/3521/8138 2122/3523/8139 2102/3524/8140
f 2102/3524/8141 2122/3523/8142 2123/3525/8143 2103/3526/8144
f 2103/3526/8145 2123/3525/8146 2124/3527/8147 2104/3528/8148
f 2104/3528/8149 2124/3527/8150 2125/3529/8151 2105/3530/8152
f 2105/3530/8153 2125/3529/8154 2126/3531/8155 2106/3532/8156
f 2106/3532/8157 2126/3531/8158 2127/3533/8159 2107/3534/8160
f 2107/3534/8161 2127/3533/8162 2128/3535/8163 2108/3536/8164
f 2108/3536/8165 2128/3535/8166 2129/3537/8167 2109/3538/8168
f 2109/3538/8169 2129/3537/8170 2130/3539/8171 2110/3540/8172
f 2110/3540/8173 2130/3539/8174 2131/3541/8175 2111/3542/8176
f 2111/3543/8177 2131/3544/8178 2112/3504/8179 2092/3503/8180
f 2112/3504/8181 2132/3545/8182 2133/3546/8183 2113/3505/8184
f 2113/3505/8185 2133/3546/8186 2134/3547/8187 2114/3507/8188
f 2114/3507/8189 2134/3547/8190 2135/3548/8191 2115/3509/8192
f 2115/3509/8193 2135/3548/8194 2136/3549/8195 2116/3511/8196
f 2116/3511/8197 2136/3549/8198 2137/3550/8199 2117/3513/8200
f 2117/3513/8201 2137/3550/8202 2138/3551/8203 2118/3515/8204
f 2118/3515/8205 2138/3551/8206 2139/3552/8207 2119/3517/8208
f 2119/3517/8209 2139/3552/8210 2140/3553/8211 2120/3519/8212
f 2120/3519/8213 2140/3553/8214 2141/3554/8215 2121/3521/8216
f 2121/3521/8217 2141/3554/8218 2142/3555/8219 2122/3523/8220
f 2122/3523/8221 2142/3555/8222 2143/3556/8223 2123/3525/8224
f 2123/3525/8225 2143/3556/8226 2144/3557/8227 2124/3527/8228
f 2124/3527/8229 2144/3557/8230 2145/3558/8231 2125/3529/8232
f 2125/3529/8233 2145/3558/8234 2146/3559/8235 2126/3531/8236
f 2126/3531/8237 2146/3559/8238 2147/3560/8239 2127/3533/8240
f 2127/3533/8241 2147/3560/8242 2148/3561/8243 2128/3535/8244
f 2128/3535/8245 2148/3561/8246 2149/3562/8247 2129/3537/8248
f 2129/3537/8249 2149/3562/8250 2150/3563/8251 2130/3539/8252
f 2130/3539/8253 2150/3563/8254 2151/3564/8255 2131/3541/8256
f 2131/3544/8257 2151/3565/8258 2132/3545/8259 2112/3504/8260
f 2132/3545/8261 2152/3566/8262 2153/3567/8263 2133/3546/8264
f 2133/3546/8265 2153/3567/8266 2154/3568/8267 2134/3547/8268
f 2134/3547/8269 2154/3568/8270 2155/3569/8271 2135/3548/8272
f 2135/3548/8273 2155/3569/8274 2156/3570/8275 2136/3549/8276
f 2136/3549/8277 2156/3570/8278 2157/3571/8279 2137/3550/8280
f 2137/3550/8281 2157/3571/8282 2158/3572/8283 2138/3551/8284
f 2138/3551/8285 2158/3572/8286 2159/3573/8287 2139/3552/8288
f 2139/3552/8289 2159/3573/8290 2160/3574/8291 2140/3553/8292
f 2140/3553/8293 2160/3574/8294 2161/3575/8295 2141/3554/8296
f 2141/3554/8297 2161/3575/8298 2162/3576/8299 2142/3555/8300
f 2142/3555/8301 2162/3576/8302 2163/3577/8303 2143/3556/8304
f 2143/3556/8305 2163/3577/8306 2164/3578/8307 2144/3557/8308
f 2144/3557/8309 2164/3578/8310 2165/3579/8311 2145/3558/8312
f 2145/3558/8313 2165/3579/8314 2166/3580/8315 2146/3559/8316
f 2146/3559/8317 2166/3580/8318 2167/3581/8319 2147/3560/8320
f 2147/3560/8321 2167/3581/8322 2168/3582/8323 2148/3561/8324
f 2148/3561/8325 2168/3582/8326 2169/3583/8327 2149/3562/8328
f 2149/3562/8329 2169/3583/8330 2170/3584/8331 2150/3563/8332
f 2150/3563/8333 2170/3584/8334 2171/3585/8335 2151/3564/8336
f 2151/3565/8337 2171/3586/8338 2152/3566/8339 2132/3545/8340
f 2152/3566/8341 2172/3587/8342 2173/3588/8343 2153/3567/8344
f 2153/3567/8345 2173/3588/8346 2174/3589/8347 2154/3568/8348
f 2154/3568/8349 2174/3589/8350 2175/3590/8351 2155/3569/8352
f 2155/3569/8353 2175/3590/8354 2176/3591/8355 2156/3570/8356
f 2156/3570/8357 2176/3591/8358 2177/3592/8359 2157/3571/8360
f 2157/3571/8361 2177/3592/8362 2178/3593/8363 2158/3572/8364
f 2158/3572/8365 2178/3593/8366 2179/3594/8367 2159/3573/8368
f 2159/3573/8369 2179/3594/8370 2180/3595/8371 2160/3574/8372
f 2160/3574/8373 2180/3595/8374 2181/3596/8375 2161/3575/8376
f 2161/3575/8377 2181/3596/8378 2182/3597/8379 2162/3576/8380
f 2162/3576/8381 2182/3597/8382 2183/3598/8383 2163/3577/8384
f 2163/3577/8385 2183/3598/8386 2184/3599/8387 2164/3578/8388
f 2164/3578/8389 2184/3599/8390 2185/3600/8391 2165/3579/8392
f 2165/3579/8393 2185/3600/8394 2186/3601/8395 2166/3580/8396
f 2166/3580/8397 2186/3601/8398 2187/3602/8399 2167/3581/8400
f 2167/3581/8401 2187/3602/8402 2188/3603/8403 2168/3582/8404
f 2168/3582/8405 2188/3603/8406 2189/3604/8407 2169/3583/8408
f 2169/3583/8409 2189/3604/8410 2190/3605/8411 2170/3584/8412
f 2170/3584/8413 2190/3605/8414 2191/3606/8415 2171/3585/8416
f 2171/3586/8417 2191/3607/8418 2172/3587/8419 2152/3566/8420
f 2172/3587/8421 2192/3608/8422 2193/3609/8423 2173/3588/8424
f 2173/3588/8425 2193/3609/8426 2194/3610/8427 2174/3589/8428
f 2174/3589/8429 2194/3610/8430 2195/3611/8431 2175/3590/8432
f 2175/3590/8433 2195/3611/8434 2196/3612/8435 2176/3591/8436
f 2176/3591/8437 2196/3612/8438 2197/3613/8439 2177/3592/8440
f 2177/3592/8441 2197/3613/8442 2198/3614/8443 2178/3593/8444
f 2178/3593/8445 2198/3614/8446 2199/3615/8447 2179/3594/8448
f 2179/3594/8449 2199/3615/8450 2200/3616/8451 2180/3595/8452
f 2180/3595/8453 2200/3616/8454 2201/3617/8455 2181/3596/8456
f 2181/3596/8457 2201/3617/8458 2202/3618/8459 2182/3597/8460
f 2182/3597/8461 2202/3618/8462 2203/3619/8463 2183/3598/8464
f 2183/3598/8465 2203/3619/8466 2204/3620/8467 2184/3599/8468
f 2184/3599/8469 2204/3620/8470 2205/3621/8471 2185/3600/8472
f 2185/3600/8473 2205/3621/8474 2206/3622/8475 2186/3601/8476
f 2186/3601/8477 2206/3622/8478 2207/3623/8479 2187/3602/8480
f 2187/3602/8481 2207/3623/8482 2208/3624/8483 2188/3603/8484
f 2188/3603/8485 2208/3624/8486 2209/3625/8487 2189/3604/8488
f 2189/3604/8489 2209/3625/8490 2210/3626/8491 2190/3605/8492
f 2190/3605/8493 2210/3626/8494 2211/3627/8495 2191/3606/8496
f 2191/3607/8497 2211/3628/8498 2192/3608/8499 2172/3587/8500
f 2192/3608/8501 2241/3629/8502 2242/3630/8503 2193/3609/8504
f 2193/3609/8505 2242/3630/8506 2243/3631/8507 2194/3610/8508
f 2194/3610/8509 2243/3631/8510 2244/3632/8511 2195/3611/8512
f 2195/3611/8513 2244/3632/8514 2245/3633/8515 2196/3612/8516
f 2196/3612/8517 2245/3633/8518 2246/3634/8519 2197/3613/8520
f 2197/3613/8521 2246/3634/8522 2247/3635/8523 2198/3614/8524
f 2198/3614/8525 2247/3635/8526 2248/3636/8527 2199/3615/8528
f 2199/3615/8529 2248/3636/8530 2249/3637/8531 2200/3616/8532
f 2200/3616/8533 2249/3637/8534 2250/3638/8535 2201/3617/8536
f 2201/3617/8537 2250/3638/8538 2251/3639/8539 2202/3618/8540
f 2202/3618/8541 2251/3639/8542 2252/3640/8543 2203/3619/8544
f 2203/3619/8545 2252/3640/8546 2233/3641/8547 2204/3620/8548
f 2204/3620/8549 2233/3641/8550 2234/3642/8551 2205/3621/8552
f 2205/3621/8553 2234/3642/8554 2235/1959/8555 2206/3622/8556
f 2206/3622/8557 2235/1959/8558 2236/1958/8559 2207/3623/8560
f 2207/3623/8561 2236/1958/8562 2237/1957/8563 2208/3624/8564
f 2208/3624/8565 2237/1957/8566 2238/1956/8567 2209/3625/8568
f 2209/3625/8569 2238/1956/8570 2239/1955/8571 2210/3626/8572
f 2210/3626/8573 2239/1955/8574 2240/1954/8575 2211/3627/8576
f 2211/3628/8577 2240/1953/8578 2241/3629/8579 2192/3608/8580
f 2212/1952/8581 2232/1951/8582 2213/1950/8583
f 2213/1950/8584 2232/1951/8585 2214/1949/8586
f 2214/1949/8587 2232/1951/8588 2215/1948/8589
f 2215/1948/8590 2232/1951/8591 2216/1947/8592
f 2216/1947/8593 2232/1951/8594 2217/1946/8595
f 2217/1946/8596 2232/1951/8597 2218/1945/8598
f 2218/1945/8599 2232/1951/8600 2219/1944/8601
f 2219/1944/8602 2232/1951/8603 2220/1943/8604
f 2220/1943/8605 2232/1951/8606 2221/1942/8607
f 2221/1942/8608 2232/1951/8609 2222/1941/8610
f 2222/1941/8611 2232/1951/8612 2223/1940/8613
f 2223/1940/8614 2232/1951/8615 2224/1939/8616
f 2224/1939/8617 2232/1951/8618 2225/1938/8619
f 2225/1938/8620 2232/1951/8621 2226/1937/8622
f 2226/1937/8623 2232/1951/8624 2227/1936/8625
f 2227/1936/8626 2232/1951/8627 2228/1935/8628
f 2228/1935/8629 2232/1951/8630 2229/1934/8631
f 2229/1934/8632 2232/1951/8633 2230/1933/8634
f 2230/1933/8635 2232/1951/8636 2231/1932/8637
f 2231/1931/8638 2232/1951/8639 2212/1952/8640
f 2233/3641/8641 2272/1930/8642 2253/1929/8643 2234/3642/8644
f 2235/1959/8645 2234/3642/8646 2253/1929/8647 2254/1928/8648
f 2236/1958/8649 2235/1959/8650 2254/1928/8651 2255/1927/8652
f 2237/1957/8653 2236/1958/8654 2255/1927/8655 2256/1926/8656
f 2238/1956/8657 2237/1957/8658 2256/1926/8659 2257/1925/8660
f 2239/1955/8661 2238/1956/8662 2257/1925/8663 2258/1924/8664
f 2240/1954/8665 2239/1955/8666 2258/1924/8667 2259/1923/8668
f 2241/3629/8669 2240/1953/8670 2259/1922/8671 2260/1921/8672
f 2242/3630/8673 2241/3629/8674 2260/1921/8675 2261/1920/8676
f 2243/3631/8677 2242/3630/8678 2261/1920/8679 2262/1919/8680
f 2244/3632/8681 2243/3631/8682 2262/1919/8683 2263/1918/8684
f 2245/3633/8685 2244/3632/8686 2263/1918/8687 2264/1917/8688
f 2246/3634/8689 2245/3633/8690 2264/1917/8691 2265/1916/8692
f 2247/3635/8693 2246/3634/8694 2265/1916/8695 2266/1915/8696
f 2248/3636/8697 2247/3635/8698 2266/1915/8699 2267/1914/8700
f 2249/3637/8701 2248/3636/8702 2267/1914/8703 2268/1913/8704
f 2250/3638/8705 2249/3637/8706 2268/1913/8707 2269/1912/8708
f 2251/3639/8709 2250/3638/8710 2269/1912/8711 2270/1911/8712
f 2252/3640/8713 2251/3639/8714 2270/1911/8715 2271/1910/8716
f 2233/3641/8717 2252/3640/8718 2271/1910/8719 2272/1930/8720
f 2254/1928/8721 2253/1929/8722 2225/1938/8723 2226/1937/8724
f 2255/1927/8725 2254/1928/8726 2226/1937/8727 2227/1936/8728
f 2256/1926/8729 2255/1927/8730 2227/1936/8731 2228/1935/8732
f 2257/1925/8733 2256/1926/8734 2228/1935/8735 2229/1934/8736
f 2258/1924/8737 2257/1925/8738 2229/1934/8739 2230/1933/8740
f 2259/1923/8741 2258/1924/8742 2230/1933/8743 2231/1932/8744
f 2260/1921/8745 2259/1922/8746 2231/1931/8747 2212/1952/8748
f 2261/1920/8749 2260/1921/8750 2212/1952/8751 2213/1950/8752
f 2262/1919/8753 2261/1920/8754 2213/1950/8755 2214/1949/8756
f 2263/1918/8757 2262/1919/8758 2214/1949/8759 2215/1948/8760
f 2264/1917/8761 2263/1918/8762 2215/1948/8763 2216/1947/8764
f 2265/1916/8765 2264/1917/8766 2216/1947/8767 2217/1946/8768
f 2266/1915/8769 2265/1916/8770 2217/1946/8771 2218/1945/8772
f 2267/1914/8773 2266/1915/8774 2218/1945/8775 2219/1944/8776
f 2268/1913/8777 2267/1914/8778 2219/1944/8779 2220/1943/8780
f 2269/1912/8781 2268/1913/8782 2220/1943/8783 2221/1942/8784
f 2270/1911/8785 2269/1912/8786 2221/1942/8787 2222/1941/8788
f 2271/1910/8789 2270/1911/8790 2222/1941/8791 2223/1940/8792
f 2272/1930/8793 2271/1910/8794 2223/1940/8795 2224/1939/8796
f 2253/1929/8797 2272/1930/8798 2224/1939/8799 2225/1938/8800
f 2273/1909/8801 2293/1908/8802 2294/1907/8803 2274/1906/8804
f 2274/1906/8805 2294/1907/8806 2295/1905/8807 2275/1904/8808
f 2275/1904/8809 2295/1905/8810 2296/1903/8811 2276/1902/8812
f 2276/1902/8813 2296/1903/8814 2297/1901/8815 2277/1900/8816
f 2277/1900/8817 2297/1901/8818 2298/1899/8819 2278/1898/8820
f 2278/1898/8821 2298/1899/8822 2299/1897/8823 2279/1896/8824
f 2279/1896/8825 2299/1897/8826 2300/1895/8827 2280/1894/8828
f 2280/1894/8829 2300/1895/8830 2301/1893/8831 2281/1892/8832
f 2281/1892/8833 2301/1893/8834 2302/1891/8835 2282/1890/8836
f 2282/1890/8837 2302/1891/8838 2303/1889/8839 2283/1888/8840
f 2283/1888/8841 2303/1889/8842 2304/1887/8843 2284/1886/8844
f 2284/1886/8845 2304/1887/8846 2305/1885/8847 2285/1884/8848
f 2285/1884/8849 2305/1885/8850 2306/1883/8851 2286/1882/8852
f 2286/1882/8853 2306/1883/8854 2307/1881/8855 2287/1880/8856
f 2287/1880/8857 2307/1881/8858 2308/1879/8859 2288/1878/8860
f 2288/1878/8861 2308/1879/8862 2309/1877/8863 2289/1876/8864
f 2289/1876/8865 2309/1877/8866 2310/1875/8867 2290/1874/8868
f 2290/1874/8869 2310/1875/8870 2311/1873/8871 2291/1872/8872
f 2291/1872/8873 2311/1873/8874 2312/1871/8875 2292/1870/8876
f 2292/1869/8877 2312/1868/8878 2293/1908/8879 2273/1909/8880
f 2293/1908/8881 2313/1867/8882 2314/1866/8883 2294/1907/8884
f 2294/1907/8885 2314/1866/8886 2315/1865/8887 2295/1905/8888
f 2295/1905/8889 2315/1865/8890 2316/1864/8891 2296/1903/8892
f 2296/1903/8893 2316/1864/8894 2317/1863/8895 2297/1901/8896
f 2297/1901/8897 2317/1863/8898 2318/1862/8899 2298/1899/8900
f 2298/1899/8901 2318/1862/8902 2319/1861/8903 2299/1897/8904
f 2299/1897/8905 2319/1861/8906 2320/1860/8907 2300/1895/8908
f 2300/1895/8909 2320/1860/8910 2321/1859/8911 2301/1893/8912
f 2301/1893/8913 2321/1859/8914 2322/1858/8915 2302/1891/8916
f 2302/1891/8917 2322/1858/8918 2323/1857/8919 2303/1889/8920
f 2303/1889/8921 2323/1857/8922 2324/1856/8923 2304/1887/8924
f 2304/1887/8925 2324/1856/8926 2325/1855/8927 2305/1885/8928
f 2305/1885/8929 2325/1855/8930 2326/1854/8931 2306/1883/8932
f 2306/1883/8933 2326/1854/8934 2327/1853/8935 2307/1881/8936
f 2307/1881/8937 2327/1853/8938 2328/1852/8939 2308/1879/8940
f 2308/1879/8941 2328/1852/8942 2329/1851/8943 2309/1877/8944
f 2309/1877/8945 2329/1851/8946 2330/1850/8947 2310/1875/8948
f 2310/1875/8949 2330/1850/8950 2331/1849/8951 2311/1873/8952
f 2311/1873/8953 2331/1849/8954 2332/1848/8955 2312/1871/8956
f 2312/1868/8957 2332/1847/8958 2313/1867/8959 2293/1908/8960
f 2313/1867/8961 2333/1846/8962 2334/1845/8963 2314/1866/8964
f 2314/1866/8965 2334/1845/8966 2335/1844/8967 2315/1865/8968
f 2315/1865/8969 2335/1844/8970 2336/1843/8971 2316/1864/8972
f 2316/1864/8973 2336/1843/8974 2337/1842/8975 2317/1863/8976
f 2317/1863/8977 2337/1842/8978 2338/1841/8979 2318/1862/8980
f 2318/1862/8981 2338/1841/8982 2339/1840/8983 2319/1861/8984
f 2319/1861/8985 2339/1840/8986 2340/1839/8987 2320/1860/8988
f 2320/1860/8989 2340/1839/8990 2341/1838/8991 2321/1859/8992
f 2321/1859/8993 2341/1838/8994 2342/1837/8995 2322/1858/8996
f 2322/1858/8997 2342/1837/8998 2343/1836/8999 2323/1857/9000
f 2323/1857/9001 2343/1836/9002 2344/1835/9003 2324/1856/9004
f 2324/1856/9005 2344/1835/9006 2345/1834/9007 2325/1855/9008
f 2325/1855/9009 2345/1834/9010 2346/1833/9011 2326/1854/9012
f 2326/1854/9013 2346/1833/9014 2347/1832/9015 2327/1853/9016
f 2327/1853/9017 2347/1832/9018 2348/1831/9019 2328/1852/9020
f 2328/1852/9021 2348/1831/9022 2349/1830/9023 2329/1851/9024
f 2329/1851/9025 2349/1830/9026 2350/1829/9027 2330/1850/9028
f 2330/1850/9029 2350/1829/9030 2351/1828/9031 2331/1849/9032
f 2331/1849/9033 2351/1828/9034 2352/1827/9035 2332/1848/9036
f 2332/1847/9037 2352/1826/9038 2333/1846/9039 2313/1867/9040
f 2333/1846/9041 2353/1825/9042 2354/1824/9043 2334/1845/9044
f 2334/1845/9045 2354/1824/9046 2355/1823/9047 2335/1844/9048
f 2335/1844/9049 2355/1823/9050 2356/1822/9051 2336/1843/9052
f 2336/1843/9053 2356/1822/9054 2357/1821/9055 2337/1842/9056
f 2337/1842/9057 2357/1821/9058 2358/1820/9059 2338/1841/9060
f 2338/1841/9061 2358/1820/9062 2359/1819/9063 2339/1840/9064
f 2339/1840/9065 2359/1819/9066 2360/1818/9067 2340/1839/9068
f 2340/1839/9069 2360/1818/9070 2361/1817/9071 2341/1838/9072
f 2341/1838/9073 2361/1817/9074 2362/1816/9075 2342/1837/9076
f 2342/1837/9077 2362/1816/9078 2363/1815/9079 2343/1836/9080
f 2343/1836/9081 2363/1815/9082 2364/1814/9083 2344/1835/9084
f 2344/1835/9085 2364/1814/9086 2365/1813/9087 2345/1834/9088
f 2345/1834/9089 2365/1813/9090 2366/1812/9091 2346/1833/9092
f 2346/1833/9093 2366/1812/9094 2367/1811/9095 2347/1832/9096
f 2347/1832/9097 2367/1811/9098 2368/1810/9099 2348/1831/9100
f 2348/1831/9101 2368/1810/9102 2369/1809/9103 2349/1830/9104
f 2349/1830/9105 2369/1809/9106 2370/1808/9107 2350/1829/9108
f 2350/1829/9109 2370/1808/9110 2371/1807/9111 2351/1828/9112
f 2351/1828/9113 2371/1807/9114 2372/1806/9115 2352/1827/9116
f 2352/1826/9117 2372/1805/9118 2353/1825/9119 2333/1846/9120
f 2353/1825/9121 2373/1804/9122 2374/1803/9123 2354/1824/9124
f 2354/1824/9125 2374/1803/9126 2375/1802/9127 2355/1823/9128
f 2355/1823/9129 2375/1802/9130 2376/1801/9131 2356/1822/9132
f 2356/1822/9133 2376/1801/9134 2377/1800/9135 2357/1821/9136
f 2357/1821/9137 2377/1800/9138 2378/1799/9139 2358/1820/9140
f 2358/1820/9141 2378/1799/9142 2379/1798/9143 2359/1819/9144
f 2359/1819/9145 2379/1798/9146 2380/1797/9147 2360/1818/9148
f 2360/1818/9149 2380/1797/9150 2381/1796/9151 2361/1817/9152
f 2361/1817/9153 2381/1796/9154 2382/1795/9155 2362/1816/9156
f 2362/1816/9157 2382/1795/9158 2383/1794/9159 2363/1815/9160
f 2363/1815/9161 2383/1794/9162 2384/1793/9163 2364/1814/9164
f 2364/1814/9165 2384/1793/9166 2385/1792/9167 2365/1813/9168
f 2365/1813/9169 2385/1792/9170 2386/1791/9171 2366/1812/9172
f 2366/1812/9173 2386/1791/9174 2387/1790/9175 2367/1811/9176
f 2367/1811/9177 2387/1790/9178 2388/1789/9179 2368/1810/9180
f 2368/1810/9181 2388/1789/9182 2389/1788/9183 2369/1809/9184
f 2369/1809/9185 2389/1788/9186 2390/1787/9187 2370/1808/9188
f 2370/1808/9189 2390/1787/9190 2391/1786/9191 2371/1807/9192
f 2371/1807/9193 2391/1786/9194 2392/1785/9195 2372/1806/9196
f 2372/1805/9197 2392/1784/9198 2373/1804/9199 2353/1825/9200
f 2373/1804/9201 2422/1783/9202 2423/1782/9203 2374/1803/9204
f 2374/1803/9205 2423/1782/9206 2424/1781/9207 2375/1802/9208
f 2375/1802/9209 2424/1781/9210 2425/1780/9211 2376/1801/9212
f 2376/1801/9213 2425/1780/9214 2426/1779/9215 2377/1800/9216
f 2377/1800/9217 2426/1779/9218 2427/1778/9219 2378/1799/9220
f 2378/1799/9221 2427/1778/9222 2428/1777/9223 2379/1798/9224
f 2379/1798/9225 2428/1777/9226 2429/1776/9227 2380/1797/9228
f 2380/1797/9229 2429/1776/9230 2430/1775/9231 2381/1796/9232
f 2381/1796/9233 2430/1775/9234 2431/1774/9235 2382/1795/9236
f 2382/1795/9237 2431/1774/9238 2432/1773/9239 2383/1794/9240
f 2383/1794/9241 2432/1773/9242 2433/1772/9243 2384/1793/9244
f 2384/1793/9245 2433/1772/9246 2414/1771/9247 2385/1792/9248
f 2385/1792/9249 2414/1771/9250 2415/1770/9251 2386/1791/9252
f 2386/1791/9253 2415/1770/9254 2416/1769/9255 2387/1790/9256
f 2387/1790/9257 2416/1769/9258 2417/1768/9259 2388/1789/9260
f 2388/1789/9261 2417/1768/9262 2418/1767/9263 2389/1788/9264
f 2389/1788/9265 2418/1767/9266 2419/1766/9267 2390/1787/9268
f 2390/1787/9269 2419/1766/9270 2420/1765/9271 2391/1786/9272
f 2391/1786/9273 2420/1765/9274 2421/1764/9275 2392/1785/9276
f 2392/1784/9277 2421/1763/9278 2422/1783/9279 2373/1804/9280
f 2393/1762/9281 2413/1761/9282 2394/1760/9283
f 2394/1760/9284 2413/1761/9285 2395/1759/9286
f 2395/1759/9287 2413/1761/9288 2396/1758/9289
f 2396/1758/9290 2413/1761/9291 2397/1757/9292
f 2397/1757/9293 2413/1761/9294 2398/1756/9295
f 2398/1756/9296 2413/1761/9297 2399/1755/9298
f 2399/1755/9299 2413/1761/9300 2400/1754/9301
f 2400/1754/9302 2413/1761/9303 2401/1753/9304
f 2401/1753/9305 2413/1761/9306 2402/1752/9307
f 2402/1752/9308 2413/1761/9309 2403/1751/9310
f 2403/1751/9311 2413/1761/9312 2404/1750/9313
f 2404/1750/9314 2413/1761/9315 2405/1749/9316
f 2405/1749/9317 2413/1761/9318 2406/1748/9319
f 2406/1748/9320 2413/1761/9321 2407/1747/9322
f 2407/1747/9323 2413/1761/9324 2408/1746/9325
f 2408/1746/9326 2413/1761/9327 2409/1745/9328
f 2409/1745/9329 2413/1761/9330 2410/1744/9331
f 2410/1744/9332 2413/1761/9333 2411/1743/9334
f 2411/1743/9335 2413/1761/9336 2412/1742/9337
f 2412/1741/9338 2413/1761/9339 2393/1762/9340
f 2414/1771/9341 2453/1740/9342 2434/1739/9343 2415/1770/9344
f 2416/1769/9345 2415/1770/9346 2434/1739/9347 2435/1738/9348
f 2417/1768/9349 2416/1769/9350 2435/1738/9351 2436/1737/9352
f 2418/1767/9353 2417/1768/9354 2436/1737/9355 2437/1736/9356
f 2419/1766/9357 2418/1767/9358 2437/1736/9359 2438/1735/9360
f 2420/1765/9361 2419/1766/9362 2438/1735/9363 2439/1734/9364
f 2421/1764/9365 2420/1765/9366 2439/1734/9367 2440/1733/9368
f 2422/1783/9369 2421/1763/9370 2440/1732/9371 2441/1731/9372
f 2423/1782/9373 2422/1783/9374 2441/1731/9375 2442/1730/9376
f 2424/1781/9377 2423/1782/9378 2442/1730/9379 2443/1729/9380
f 2425/1780/9381 2424/1781/9382 2443/1729/9383 2444/1728/9384
f 2426/1779/9385 2425/1780/9386 2444/1728/9387 2445/1727/9388
f 2427/1778/9389 2426/1779/9390 2445/1727/9391 2446/1726/9392
f 2428/1777/9393 2427/1778/9394 2446/1726/9395 2447/1725/9396
f 2429/1776/9397 2428/1777/9398 2447/1725/9399 2448/1724/9400
f 2430/1775/9401 2429/1776/9402 2448/1724/9403 2449/1723/9404
f 2431/1774/9405 2430/1775/9406 2449/1723/9407 2450/1722/9408
f 2432/1773/9409 2431/1774/9410 2450/1722/9411 2451/1721/9412
f 2433/1772/9413 2432/1773/9414 2451/1721/9415 2452/1720/9416
f 2414/1771/9417 2433/1772/9418 2452/1720/9419 2453/1740/9420
f 2435/1738/9421 2434/1739/9422 2406/1748/9423 2407/1747/9424
f 2436/1737/9425 2435/1738/9426 2407/1747/9427 2408/1746/9428
f 2437/1736/9429 2436/1737/9430 2408/1746/9431 2409/1745/9432
f 2438/1735/9433 2437/1736/9434 2409/1745/9435 2410/1744/9436
f 2439/1734/9437 2438/1735/9438 2410/1744/9439 2411/1743/9440
f 2440/1733/9441 2439/1734/9442 2411/1743/9443 2412/1742/9444
f 2441/1731/9445 2440/1732/9446 2412/1741/9447 2393/1762/9448
f 2442/1730/9449 2441/1731/9450 2393/1762/9451 2394/1760/9452
f 2443/1729/9453 2442/1730/9454 2394/1760/9455 2395/1759/9456
f 2444/1728/9457 2443/1729/9458 2395/1759/9459 2396/1758/9460
f 2445/1727/9461 2444/1728/9462 2396/1758/9463 2397/1757/9464
f 2446/1726/9465 2445/1727/9466 2397/1757/9467 2398/1756/9468
f 2447/1725/9469 2446/1726/9470 2398/1756/9471 2399/1755/9472
f 2448/1724/9473 2447/1725/9474 2399/1755/9475 2400/1754/9476
f 2449/1723/9477 2448/1724/9478 2400/1754/9479 2401/1753/9480
f 2450/1722/9481 2449/1723/9482 2401/1753/9483 2402/1752/9484
f 2451/1721/9485 2450/1722/9486 2402/1752/9487 2403/1751/9488
f 2452/1720/9489 2451/1721/9490 2403/1751/9491 2404/1750/9492
f 2453/1740/9493 2452/1720/9494 2404/1750/9495 2405/1749/9496
f 2434/1739/9497 2453/1740/9498 2405/1749/9499 2406/1748/9500
f 2454/1719/9501 2474/1718/9502 2475/1717/9503 2455/1716/9504
f 2455/1716/9505 2475/1717/9506 2476/1715/9507 2456/1714/9508
f 2456/1714/9509 2476/1715/9510 2477/1713/9511 2457/1712/9512
f 2457/1712/9513 2477/1713/9514 2478/1711/9515 2458/1710/9516
f 2458/1710/9517 2478/1711/9518 2479/1709/9519 2459/1708/9520
f 2459/1708/9521 2479/1709/9522 2480/1707/9523 2460/1706/9524
f 2460/1706/9525 2480/1707/9526 2481/1705/9527 2461/1704/9528
f 2461/1704/9529 2481/1705/9530 2482/1703/9531 2462/1702/9532
f 2462/1702/9533 2482/1703/9534 2483/1701/9535 2463/1700/9536
f 2463/1700/9537 2483/1701/9538 2484/1699/9539 2464/1698/9540
f 2464/1698/9541 2484/1699/9542 2485/1697/9543 2465/1696/9544
f 2465/1696/9545 2485/1697/9546 2486/1695/9547 2466/1694/9548
f 2466/1694/9549 2486/1695/9550 2487/1693/9551 2467/1692/9552
f 2467/1692/9553 2487/1693/9554 2488/1691/9555 2468/1690/9556
f 2468/1690/9557 2488/1691/9558 2489/1689/9559 2469/1688/9560
f 2469/1688/9561 2489/1689/9562 2490/1687/9563 2470/1686/9564
f 2470/1686/9565 2490/1687/9566 2491/1685/9567 2471/1684/9568
f 2471/1684/9569 2491/1685/9570 2492/1683/9571 2472/1682/9572
f 2472/1682/9573 2492/1683/9574 2493/1681/9575 2473/1680/9576
f 2473/1679/9577 2493/1678/9578 2474/1718/9579 2454/1719/9580
f 2474/1718/9581 2494/1677/9582 2495/1676/9583 2475/1717/9584
f 2475/1717/9585 2495/1676/9586 2496/1675/9587 2476/1715/9588
f 2476/1715/9589 2496/1675/9590 2497/1674/9591 2477/1713/9592
f 2477/1713/9593 2497/1674/9594 2498/1673/9595 2478/1711/9596
f 2478/1711/9597 2498/1673/9598 2499/1672/9599 2479/1709/9600
f 2479/1709/9601 2499/1672/9602 2500/1671/9603 2480/1707/9604
f 2480/1707/9605 2500/1671/9606 2501/1670/9607 2481/1705/9608
f 2481/1705/9609 2501/1670/9610 2502/1669/9611 2482/1703/9612
f 2482/1703/9613 2502/1669/9614 2503/1668/9615 2483/1701/9616
f 2483/1701/9617 2503/1668/9618 2504/1667/9619 2484/1699/9620
f 2484/1699/9621 2504/1667/9622 2505/1666/9623 2485/1697/9624
f 2485/1697/9625 2505/1666/9626 2506/1665/9627 2486/1695/9628
f 2486/1695/9629 2506/1665/9630 2507/1664/9631 2487/1693/9632
f 2487/1693/9633 2507/1664/9634 2508/1663/9635 2488/1691/9636
f 2488/1691/9637 2508/1663/9638 2509/1662/9639 2489/1689/9640
f 2489/1689/9641 2509/1662/9642 2510/1661/9643 2490/1687/9644
f 2490/1687/9645 2510/1661/9646 2511/1660/9647 2491/1685/9648
f 2491/1685/9649 2511/1660/9650 2512/1659/9651 2492/1683/9652
f 2492/1683/9653 2512/1659/9654 2513/1658/9655 2493/1681/9656
f 2493/1678/9657 2513/1657/9658 2494/1677/9659 2474/1718/9660
f 2494/1677/9661 2514/1656/9662 2515/1655/9663 2495/1676/9664
f 2495/1676/9665 2515/1655/9666 2516/1654/9667 2496/1675/9668
f 2496/1675/9669 2516/1654/9670 2517/1653/9671 2497/1674/9672
f 2497/1674/9673 2517/1653/9674 2518/1652/9675 2498/1673/9676
f 2498/1673/9677 2518/1652/9678 2519/1651/9679 2499/1672/9680
f 2499/1672/9681 2519/1651/9682 2520/1650/9683 2500/1671/9684
f 2500/1671/9685 2520/1650/9686 2521/1649/9687 2501/1670/9688
f 2501/1670/9689 2521/1649/9690 2522/1648/9691 2502/1669/9692
f 2502/1669/9693 2522/1648/9694 2523/1647/9695 2503/1668/9696
f 2503/1668/9697 2523/1647/9698 2524/1646/9699 2504/1667/9700
f 2504/1667/9701 2524/1646/9702 2525/1645/9703 2505/1666/9704
f 2505/1666/9705 2525/1645/9706 2526/1644/9707 2506/1665/9708
f 2506/1665/9709 2526/1644/9710 2527/1643/9711 2507/1664/9712
f 2507/1664/9713 2527/1643/9714 2528/1642/9715 2508/1663/9716
f 2508/1663/9717 2528/1642/9718 2529/1641/9719 2509/1662/9720
f 2509/1662/9721 2529/1641/9722 2530/1640/9723 2510/1661/9724
f 2510/1661/9725 2530/1640/9726 2531/1639/9727 2511/1660/9728
f 2511/1660/9729 2531/1639/9730 2532/1638/9731 2512/1659/9732
f 2512/1659/9733 2532/1638/9734 2533/1637/9735 2513/1658/9736
f 2513/1657/9737 2533/1636/9738 2514/1656/9739 2494/1677/9740
f 2514/1656/9741 2534/1635/9742 2535/1634/9743 2515/1655/9744
f 2515/1655/9745 2535/1634/9746 2536/1633/9747 2516/1654/9748
f 2516/1654/9749 2536/1633/9750 2537/1632/9751 2517/1653/9752
f 2517/1653/9753 2537/1632/9754 2538/1631/9755 2518/1652/9756
f 2518/1652/9757 2538/1631/9758 2539/1630/9759 2519/1651/9760
f 2519/1651/9761 2539/1630/9762 2540/1629/9763 2520/1650/9764
f 2520/1650/9765 2540/1629/9766 2541/1628/9767 2521/1649/9768
f 2521/1649/9769 2541/1628/9770 2542/1627/9771 2522/1648/9772
f 2522/1648/9773 2542/1627/9774 2543/1626/9775 2523/1647/9776
f 2523/1647/9777 2543/1626/9778 2544/1625/9779 2524/1646/9780
f 2524/1646/9781 2544/1625/9782 2545/1624/9783 2525/1645/9784
f 2525/1645/9785 2545/1624/9786 2546/1623/9787 2526/1644/9788
f 2526/1644/9789 2546/1623/9790 2547/1622/9791 2527/1643/9792
f 2527/1643/9793 2547/1622/9794 2548/1621/9795 2528/1642/9796
f 2528/1642/9797 2548/1621/9798 2549/1620/9799 2529/1641/9800
f 2529/1641/9801 2549/1620/9802 2550/1619/9803 2530/1640/9804
f 2530/1640/9805 2550/1619/9806 2551/1618/9807 2531/1639/9808
f 2531/1639/9809 2551/1618/9810 2552/1617/9811 2532/1638/9812
f 2532/1638/9813 2552/1617/9814 2553/1616/9815 2533/1637/9816
f 2533/1636/9817 2553/1615/9818 2534/1635/9819 2514/1656/9820
f 2534/1635/9821 2554/1614/9822 2555/1613/9823 2535/1634/9824
f 2535/1634/9825 2555/1613/9826 2556/1612/9827 2536/1633/9828
f 2536/1633/9829 2556/1612/9830 2557/1611/9831 2537/1632/9832
f 2537/1632/9833 2557/1611/9834 2558/1610/9835 2538/1631/9836
f 2538/1631/9837 2558/1610/9838 2559/1609/9839 2539/1630/9840
f 2539/1630/9841 2559/1609/9842 2560/1608/9843 2540/1629/9844
f 2540/1629/9845 2560/1608/9846 2561/1607/9847 2541/1628/9848
f 2541/1628/9849 2561/1607/9850 2562/1606/9851 2542/1627/9852
f 2542/1627/9853 2562/1606/9854 2563/1605/9855 2543/1626/9856
f 2543/1626/9857 2563/1605/9858 2564/1604/9859 2544/1625/9860
f 2544/1625/9861 2564/1604/9862 2565/1603/9863 2545/1624/9864
f 2545/1624/9865 2565/1603/9866 2566/1602/9867 2546/1623/9868
f 2546/1623/9869 2566/1602/9870 2567/1601/9871 2547/1622/9872
f 2547/1622/9873 2567/1601/9874 2568/1600/9875 2548/1621/9876
f 2548/1621/9877 2568/1600/9878 2569/1599/9879 2549/1620/9880
f 2549/1620/9881 2569/1599/9882 2570/1598/9883 2550/1619/9884
f 2550/1619/9885 2570/1598/9886 2571/1597/9887 2551/1618/9888
f 2551/1618/9889 2571/1597/9890 2572/1596/9891 2552/1617/9892
f 2552/1617/9893 2572/1596/9894 2573/1595/9895 2553/1616/9896
f 2553/1615/9897 2573/1594/9898 2554/1614/9899 2534/1635/9900
f 2554/1614/9901 2603/1593/9902 2604/1592/9903 2555/1613/9904
f 2555/1613/9905 2604/1592/9906 2605/1591/9907 2556/1612/9908
f 2556/1612/9909 2605/1591/9910 2606/1590/9911 2557/1611/9912
f 2557/1611/9913 2606/1590/9914 2607/1589/9915 2558/1610/9916
f 2558/1610/9917 2607/1589/9918 2608/1588/9919 2559/1609/9920
f 2559/1609/9921 2608/1588/9922 2609/1587/9923 2560/1608/9924
f 2560/1608/9925 2609/1587/9926 2610/1586/9927 2561/1607/9928
f 2561/1607/9929 2610/1586/9930 2611/1585/9931 2562/1606/9932
f 2562/1606/9933 2611/1585/9934 2612/1584/9935 2563/1605/9936
f 2563/1605/9937 2612/1584/9938 2613/1583/9939 2564/1604/9940
f 2564/1604/9941 2613/1583/9942 2614/1582/9943 2565/1603/9944
f 2565/1603/9945 2614/1582/9946 2595/1581/9947 2566/1602/9948
f 2566/1602/9949 2595/1581/9950 2596/1580/9951 2567/1601/9952
f 2567/1601/9953 2596/1580/9954 2597/1579/9955 2568/1600/9956
f 2568/1600/9957 2597/1579/9958 2598/1578/9959 2569/1599/9960
f 2569/1599/9961 2598/1578/9962 2599/1577/9963 2570/1598/9964
f 2570/1598/9965 2599/1577/9966 2600/1576/9967 2571/1597/9968
f 2571/1597/9969 2600/1576/9970 2601/1575/9971 2572/1596/9972
f 2572/1596/9973 2601/1575/9974 2602/1574/9975 2573/1595/9976
f 2573/1594/9977 2602/1573/9978 2603/1593/9979 2554/1614/9980
f 2574/1572/9981 2594/1571/9982 2575/1570/9983
f 2575/1570/9984 2594/1571/9985 2576/1569/9986
f 2576/1569/9987 2594/1571/9988 2577/1568/9989
f 2577/1568/9990 2594/1571/9991 2578/1567/9992
f 2578/1567/9993 2594/1571/9994 2579/1566/9995
f 2579/1566/9996 2594/1571/9997 2580/1565/9998
f 2580/1565/9999 2594/1571/10000 2581/1564/10001
f 2581/1564/10002 2594/1571/10003 2582/1563/10004
f 2582/1563/10005 2594/1571/10006 2583/1562/10007
f 2583/1562/10008 2594/1571/10009 2584/1561/10010
f 2584/1561/10011 2594/1571/10012 2585/1560/10013
f 2585/1560/10014 2594/1571/10015 2586/1559/10016
f 2586/1559/10017 2594/1571/10018 2587/1558/10019
f 2587/1558/10020 2594/1571/10021 2588/1557/10022
f 2588/1557/10023 2594/1571/10024 2589/1556/10025
f 2589/1556/10026 2594/1571/10027 2590/1555/10028
f 2590/1555/10029 2594/1571/10030 2591/1554/10031
f 2591/1554/10032 2594/1571/10033 2592/1553/10034
f 2592/1553/10035 2594/1571/10036 2593/1552/10037
f 2593/1551/10038 2594/1571/10039 2574/1572/10040
f 2595/1581/10041 2634/1550/10042 2615/1549/10043 2596/1580/10044
f 2597/1579/10045 2596/1580/10046 2615/1549/10047 2616/1548/10048
f 2598/1578/10049 2597/1579/10050 2616/1548/10051 2617/1547/10052
f 2599/1577/10053 2598/1578/10054 2617/1547/10055 2618/1546/10056
f 2600/1576/10057 2599/1577/10058 2618/1546/10059 2619/1545/10060
f 2601/1575/10061 2600/1576/10062 2619/1545/10063 2620/1544/10064
f 2602/1574/10065 2601/1575/10066 2620/1544/10067 2621/1543/10068
f 2603/1593/10069 2602/1573/10070 2621/1542/10071 2622/1541/10072
f 2604/1592/10073 2603/1593/10074 2622/1541/10075 2623/1540/10076
f 2605/1591/10077 2604/1592/10078 2623/1540/10079 2624/1539/10080
f 2606/1590/10081 2605/1591/10082 2624/1539/10083 2625/1538/10084
f 2607/1589/10085 2606/1590/10086 2625/1538/10087 2626/1537/10088
f 2608/1588/10089 2607/1589/10090 2626/1537/10091 2627/1536/10092
f 2609/1587/10093 2608/1588/10094 2627/1536/10095 2628/1535/10096
f 2610/1586/10097 2609/1587/10098 2628/1535/10099 2629/1534/10100
f 2611/1585/10101 2610/1586/10102 2629/1534/10103 2630/1533/10104
f 2612/1584/10105 2611/1585/10106 2630/1533/10107 2631/1532/10108
f 2613/1583/10109 2612/1584/10110 2631/1532/10111 2632/1531/10112
f 2614/1582/10113 2613/1583/10114 2632/1531/10115 2633/1530/10116
f 2595/1581/10117 2614/1582/10118 2633/1530/10119 2634/1550/10120
f 2616/1548/10121 2615/1549/10122 2587/1558/10123 2588/1557/10124
f 2617/1547/10125 2616/1548/10126 2588/1557/10127 2589/1556/10128
f 2618/1546/10129 2617/1547/10130 2589/1556/10131 2590/1555/10132
f 2619/1545/10133 2618/1546/10134 2590/1555/10135 2591/1554/10136
f 2620/1544/10137 2619/1545/10138 2591/1554/10139 2592/1553/10140
f 2621/1543/10141 2620/1544/10142 2592/1553/10143 2593/1552/10144
f 2622/1541/10145 2621/1542/10146 2593/1551/10147 2574/1572/10148
f 2623/1540/10149 2622/1541/10150 2574/1572/10151 2575/1570/10152
f 2624/1539/10153 2623/1540/10154 2575/1570/10155 2576/1569/10156
f 2625/1538/10157 2624/1539/10158 2576/1569/10159 2577/1568/10160
f 2626/1537/10161 2625/1538/10162 2577/1568/10163 2578/1567/10164
f 2627/1536/10165 2626/1537/10166 2578/1567/10167 2579/1566/10168
f 2628/1535/10169 2627/1536/10170 2579/1566/10171 2580/1565/10172
f 2629/1534/10173 2628/1535/10174 2580/1565/10175 2581/1564/10176
f 2630/1533/10177 2629/1534/10178 2581/1564/10179 2582/1563/10180
f 2631/1532/10181 2630/1533/10182 2582/1563/10183 2583/1562/10184
f 2632/1531/10185 2631/1532/10186 2583/1562/10187 2584/1561/10188
f 2633/1530/10189 2632/1531/10190 2584/1561/10191 2585/1560/10192
f 2634/1550/10193 2633/1530/10194 2585/1560/10195 2586/1559/10196
f 2615/1549/10197 2634/1550/10198 2586/1559/10199 2587/1558/10200
f 2655/1529/10201 2644/1528/10202 2645/1527/10203 2656/1526/10204
f 2657/1525/10205 2643/1524/10206 2644/1528/10207 2655/1529/10208
f 2658/1523/10209 2642/1522/10210 2643/1524/10211 2657/1525/10212
f 2659/1521/10213 2641/1520/10214 2642/1522/10215 2658/1523/10216
f 2660/1519/10217 2640/1518/10218 2641/1520/10219 2659/1521/10220
f 2661/1517/10221 2639/1516/10222 2640/1518/10223 2660/1519/10224
f 2662/1515/10225 2638/1514/10226 2639/1516/10227 2661/1517/10228
f 2663/1513/10229 2637/1512/10230 2638/1514/10231 2662/1515/10232
f 2664/1511/10233 2636/1510/10234 2637/1512/10235 2663/1513/10236
f 2665/1509/10237 2635/1508/10238 2636/1510/10239 2664/1511/10240
f 2666/1507/10241 2654/1506/10242 2635/1508/10243 2665/1509/10244
f 2667/1505/10245 2653/1504/10246 2654/1503/10247 2666/1502/10248
f 2668/1501/10249 2652/1500/10250 2653/1504/10251 2667/1505/10252
f 2669/1499/10253 2651/1498/10254 2652/1500/10255 2668/1501/10256
f 2670/1497/10257 2650/1496/10258 2651/1498/10259 2669/1499/10260
f 2671/1495/10261 2649/1494/10262 2650/1496/10263 2670/1497/10264
f 2672/1493/10265 2648/1492/10266 2649/1494/10267 2671/1495/10268
f 2673/1491/10269 2647/1490/10270 2648/1492/10271 2672/1493/10272
f 2674/1489/10273 2646/1488/10274 2647/1490/10275 2673/1491/10276
f 2656/1526/10277 2645/1527/10278 2646/1488/10279 2674/1489/10280
f 2635/1508/10281 2675/1487/10282 2676/1486/10283 2636/1510/10284
f 2636/1510/10285 2676/1486/10286 2677/1485/10287 2637/1512/10288
f 2637/1512/10289 2677/1485/10290 2678/1484/10291 2638/1514/10292
f 2638/1514/10293 2678/1484/10294 2679/1483/10295 2639/1516/10296
f 2639/1516/10297 2679/1483/10298 2680/1482/10299 2640/1518/10300
f 2640/1518/10301 2680/1482/10302 2681/1481/10303 2641/1520/10304
f 2641/1520/10305 2681/1481/10306 2682/1480/10307 2642/1522/10308
f 2642/1522/10309 2682/1480/10310 2683/1479/10311 2643/1524/10312
f 2643/1524/10313 2683/1479/10314 2684/1478/10315 2644/1528/10316
f 2644/1528/10317 2684/1478/10318 2685/1477/10319 2645/1527/10320
f 2645/1527/10321 2685/1477/10322 2686/1476/10323 2646/1488/10324
f 2646/1488/10325 2686/1476/10326 2687/1475/10327 2647/1490/10328
f 2647/1490/10329 2687/1475/10330 2688/1474/10331 2648/1492/10332
f 2648/1492/10333 2688/1474/10334 2689/1473/10335 2649/1494/10336
f 2649/1494/10337 2689/1473/10338 2690/1472/10339 2650/1496/10340
f 2650/1496/10341 2690/1472/10342 2691/1471/10343 2651/1498/10344
f 2651/1498/10345 2691/1471/10346 2692/1470/10347 2652/1500/10348
f 2652/1500/10349 2692/1470/10350 2693/1469/10351 2653/1504/10352
f 2653/1504/10353 2693/1469/10354 2694/1468/10355 2654/1503/10356
f 2654/1506/10357 2694/1467/10358 2675/1487/10359 2635/1508/10360
f 2675/1487/10361 2695/1466/10362 2696/1465/10363 2676/1486/10364
f 2676/1486/10365 2696/1465/10366 2697/1464/10367 2677/1485/10368
f 2677/1485/10369 2697/1464/10370 2698/1463/10371 2678/1484/10372
f 2678/1484/10373 2698/1463/10374 2699/1462/10375 2679/1483/10376
f 2679/1483/10377 2699/1462/10378 2700/1461/10379 2680/1482/10380
f 2680/1482/10381 2700/1461/10382 2701/1460/10383 2681/1481/10384
f 2681/1481/10385 2701/1460/10386 2702/1459/10387 2682/1480/10388
f 2682/1480/10389 2702/1459/10390 2703/1458/10391 2683/1479/10392
f 2683/1479/10393 2703/1458/10394 2704/1457/10395 2684/1478/10396
f 2684/1478/10397 2704/1457/10398 2705/1456/10399 2685/1477/10400
f 2685/1477/10401 2705/1456/10402 2706/1455/10403 2686/1476/10404
f 2686/1476/10405 2706/1455/10406 2707/1454/10407 2687/1475/10408
f 2687/1475/10409 2707/1454/10410 2708/1453/10411 2688/1474/10412
f 2688/1474/10413 2708/1453/10414 2709/1452/10415 2689/1473/10416
f 2689/1473/10417 2709/1452/10418 2710/1451/10419 2690/1472/10420
f 2690/1472/10421 2710/1451/10422 2711/1450/10423 2691/1471/10424
f 2691/1471/10425 2711/1450/10426 2712/1449/10427 2692/1470/10428
f 2692/1470/10429 2712/1449/10430 2713/1448/10431 2693/1469/10432
f 2693/1469/10433 2713/1448/10434 2714/1447/10435 2694/1468/10436
f 2694/1467/10437 2714/1446/10438 2695/1466/10439 2675/1487/10440
f 2695/1466/10441 2715/1445/10442 2716/1444/10443 2696/1465/10444
f 2696/1465/10445 2716/1444/10446 2717/1443/10447 2697/1464/10448
f 2697/1464/10449 2717/1443/10450 2718/1442/10451 2698/1463/10452
f 2698/1463/10453 2718/1442/10454 2719/1441/10455 2699/1462/10456
f 2699/1462/10457 2719/1441/10458 2720/1440/10459 2700/1461/10460
f 2700/1461/10461 2720/1440/10462 2721/1439/10463 2701/1460/10464
f 2701/1460/10465 2721/1439/10466 2722/1438/10467 2702/1459/10468
f 2702/1459/10469 2722/1438/10470 2723/1437/10471 2703/1458/10472
f 2703/1458/10473 2723/1437/10474 2724/1436/10475 2704/1457/10476
f 2704/1457/10477 2724/1436/10478 2725/1435/10479 2705/1456/10480
f 2705/1456/10481 2725/1435/10482 2726/1434/10483 2706/1455/10484
f 2706/1455/10485 2726/1434/10486 2727/1433/10487 2707/1454/10488
f 2707/1454/10489 2727/1433/10490 2728/1432/10491 2708/1453/10492
f 2708/1453/10493 2728/1432/10494 2729/1431/10495 2709/1452/10496
f 2709/1452/10497 2729/1431/10498 2730/1430/10499 2710/1451/10500
f 2710/1451/10501 2730/1430/10502 2731/1429/10503 2711/1450/10504
f 2711/1450/10505 2731/1429/10506 2732/1428/10507 2712/1449/10508
f 2712/1449/10509 2732/1428/10510 2733/1427/10511 2713/1448/10512
f 2713/1448/10513 2733/1427/10514 2734/1426/10515 2714/1447/10516
f 2714/1446/10517 2734/1425/10518 2715/1445/10519 2695/1466/10520
f 2715/1445/10521 2735/1424/10522 2736/1423/10523 2716/1444/10524
f 2716/1444/10525 2736/1423/10526 2737/1422/10527 2717/1443/10528
f 2717/1443/10529 2737/1422/10530 2738/1421/10531 2718/1442/10532
f 2718/1442/10533 2738/1421/10534 2739/1420/10535 2719/1441/10536
f 2719/1441/10537 2739/1420/10538 2740/1419/10539 2720/1440/10540
f 2720/1440/10541 2740/1419/10542 2741/1418/10543 2721/1439/10544
f 2721/1439/10545 2741/1418/10546 2742/1417/10547 2722/1438/10548
f 2722/1438/10549 2742/1417/10550 2743/1416/10551 2723/1437/10552
f 2723/1437/10553 2743/1416/10554 2744/1415/10555 2724/1436/10556
f 2724/1436/10557 2744/1415/10558 2745/1414/10559 2725/1435/10560
f 2725/1435/10561 2745/1414/10562 2746/1413/10563 2726/1434/10564
f 2726/1434/10565 2746/1413/10566 2747/1412/10567 2727/1433/10568
f 2727/1433/10569 2747/1412/10570 2748/1411/10571 2728/1432/10572
f 2728/1432/10573 2748/1411/10574 2749/1410/10575 2729/1431/10576
f 2729/1431/10577 2749/1410/10578 2750/1409/10579 2730/1430/10580
f 2730/1430/10581 2750/1409/10582 2751/1408/10583 2731/1429/10584
f 2731/1429/10585 2751/1408/10586 2752/1407/10587 2732/1428/10588
f 2732/1428/10589 2752/1407/10590 2753/1406/10591 2733/1427/10592
f 2733/1427/10593 2753/1406/10594 2754/1405/10595 2734/1426/10596
f 2734/1425/10597 2754/1404/10598 2735/1424/10599 2715/1445/10600
f 2735/1424/10601 2755/1403/10602 2756/1402/10603 2736/1423/10604
f 2736/1423/10605 2756/1402/10606 2757/1401/10607 2737/1422/10608
f 2737/1422/10609 2757/1401/10610 2758/1400/10611 2738/1421/10612
f 2738/1421/10613 2758/1400/10614 2759/1399/10615 2739/1420/10616
f 2739/1420/10617 2759/1399/10618 2760/1398/10619 2740/1419/10620
f 2740/1419/10621 2760/1398/10622 2761/1397/10623 2741/1418/10624
f 2741/1418/10625 2761/1397/10626 2762/1396/10627 2742/1417/10628
f 2742/1417/10629 2762/1396/10630 2763/1395/10631 2743/1416/10632
f 2743/1416/10633 2763/1395/10634 2764/1394/10635 2744/1415/10636
f 2744/1415/10637 2764/1394/10638 2765/1393/10639 2745/1414/10640
f 2745/1414/10641 2765/1393/10642 2766/1392/10643 2746/1413/10644
f 2746/1413/10645 2766/1392/10646 2767/1391/10647 2747/1412/10648
f 2747/1412/10649 2767/1391/10650 2768/1390/10651 2748/1411/10652
f 2748/1411/10653 2768/1390/10654 2769/1389/10655 2749/1410/10656
f 2749/1410/10657 2769/1389/10658 2770/1388/10659 2750/1409/10660
f 2750/1409/10661 2770/1388/10662 2771/1387/10663 2751/1408/10664
f 2751/1408/10665 2771/1387/10666 2772/1386/10667 2752/1407/10668
f 2752/1407/10669 2772/1386/10670 2773/1385/10671 2753/1406/10672
f 2753/1406/10673 2773/1385/10674 2774/1384/10675 2754/1405/10676
f 2754/1404/10677 2774/1383/10678 2755/1403/10679 2735/1424/10680
f 2755/1403/10681 2804/1382/10682 2805/1381/10683 2756/1402/10684
f 2756/1402/10685 2805/1381/10686 2806/1380/10687 2757/1401/10688
f 2757/1401/10689 2806/1380/10690 2807/1379/10691 2758/1400/10692
f 2758/1400/10693 2807/1379/10694 2808/1378/10695 2759/1399/10696
f 2759/1399/10697 2808/1378/10698 2809/1377/10699 2760/1398/10700
f 2760/1398/10701 2809/1377/10702 2810/1376/10703 2761/1397/10704
f 2761/1397/10705 2810/1376/10706 2811/1375/10707 2762/1396/10708
f 2762/1396/10709 2811/1375/10710 2812/1374/10711 2763/1395/10712
f 2763/1395/10713 2812/1374/10714 2813/1373/10715 2764/1394/10716
f 2764/1394/10717 2813/1373/10718 2814/1372/10719 2765/1393/10720
f 2765/1393/10721 2814/1372/10722 2815/1371/10723 2766/1392/10724
f 2766/1392/10725 2815/1371/10726 2796/1370/10727 2767/1391/10728
f 2767/1391/10729 2796/1370/10730 2797/1369/10731 2768/1390/10732
f 2768/1390/10733 2797/1369/10734 2798/1368/10735 2769/1389/10736
f 2769/1389/10737 2798/1368/10738 2799/1367/10739 2770/1388/10740
f 2770/1388/10741 2799/1367/10742 2800/1366/10743 2771/1387/10744
f 2771/1387/10745 2800/1366/10746 2801/1365/10747 2772/1386/10748
f 2772/1386/10749 2801/1365/10750 2802/1364/10751 2773/1385/10752
f 2773/1385/10753 2802/1364/10754 2803/1363/10755 2774/1384/10756
f 2774/1383/10757 2803/1362/10758 2804/1382/10759 2755/1403/10760
f 2775/1361/10761 2795/1360/10762 2776/1359/10763
f 2776/1359/10764 2795/1360/10765 2777/1358/10766
f 2777/1358/10767 2795/1360/10768 2778/1357/10769
f 2778/1357/10770 2795/1360/10771 2779/1356/10772
f 2779/1356/10773 2795/1360/10774 2780/1355/10775
f 2780/1355/10776 2795/1360/10777 2781/1354/10778
f 2781/1354/10779 2795/1360/10780 2782/1353/10781
f 2782/1353/10782 2795/1360/10783 2783/1352/10784
f 2783/1352/10785 2795/1360/10786 2784/1351/10787
f 2784/1351/10788 2795/1360/10789 2785/1350/10790
f 2785/1350/10791 2795/1360/10792 2786/1349/10793
f 2786/1349/10794 2795/1360/10795 2787/1348/10796
f 2787/1348/10797 2795/1360/10798 2788/1347/10799
f 2788/1347/10800 2795/1360/10801 2789/1346/10802
f 2789/1346/10803 2795/1360/10804 2790/1345/10805
f 2790/1345/10806 2795/1360/10807 2791/1344/10808
f 2791/1344/10809 2795/1360/10810 2792/1343/10811
f 2792/1343/10812 2795/1360/10813 2793/1342/10814
f 2793/1342/10815 2795/1360/10816 2794/1341/10817
f 2794/1340/10818 2795/1360/10819 2775/1361/10820
f 2796/1370/10821 2835/1339/10822 2816/1338/10823 2797/1369/10824
f 2798/1368/10825 2797/1369/10826 2816/1338/10827 2817/1337/10828
f 2799/1367/10829 2798/1368/10830 2817/1337/10831 2818/1336/10832
f 2800/1366/10833 2799/1367/10834 2818/1336/10835 2819/1335/10836
f 2801/1365/10837 2800/1366/10838 2819/1335/10839 2820/1334/10840
f 2802/1364/10841 2801/1365/10842 2820/1334/10843 2821/1333/10844
f 2803/1363/10845 2802/1364/10846 2821/1333/10847 2822/1332/10848
f 2804/1382/10849 2803/1362/10850 2822/1331/10851 2823/1330/10852
f 2805/1381/10853 2804/1382/10854 2823/1330/10855 2824/1329/10856
f 2806/1380/10857 2805/1381/10858 2824/1329/10859 2825/1328/10860
f 2807/1379/10861 2806/1380/10862 2825/1328/10863 2826/1327/10864
f 2808/1378/10865 2807/1379/10866 2826/1327/10867 2827/1326/10868
f 2809/1377/10869 2808/1378/10870 2827/1326/10871 2828/1325/10872
f 2810/1376/10873 2809/1377/10874 2828/1325/10875 2829/1324/10876
f 2811/1375/10877 2810/1376/10878 2829/1324/10879 2830/1323/10880
f 2812/1374/10881 2811/1375/10882 2830/1323/10883 2831/1322/10884
f 2813/1373/10885 2812/1374/10886 2831/1322/10887 2832/1321/10888
f 2814/1372/10889 2813/1373/10890 2832/1321/10891 2833/1320/10892
f 2815/1371/10893 2814/1372/10894 2833/1320/10895 2834/1319/10896
f 2796/1370/10897 2815/1371/10898 2834/1319/10899 2835/1339/10900
f 2817/1337/10901 2816/1338/10902 2788/1347/10903 2789/1346/10904
f 2818/1336/10905 2817/1337/10906 2789/1346/10907 2790/1345/10908
f 2819/1335/10909 2818/1336/10910 2790/1345/10911 2791/1344/10912
f 2820/1334/10913 2819/1335/10914 2791/1344/10915 2792/1343/10916
f 2821/1333/10917 2820/1334/10918 2792/1343/10919 2793/1342/10920
f 2822/1332/10921 2821/1333/10922 2793/1342/10923 2794/1341/10924
f 2823/1330/10925 2822/1331/10926 2794/1340/10927 2775/1361/10928
f 2824/1329/10929 2823/1330/10930 2775/1361/10931 2776/1359/10932
f 2825/1328/10933 2824/1329/10934 2776/1359/10935 2777/1358/10936
f 2826/1327/10937 2825/1328/10938 2777/1358/10939 2778/1357/10940
f 2827/1326/10941 2826/1327/10942 2778/1357/10943 2779/1356/10944
f 2828/1325/10945 2827/1326/10946 2779/1356/10947 2780/1355/10948
f 2829/1324/10949 2828/1325/10950 2780/1355/10951 2781/1354/10952
f 2830/1323/10953 2829/1324/10954 2781/1354/10955 2782/1353/10956
f 2831/1322/10957 2830/1323/10958 2782/1353/10959 2783/1352/10960
f 2832/1321/10961 2831/1322/10962 2783/1352/10963 2784/1351/10964
f 2833/1320/10965 2832/1321/10966 2784/1351/10967 2785/1350/10968
f 2834/1319/10969 2833/1320/10970 2785/1350/10971 2786/1349/10972
f 2835/1339/10973 2834/1319/10974 2786/1349/10975 2787/1348/10976
f 2816/1338/10977 2835/1339/10978 2787/1348/10979 2788/1347/10980
f 2836/1318/10981 2856/1317/10982 2857/1316/10983 2837/1315/10984
f 2837/1315/10985 2857/1316/10986 2858/1314/10987 2838/1313/10988
f 2838/1313/10989 2858/1314/10990 2859/1312/10991 2839/1311/10992
f 2839/1311/10993 2859/1312/10994 2860/1310/10995 2840/1309/10996
f 2840/1309/10997 2860/1310/10998 2861/1308/10999 2841/1307/11000
f 2841/1307/11001 2861/1308/11002 2862/1306/11003 2842/1305/11004
f 2842/1305/11005 2862/1306/11006 2863/1304/11007 2843/1303/11008
f 2843/1303/11009 2863/1304/11010 2864/1302/11011 2844/1301/11012
f 2844/1301/11013 2864/1302/11014 2865/1300/11015 2845/1299/11016
f 2845/1299/11017 2865/1300/11018 2866/1298/11019 2846/1297/11020
f 2846/1297/11021 2866/1298/11022 2867/1296/11023 2847/1295/11024
f 2847/1295/11025 2867/1296/11026 2868/1294/11027 2848/1293/11028
f 2848/1293/11029 2868/1294/11030 2869/1292/11031 2849/1291/11032
f 2849/1291/11033 2869/1292/11034 2870/1290/11035 2850/1289/11036
f 2850/1289/11037 2870/1290/11038 2871/1288/11039 2851/1287/11040
f 2851/1287/11041 2871/1288/11042 2872/1286/11043 2852/1285/11044
f 2852/1285/11045 2872/1286/11046 2873/1284/11047 2853/1283/11048
f 2853/1283/11049 2873/1284/11050 2874/1282/11051 2854/1281/11052
f 2854/1281/11053 2874/1282/11054 2875/1280/11055 2855/1279/11056
f 2855/1278/11057 2875/1277/11058 2856/1317/11059 2836/1318/11060
f 2856/1317/11061 2876/1276/11062 2877/1275/11063 2857/1316/11064
f 2857/1316/11065 2877/1275/11066 2878/1274/11067 2858/1314/11068
f 2858/1314/11069 2878/1274/11070 2879/1273/11071 2859/1312/11072
f 2859/1312/11073 2879/1273/11074 2880/1272/11075 2860/1310/11076
f 2860/1310/11077 2880/1272/11078 2881/1271/11079 2861/1308/11080
f 2861/1308/11081 2881/1271/11082 2882/1270/11083 2862/1306/11084
f 2862/1306/11085 2882/1270/11086 2883/1269/11087 2863/1304/11088
f 2863/1304/11089 2883/1269/11090 2884/1268/11091 2864/1302/11092
f 2864/1302/11093 2884/1268/11094 2885/1267/11095 2865/1300/11096
f 2865/1300/11097 2885/1267/11098 2886/1266/11099 2866/1298/11100
f 2866/1298/11101 2886/1266/11102 2887/1265/11103 2867/1296/11104
f 2867/1296/11105 2887/1265/11106 2888/1264/11107 2868/1294/11108
f 2868/1294/11109 2888/1264/11110 2889/1263/11111 2869/1292/11112
f 2869/1292/11113 2889/1263/11114 2890/1262/11115 2870/1290/11116
f 2870/1290/11117 2890/1262/11118 2891/1261/11119 2871/1288/11120
f 2871/1288/11121 2891/1261/11122 2892/1260/11123 2872/1286/11124
f 2872/1286/11125 2892/1260/11126 2893/1259/11127 2873/1284/11128
f 2873/1284/11129 2893/1259/11130 2894/1258/11131 2874/1282/11132
f 2874/1282/11133 2894/1258/11134 2895/1257/11135 2875/1280/11136
f 2875/1277/11137 2895/1256/11138 2876/1276/11139 2856/1317/11140
f 2876/1276/11141 2896/1255/11142 2897/1254/11143 2877/1275/11144
f 2877/1275/11145 2897/1254/11146 2898/1253/11147 2878/1274/11148
f 2878/1274/11149 2898/1253/11150 2899/1252/11151 2879/1273/11152
f 2879/1273/11153 2899/1252/11154 2900/1251/11155 2880/1272/11156
f 2880/1272/11157 2900/1251/11158 2901/1250/11159 2881/1271/11160
f 2881/1271/11161 2901/1250/11162 2902/1249/11163 2882/1270/11164
f 2882/1270/11165 2902/1249/11166 2903/1248/11167 2883/1269/11168
f 2883/1269/11169 2903/1248/11170 2904/1247/11171 2884/1268/11172
f 2884/1268/11173 2904/1247/11174 2905/1246/11175 2885/1267/11176
f 2885/1267/11177 2905/1246/11178 2906/1245/11179 2886/1266/11180
f 2886/1266/11181 2906/1245/11182 2907/1244/11183 2887/1265/11184
f 2887/1265/11185 2907/1244/11186 2908/1243/11187 2888/1264/11188
f 2888/1264/11189 2908/1243/11190 2909/1242/11191 2889/1263/11192
f 2889/1263/11193 2909/1242/11194 2910/1241/11195 2890/1262/11196
f 2890/1262/11197 2910/1241/11198 2911/1240/11199 2891/1261/11200
f 2891/1261/11201 2911/1240/11202 2912/1239/11203 2892/1260/11204
f 2892/1260/11205 2912/1239/11206 2913/1238/11207 2893/1259/11208
f 2893/1259/11209 2913/1238/11210 2914/1237/11211 2894/1258/11212
f 2894/1258/11213 2914/1237/11214 2915/1236/11215 2895/1257/11216
f 2895/1256/11217 2915/1235/11218 2896/1255/11219 2876/1276/11220
f 2896/1255/11221 2916/1234/11222 2917/1233/11223 2897/1254/11224
f 2897/1254/11225 2917/1233/11226 2918/1232/11227 2898/1253/11228
f 2898/1253/11229 2918/1232/11230 2919/1231/11231 2899/1252/11232
f 2899/1252/11233 2919/1231/11234 2920/1230/11235 2900/1251/11236
f 2900/1251/11237 2920/1230/11238 2921/1229/11239 2901/1250/11240
f 2901/1250/11241 2921/1229/11242 2922/1228/11243 2902/1249/11244
f 2902/1249/11245 2922/1228/11246 2923/1227/11247 2903/1248/11248
f 2903/1248/11249 2923/1227/11250 2924/1226/11251 2904/1247/11252
f 2904/1247/11253 2924/1226/11254 2925/1225/11255 2905/1246/11256
f 2905/1246/11257 2925/1225/11258 2926/1224/11259 2906/1245/11260
f 2906/1245/11261 2926/1224/11262 2927/1223/11263 2907/1244/11264
f 2907/1244/11265 2927/1223/11266 2928/1222/11267 2908/1243/11268
f 2908/1243/11269 2928/1222/11270 2929/1221/11271 2909/1242/11272
f 2909/1242/11273 2929/1221/11274 2930/1220/11275 2910/1241/11276
f 2910/1241/11277 2930/1220/11278 2931/1219/11279 2911/1240/11280
f 2911/1240/11281 2931/1219/11282 2932/1218/11283 2912/1239/11284
f 2912/1239/11285 2932/1218/11286 2933/1217/11287 2913/1238/11288
f 2913/1238/11289 2933/1217/11290 2934/1216/11291 2914/1237/11292
f 2914/1237/11293 2934/1216/11294 2935/1215/11295 2915/1236/11296
f 2915/1235/11297 2935/1214/11298 2916/1234/11299 2896/1255/11300
f 2916/1234/11301 2936/1213/11302 2937/1212/11303 2917/1233/11304
f 2917/1233/11305 2937/1212/11306 2938/1211/11307 2918/1232/11308
f 2918/1232/11309 2938/1211/11310 2939/1210/11311 2919/1231/11312
f 2919/1231/11313 2939/1210/11314 2940/1209/11315 2920/1230/11316
f 2920/1230/11317 2940/1209/11318 2941/1208/11319 2921/1229/11320
f 2921/1229/11321 2941/1208/11322 2942/1207/11323 2922/1228/11324
f 2922/1228/11325 2942/1207/11326 2943/1206/11327 2923/1227/11328
f 2923/1227/11329 2943/1206/11330 2944/1205/11331 2924/1226/11332
f 2924/1226/11333 2944/1205/11334 2945/1204/11335 2925/1225/11336
f 2925/1225/11337 2945/1204/11338 2946/1203/11339 2926/1224/11340
f 2926/1224/11341 2946/1203/11342 2947/1202/11343 2927/1223/11344
f 2927/1223/11345 2947/1202/11346 2948/1201/11347 2928/1222/11348
f 2928/1222/11349 2948/1201/11350 2949/1200/11351 2929/1221/11352
f 2929/1221/11353 2949/1200/11354 2950/1199/11355 2930/1220/11356
f 2930/1220/11357 2950/1199/11358 2951/1198/11359 2931/1219/11360
f 2931/1219/11361 2951/1198/11362 2952/1197/11363 2932/1218/11364
f 2932/1218/11365 2952/1197/11366 2953/1196/11367 2933/1217/11368
f 2933/1217/11369 2953/1196/11370 2954/1195/11371 2934/1216/11372
f 2934/1216/11373 2954/1195/11374 2955/1194/11375 2935/1215/11376
f 2935/1214/11377 2955/1193/11378 2936/1213/11379 2916/1234/11380
f 2936/1213/11381 2985/1192/11382 2986/1191/11383 2937/1212/11384
f 2937/1212/11385 2986/1191/11386 2987/1190/11387 2938/1211/11388
f 2938/1211/11389 2987/1190/11390 2988/1189/11391 2939/1210/11392
f 2939/1210/11393 2988/1189/11394 2989/1188/11395 2940/1209/11396
f 2940/1209/11397 2989/1188/11398 2990/1187/11399 2941/1208/11400
f 2941/1208/11401 2990/1187/11402 2991/1186/11403 2942/1207/11404
f 2942/1207/11405 2991/1186/11406 2992/1185/11407 2943/1206/11408
f 2943/1206/11409 2992/1185/11410 2993/1184/11411 2944/1205/11412
f 2944/1205/11413 2993/1184/11414 2994/1183/11415 2945/1204/11416
f 2945/1204/11417 2994/1183/11418 2995/1182/11419 2946/1203/11420
f 2946/1203/11421 2995/1182/11422 2996/1181/11423 2947/1202/11424
f 2947/1202/11425 2996/1181/11426 2977/1180/11427 2948/1201/11428
f 2948/1201/11429 2977/1180/11430 2978/1179/11431 2949/1200/11432
f 2949/1200/11433 2978/1179/11434 2979/1178/11435 2950/1199/11436
f 2950/1199/11437 2979/1178/11438 2980/1177/11439 2951/1198/11440
f 2951/1198/11441 2980/1177/11442 2981/1176/11443 2952/1197/11444
f 2952/1197/11445 2981/1176/11446 2982/1175/11447 2953/1196/11448
f 2953/1196/11449 2982/1175/11450 2983/1174/11451 2954/1195/11452
f 2954/1195/11453 2983/1174/11454 2984/1173/11455 2955/1194/11456
f 2955/1193/11457 2984/1172/11458 2985/1192/11459 2936/1213/11460
f 2956/1171/11461 2976/1170/11462 2957/1169/11463
f 2957/1169/11464 2976/1170/11465 2958/1168/11466
f 2958/1168/11467 2976/1170/11468 2959/1167/11469
f 2959/1167/11470 2976/1170/11471 2960/1166/11472
f 2960/1166/11473 2976/1170/11474 2961/1165/11475
f 2961/1165/11476 2976/1170/11477 2962/1164/11478
f 2962/1164/11479 2976/1170/11480 2963/1163/11481
f 2963/1163/11482 2976/1170/11483 2964/1162/11484
f 2964/1162/11485 2976/1170/11486 2965/1161/11487
f 2965/1161/11488 2976/1170/11489 2966/1160/11490
f 2966/1160/11491 2976/1170/11492 2967/1159/11493
f 2967/1159/11494 2976/1170/11495 2968/1158/11496
f 2968/1158/11497 2976/1170/11498 2969/1157/11499
f 2969/1157/11500 2976/1170/11501 2970/1156/11502
f 2970/1156/11503 2976/1170/11504 2971/1155/11505
f 2971/1155/11506 2976/1170/11507 2972/1154/11508
f 2972/1154/11509 2976/1170/11510 2973/1153/11511
f 2973/1153/11512 2976/1170/11513 2974/1152/11514
f 2974/1152/11515 2976/1170/11516 2975/1151/11517
f 2975/1150/11518 2976/1170/11519 2956/1171/11520
f 2977/1180/11521 3016/1149/11522 2997/1148/11523 2978/1179/11524
f 2979/1178/11525 2978/1179/11526 2997/1148/11527 2998/1147/11528
f 2980/1177/11529 2979/1178/11530 2998/1147/11531 2999/1146/11532
f 2981/1176/11533 2980/1177/11534 2999/1146/11535 3000/1145/11536
f 2982/1175/11537 2981/1176/11538 3000/1145/11539 3001/1144/11540
f 2983/1174/11541 2982/1175/11542 3001/1144/11543 3002/1143/11544
f 2984/1173/11545 2983/1174/11546 3002/1143/11547 3003/1142/11548
f 2985/1192/11549 2984/1172/11550 3003/1141/11551 3004/1140/11552
f 2986/1191/11553 2985/1192/11554 3004/1140/11555 3005/1139/11556
f 2987/1190/11557 2986/1191/11558 3005/1139/11559 3006/1138/11560
f 2988/1189/11561 2987/1190/11562 3006/1138/11563 3007/1137/11564
f 2989/1188/11565 2988/1189/11566 3007/1137/11567 3008/1136/11568
f 2990/1187/11569 2989/1188/11570 3008/1136/11571 3009/1135/11572
f 2991/1186/11573 2990/1187/11574 3009/1135/11575 3010/1134/11576
f 2992/1185/11577 2991/1186/11578 3010/1134/11579 3011/1133/11580
f 2993/1184/11581 2992/1185/11582 3011/1133/11583 3012/1132/11584
f 2994/1183/11585 2993/1184/11586 3012/1132/11587 3013/1131/11588
f 2995/1182/11589 2994/1183/11590 3013/1131/11591 3014/1130/11592
f 2996/1181/11593 2995/1182/11594 3014/1130/11595 3015/1129/11596
f 2977/1180/11597 2996/1181/11598 3015/1129/11599 3016/1149/11600
f 2998/1147/11601 2997/1148/11602 2969/1157/11603 2970/1156/11604
f 2999/1146/11605 2998/1147/11606 2970/1156/11607 2971/1155/11608
f 3000/1145/11609 2999/1146/11610 2971/1155/11611 2972/1154/11612
f 3001/1144/11613 3000/1145/11614 2972/1154/11615 2973/1153/11616
f 3002/1143/11617 3001/1144/11618 2973/1153/11619 2974/1152/11620
f 3003/1142/11621 3002/1143/11622 2974/1152/11623 2975/1151/11624
f 3004/1140/11625 3003/1141/11626 2975/1150/11627 2956/1171/11628
f 3005/1139/11629 3004/1140/11630 2956/1171/11631 2957/1169/11632
f 3006/1138/11633 3005/1139/11634 2957/1169/11635 2958/1168/11636
f 3007/1137/11637 3006/1138/11638 2958/1168/11639 2959/1167/11640
f 3008/1136/11641 3007/1137/11642 2959/1167/11643 2960/1166/11644
f 3009/1135/11645 3008/1136/11646 2960/1166/11647 2961/1165/11648
f 3010/1134/11649 3009/1135/11650 2961/1165/11651 2962/1164/11652
f 3011/1133/11653 3010/1134/11654 2962/1164/11655 2963/1163/11656
f 3012/1132/11657 3011/1133/11658 2963/1163/11659 2964/1162/11660
f 3013/1131/11661 3012/1132/11662 2964/1162/11663 2965/1161/11664
f 3014/1130/11665 3013/1131/11666 2965/1161/11667 2966/1160/11668
f 3015/1129/11669 3014/1130/11670 2966/1160/11671 2967/1159/11672
f 3016/1149/11673 3015/1129/11674 2967/1159/11675 2968/1158/11676
f 2997/1148/11677 3016/1149/11678 2968/1158/11679 2969/1157/11680
f 3017/1128/11681 3018/1127/11682 3038/1126/11683 3037/1125/11684
f 3018/1127/11685 3019/1124/11686 3039/1123/11687 3038/1126/11688
f 3019/1124/11689 3020/1122/11690 3040/1121/11691 3039/1123/11692
f 3020/1122/11693 3021/1120/11694 3041/1119/11695 3040/1121/11696
f 3021/1120/11697 3022/1118/11698 3042/1117/11699 3041/1119/11700
f 3022/1118/11701 3023/1116/11702 3043/1115/11703 3042/1117/11704
f 3023/1116/11705 3024/1114/11706 3044/1113/11707 3043/1115/11708
f 3024/1114/11709 3025/1112/11710 3045/1111/11711 3044/1113/11712
f 3025/1112/11713 3026/1110/11714 3046/1109/11715 3045/1111/11716
f 3026/1110/11717 3027/1108/11718 3047/1107/11719 3046/1109/11720
f 3027/1108/11721 3028/1106/11722 3048/1105/11723 3047/1107/11724
f 3028/1106/11725 3029/1104/11726 3049/1103/11727 3048/1105/11728
f 3029/1104/11729 3030/1102/11730 3050/1101/11731 3049/1103/11732
f 3030/1102/11733 3031/1100/11734 3051/1099/11735 3050/1101/11736
f 3031/1100/11737 3032/1098/11738 3052/1097/11739 3051/1099/11740
f 3032/1096/11741 3033/1095/11742 3053/1094/11743 3052/1093/11744
f 3033/1095/11745 3034/1092/11746 3054/1091/11747 3053/1094/11748
f 3034/1092/11749 3035/1090/11750 3055/1089/11751 3054/1091/11752
f 3035/1090/11753 3036/1088/11754 3056/1087/11755 3055/1089/11756
f 3036/1088/11757 3017/1128/11758 3037/1125/11759 3056/1087/11760
f 3037/1125/11761 3038/1126/11762 3058/1086/11763 3057/1085/11764
f 3038/1126/11765 3039/1123/11766 3059/1084/11767 3058/1086/11768
f 3039/1123/11769 3040/1121/11770 3060/1083/11771 3059/1084/11772
f 3040/1121/11773 3041/1119/11774 3061/1082/11775 3060/1083/11776
f 3041/1119/11777 3042/1117/11778 3062/1081/11779 3061/1082/11780
f 3042/1117/11781 3043/1115/11782 3063/1080/11783 3062/1081/11784
f 3043/1115/11785 3044/1113/11786 3064/1079/11787 3063/1080/11788
f 3044/1113/11789 3045/1111/11790 3065/1078/11791 3064/1079/11792
f 3045/1111/11793 3046/1109/11794 3066/1077/11795 3065/1078/11796
f 3046/1109/11797 3047/1107/11798 3067/1076/11799 3066/1077/11800
f 3047/1107/11801 3048/1105/11802 3068/1075/11803 3067/1076/11804
f 3048/1105/11805 3049/1103/11806 3069/1074/11807 3068/1075/11808
f 3049/1103/11809 3050/1101/11810 3070/1073/11811 3069/1074/11812
f 3050/1101/11813 3051/1099/11814 3071/1072/11815 3070/1073/11816
f 3051/1099/11817 3052/1097/11818 3072/1071/11819 3071/1072/11820
f 3052/1093/11821 3053/1094/11822 3073/1070/11823 3072/1069/11824
f 3053/1094/11825 3054/1091/11826 3074/1068/11827 3073/1070/11828
f 3054/1091/11829 3055/1089/11830 3075/1067/11831 3074/1068/11832
f 3055/1089/11833 3056/1087/11834 3076/1066/11835 3075/1067/11836
f 3056/1087/11837 3037/1125/11838 3057/1085/11839 3076/1066/11840
f 3057/1085/11841 3058/1086/11842 3078/1065/11843 3077/1064/11844
f 3058/1086/11845 3059/1084/11846 3079/1063/11847 3078/1065/11848
f 3059/1084/11849 3060/1083/11850 3080/1062/11851 3079/1063/11852
f 3060/1083/11853 3061/1082/11854 3081/1061/11855 3080/1062/11856
f 3061/1082/11857 3062/1081/11858 3082/1060/11859 3081/1061/11860
f 3062/1081/11861 3063/1080/11862 3083/1059/11863 3082/1060/11864
f 3063/1080/11865 3064/1079/11866 3084/1058/11867 3083/1059/11868
f 3064/1079/11869 3065/1078/11870 3085/1057/11871 3084/1058/11872
f 3065/1078/11873 3066/1077/11874 3086/1056/11875 3085/1057/11876
f 3066/1077/11877 3067/1076/11878 3087/1055/11879 3086/1056/11880
f 3067/1076/11881 3068/1075/11882 3088/1054/11883 3087/1055/11884
f 3068/1075/11885 3069/1074/11886 3089/1053/11887 3088/1054/11888
f 3069/1074/11889 3070/1073/11890 3090/1052/11891 3089/1053/11892
f 3070/1073/11893 3071/1072/11894 3091/1051/11895 3090/1052/11896
f 3071/1072/11897 3072/1071/11898 3092/1050/11899 3091/1051/11900
f 3072/1069/11901 3073/1070/11902 3093/1049/11903 3092/1048/11904
f 3073/1070/11905 3074/1068/11906 3094/1047/11907 3093/1049/11908
f 3074/1068/11909 3075/1067/11910 3095/1046/11911 3094/1047/11912
f 3075/1067/11913 3076/1066/11914 3096/1045/11915 3095/1046/11916
f 3076/1066/11917 3057/1085/11918 3077/1064/11919 3096/1045/11920
f 3077/1064/11921 3078/1065/11922 3098/1044/11923 3097/1043/11924
f 3078/1065/11925 3079/1063/11926 3099/1042/11927 3098/1044/11928
f 3079/1063/11929 3080/1062/11930 3100/1041/11931 3099/1042/11932
f 3080/1062/11933 3081/1061/11934 3101/1040/11935 3100/1041/11936
f 3081/1061/11937 3082/1060/11938 3102/1039/11939 3101/1040/11940
f 3082/1060/11941 3083/1059/11942 3103/1038/11943 3102/1039/11944
f 3083/1059/11945 3084/1058/11946 3104/1037/11947 3103/1038/11948
f 3084/1058/11949 3085/1057/11950 3105/1036/11951 3104/1037/11952
f 3085/1057/11953 3086/1056/11954 3106/1035/11955 3105/1036/11956
f 3086/1056/11957 3087/1055/11958 3107/1034/11959 3106/1035/11960
f 3087/1055/11961 3088/1054/11962 3108/1033/11963 3107/1034/11964
f 3088/1054/11965 3089/1053/11966 3109/1032/11967 3108/1033/11968
f 3089/1053/11969 3090/1052/11970 3110/1031/11971 3109/1032/11972
f 3090/1052/11973 3091/1051/11974 3111/1030/11975 3110/1031/11976
f 3091/1051/11977 3092/1050/11978 3112/1029/11979 3111/1030/11980
f 3092/1048/11981 3093/1049/11982 3113/1028/11983 3112/1027/11984
f 3093/1049/11985 3094/1047/11986 3114/1026/11987 3113/1028/11988
f 3094/1047/11989 3095/1046/11990 3115/1025/11991 3114/1026/11992
f 3095/1046/11993 3096/1045/11994 3116/1024/11995 3115/1025/11996
f 3096/1045/11997 3077/1064/11998 3097/1043/11999 3116/1024/12000
f 3097/1043/12001 3098/1044/12002 3117/1023/12003
f 3098/1044/12004 3099/1042/12005 3117/1023/12006
f 3099/1042/12007 3100/1041/12008 3117/1023/12009
f 3100/1041/12010 3101/1040/12011 3117/1023/12012
f 3101/1040/12013 3102/1039/12014 3117/1023/12015
f 3102/1039/12016 3103/1038/12017 3117/1023/12018
f 3103/1038/12019 3104/1037/12020 3117/1023/12021
f 3104/1037/12022 3105/1036/12023 3117/1023/12024
f 3105/1036/12025 3106/1035/12026 3117/1023/12027
f 3106/1035/12028 3107/1034/12029 3117/1023/12030
f 3107/1034/12031 3108/1033/12032 3117/1023/12033
f 3108/1033/12034 3109/1032/12035 3117/1023/12036
f 3109/1032/12037 3110/1031/12038 3117/1023/12039
f 3110/1031/12040 3111/1030/12041 3117/1023/12042
f 3111/1030/12043 3112/1029/12044 3117/1023/12045
f 3112/1027/12046 3113/1028/12047 3117/1023/12048
f 3113/1028/12049 3114/1026/12050 3117/1023/12051
f 3114/1026/12052 3115/1025/12053 3117/1023/12054
f 3115/1025/12055 3116/1024/12056 3117/1023/12057
f 3116/1024/12058 3097/1043/12059 3117/1023/12060
f 3118/1022/12061 3138/1021/12062 3139/1020/12063 3119/1019/12064
f 3119/1019/12065 3139/1020/12066 3140/1018/12067 3120/1017/12068
f 3120/1017/12069 3140/1018/12070 3141/1016/12071 3121/1015/12072
f 3121/1015/12073 3141/1016/12074 3142/1014/12075 3122/1013/12076
f 3122/1013/12077 3142/1014/12078 3143/1012/12079 3123/1011/12080
f 3123/1011/12081 3143/1012/12082 3144/1010/12083 3124/1009/12084
f 3124/1009/12085 3144/1010/12086 3145/1008/12087 3125/1007/12088
f 3125/1007/12089 3145/1008/12090 3146/1006/12091 3126/1005/12092
f 3126/1005/12093 3146/1006/12094 3147/1004/12095 3127/1003/12096
f 3127/1003/12097 3147/1004/12098 3148/1002/12099 3128/1001/12100
f 3128/1001/12101 3148/1002/12102 3149/1000/12103 3129/999/12104
f 3129/999/12105 3149/1000/12106 3150/998/12107 3130/997/12108
f 3130/997/12109 3150/998/12110 3151/996/12111 3131/995/12112
f 3131/995/12113 3151/996/12114 3152/994/12115 3132/993/12116
f 3132/993/12117 3152/994/12118 3153/992/12119 3133/991/12120
f 3133/991/12121 3153/992/12122 3154/990/12123 3134/989/12124
f 3134/989/12125 3154/990/12126 3155/988/12127 3135/987/12128
f 3135/987/12129 3155/988/12130 3156/986/12131 3136/985/12132
f 3136/985/12133 3156/986/12134 3157/984/12135 3137/983/12136
f 3137/982/12137 3157/981/12138 3138/1021/12139 3118/1022/12140
f 3138/1021/12141 3158/980/12142 3159/979/12143 3139/1020/12144
f 3139/1020/12145 3159/979/12146 3160/978/12147 3140/1018/12148
f 3140/1018/12149 3160/978/12150 3161/977/12151 3141/1016/12152
f 3141/1016/12153 3161/977/12154 3162/976/12155 3142/1014/12156
f 3142/1014/12157 3162/976/12158 3163/975/12159 3143/1012/12160
f 3143/1012/12161 3163/975/12162 3164/974/12163 3144/1010/12164
f 3144/1010/12165 3164/974/12166 3165/973/12167 3145/1008/12168
f 3145/1008/12169 3165/973/12170 3166/972/12171 3146/1006/12172
f 3146/1006/12173 3166/972/12174 3167/971/12175 3147/1004/12176
f 3147/1004/12177 3167/971/12178 3168/970/12179 3148/1002/12180
f 3148/1002/12181 3168/970/12182 3169/969/12183 3149/1000/12184
f 3149/1000/12185 3169/969/12186 3170/968/12187 3150/998/12188
f 3150/998/12189 3170/968/12190 3171/967/12191 3151/996/12192
f 3151/996/12193 3171/967/12194 3172/966/12195 3152/994/12196
f 3152/994/12197 3172/966/12198 3173/965/12199 3153/992/12200
f 3153/992/12201 3173/965/12202 3174/964/12203 3154/990/12204
f 3154/990/12205 3174/964/12206 3175/963/12207 3155/988/12208
f 3155/988/12209 3175/963/12210 3176/962/12211 3156/986/12212
f 3156/986/12213 3176/962/12214 3177/961/12215 3157/984/12216
f 3157/981/12217 3177/960/12218 3158/980/12219 3138/1021/12220
f 3158/980/12221 3178/959/12222 3179/958/12223 3159/979/12224
f 3159/979/12225 3179/958/12226 3180/957/12227 3160/978/12228
f 3160/978/12229 3180/957/12230 3181/956/12231 3161/977/12232
f 3161/977/12233 3181/956/12234 3182/955/12235 3162/976/12236
f 3162/976/12237 3182/955/12238 3183/954/12239 3163/975/12240
f 3163/975/12241 3183/954/12242 3184/953/12243 3164/974/12244
f 3164/974/12245 3184/953/12246 3185/952/12247 3165/973/12248
f 3165/973/12249 3185/952/12250 3186/951/12251 3166/972/12252
f 3166/972/12253 3186/951/12254 3187/950/12255 3167/971/12256
f 3167/971/12257 3187/950/12258 3188/949/12259 3168/970/12260
f 3168/970/12261 3188/949/12262 3189/948/12263 3169/969/12264
f 3169/969/12265 3189/948/12266 3190/947/12267 3170/968/12268
f 3170/968/12269 3190/947/12270 3191/946/12271 3171/967/12272
f 3171/967/12273 3191/946/12274 3192/945/12275 3172/966/12276
f 3172/966/12277 3192/945/12278 3193/944/12279 3173/965/12280
f 3173/965/12281 3193/944/12282 3194/943/12283 3174/964/12284
f 3174/964/12285 3194/943/12286 3195/942/12287 3175/963/12288
f 3175/963/12289 3195/942/12290 3196/941/12291 3176/962/12292
f 3176/962/12293 3196/941/12294 3197/940/12295 3177/961/12296
f 3177/960/12297 3197/939/12298 3178/959/12299 3158/980/12300
f 3178/959/12301 3198/938/12302 3199/937/12303 3179/958/12304
f 3179/958/12305 3199/937/12306 3200/936/12307 3180/957/12308
f 3180/957/12309 3200/936/12310 3201/935/12311 3181/956/12312
f 3181/956/12313 3201/935/12314 3202/934/12315 3182/955/12316
f 3182/955/12317 3202/934/12318 3203/933/12319 3183/954/12320
f 3183/954/12321 3203/933/12322 3204/932/12323 3184/953/12324
f 3184/953/12325 3204/932/12326 3205/931/12327 3185/952/12328
f 3185/952/12329 3205/931/12330 3206/930/12331 3186/951/12332
f 3186/951/12333 3206/930/12334 3207/929/12335 3187/950/12336
f 3187/950/12337 3207/929/12338 3208/928/12339 3188/949/12340
f 3188/949/12341 3208/928/12342 3209/927/12343 3189/948/12344
f 3189/948/12345 3209/927/12346 3210/926/12347 3190/947/12348
f 3190/947/12349 3210/926/12350 3211/925/12351 3191/946/12352
f 3191/946/12353 3211/925/12354 3212/924/12355 3192/945/12356
f 3192/945/12357 3212/924/12358 3213/923/12359 3193/944/12360
f 3193/944/12361 3213/923/12362 3214/922/12363 3194/943/12364
f 3194/943/12365 3214/922/12366 3215/921/12367 3195/942/12368
f 3195/942/12369 3215/921/12370 3216/920/12371 3196/941/12372
f 3196/941/12373 3216/920/12374 3217/919/12375 3197/940/12376
f 3197/939/12377 3217/918/12378 3198/938/12379 3178/959/12380
f 3198/938/12381 3218/917/12382 3219/916/12383 3199/937/12384
f 3199/937/12385 3219/916/12386 3220/915/12387 3200/936/12388
f 3200/936/12389 3220/915/12390 3221/914/12391 3201/935/12392
f 3201/935/12393 3221/914/12394 3222/913/12395 3202/934/12396
f 3202/934/12397 3222/913/12398 3223/912/12399 3203/933/12400
f 3203/933/12401 3223/912/12402 3224/911/12403 3204/932/12404
f 3204/932/12405 3224/911/12406 3225/910/12407 3205/931/12408
f 3205/931/12409 3225/910/12410 3226/909/12411 3206/930/12412
f 3206/930/12413 3226/909/12414 3227/908/12415 3207/929/12416
f 3207/929/12417 3227/908/12418 3228/907/12419 3208/928/12420
f 3208/928/12421 3228/907/12422 3229/906/12423 3209/927/12424
f 3209/927/12425 3229/906/12426 3230/905/12427 3210/926/12428
f 3210/926/12429 3230/905/12430 3231/904/12431 3211/925/12432
f 3211/925/12433 3231/904/12434 3232/903/12435 3212/924/12436
f 3212/924/12437 3232/903/12438 3233/902/12439 3213/923/12440
f 3213/923/12441 3233/902/12442 3234/901/12443 3214/922/12444
f 3214/922/12445 3234/901/12446 3235/900/12447 3215/921/12448
f 3215/921/12449 3235/900/12450 3236/899/12451 3216/920/12452
f 3216/920/12453 3236/899/12454 3237/898/12455 3217/919/12456
f 3217/918/12457 3237/897/12458 3218/917/12459 3198/938/12460
f 3218/917/12461 3267/896/12462 3268/895/12463 3219/916/12464
f 3219/916/12465 3268/895/12466 3269/894/12467 3220/915/12468
f 3220/915/12469 3269/894/12470 3270/893/12471 3221/914/12472
f 3221/914/12473 3270/893/12474 3271/892/12475 3222/913/12476
f 3222/913/12477 3271/892/12478 3272/891/12479 3223/912/12480
f 3223/912/12481 3272/891/12482 3273/890/12483 3224/911/12484
f 3224/911/12485 3273/890/12486 3274/889/12487 3225/910/12488
f 3225/910/12489 3274/889/12490 3275/888/12491 3226/909/12492
f 3226/909/12493 3275/888/12494 3276/887/12495 3227/908/12496
f 3227/908/12497 3276/887/12498 3277/886/12499 3228/907/12500
f 3228/907/12501 3277/886/12502 3278/885/12503 3229/906/12504
f 3229/906/12505 3278/885/12506 3259/884/12507 3230/905/12508
f 3230/905/12509 3259/884/12510 3260/883/12511 3231/904/12512
f 3231/904/12513 3260/883/12514 3261/882/12515 3232/903/12516
f 3232/903/12517 3261/882/12518 3262/881/12519 3233/902/12520
f 3233/902/12521 3262/881/12522 3263/880/12523 3234/901/12524
f 3234/901/12525 3263/880/12526 3264/879/12527 3235/900/12528
f 3235/900/12529 3264/879/12530 3265/878/12531 3236/899/12532
f 3236/899/12533 3265/878/12534 3266/877/12535 3237/898/12536
f 3237/897/12537 3266/876/12538 3267/896/12539 3218/917/12540
f 3238/875/12541 3258/874/12542 3239/873/12543
f 3239/873/12544 3258/874/12545 3240/872/12546
f 3240/872/12547 3258/874/12548 3241/871/12549
f 3241/871/12550 3258/874/12551 3242/870/12552
f 3242/870/12553 3258/874/12554 3243/869/12555
f 3243/869/12556 3258/874/12557 3244/868/12558
f 3244/868/12559 3258/874/12560 3245/867/12561
f 3245/867/12562 3258/874/12563 3246/866/12564
f 3246/866/12565 3258/874/12566 3247/865/12567
f 3247/865/12568 3258/874/12569 3248/864/12570
f 3248/864/12571 3258/874/12572 3249/863/12573
f 3249/863/12574 3258/874/12575 3250/862/12576
f 3250/862/12577 3258/874/12578 3251/861/12579
f 3251/861/12580 3258/874/12581 3252/860/12582
f 3252/860/12583 3258/874/12584 3253/859/12585
f 3253/859/12586 3258/874/12587 3254/858/12588
f 3254/858/12589 3258/874/12590 3255/857/12591
f 3255/857/12592 3258/874/12593 3256/856/12594
f 3256/856/12595 3258/874/12596 3257/855/12597
f 3257/854/12598 3258/874/12599 3238/875/12600
f 3259/884/12601 3298/853/12602 3279/852/12603 3260/883/12604
f 3261/882/12605 3260/883/12606 3279/852/12607 3280/851/12608
f 3262/881/12609 3261/882/12610 3280/851/12611 3281/850/12612
f 3263/880/12613 3262/881/12614 3281/850/12615 3282/849/12616
f 3264/879/12617 3263/880/12618 3282/849/12619 3283/848/12620
f 3265/878/12621 3264/879/12622 3283/848/12623 3284/847/12624
f 3266/877/12625 3265/878/12626 3284/847/12627 3285/846/12628
f 3267/896/12629 3266/876/12630 3285/845/12631 3286/844/12632
f 3268/895/12633 3267/896/12634 3286/844/12635 3287/843/12636
f 3269/894/12637 3268/895/12638 3287/843/12639 3288/842/12640
f 3270/893/12641 3269/894/12642 3288/842/12643 3289/841/12644
f 3271/892/12645 3270/893/12646 3289/841/12647 3290/840/12648
f 3272/891/12649 3271/892/12650 3290/840/12651 3291/839/12652
f 3273/890/12653 3272/891/12654 3291/839/12655 3292/838/12656
f 3274/889/12657 3273/890/12658 3292/838/12659 3293/837/12660
f 3275/888/12661 3274/889/12662 3293/837/12663 3294/836/12664
f 3276/887/12665 3275/888/12666 3294/836/12667 3295/835/12668
f 3277/886/12669 3276/887/12670 3295/835/12671 3296/834/12672
f 3278/885/12673 3277/886/12674 3296/834/12675 3297/833/12676
f 3259/884/12677 3278/885/12678 3297/833/12679 3298/853/12680
f 3280/851/12681 3279/852/12682 3251/861/12683 3252/860/12684
f 3281/850/12685 3280/851/12686 3252/860/12687 3253/859/12688
f 3282/849/12689 3281/850/12690 3253/859/12691 3254/858/12692
f 3283/848/12693 3282/849/12694 3254/858/12695 3255/857/12696
f 3284/847/12697 3283/848/12698 3255/857/12699 3256/856/12700
f 3285/846/12701 3284/847/12702 3256/856/12703 3257/855/12704
f 3286/844/12705 3285/845/12706 3257/854/12707 3238/875/12708
f 3287/843/12709 3286/844/12710 3238/875/12711 3239/873/12712
f 3288/842/12713 3287/843/12714 3239/873/12715 3240/872/12716
f 3289/841/12717 3288/842/12718 3240/872/12719 3241/871/12720
f 3290/840/12721 3289/841/12722 3241/871/12723 3242/870/12724
f 3291/839/12725 3290/840/12726 3242/870/12727 3243/869/12728
f 3292/838/12729 3291/839/12730 3243/869/12731 3244/868/12732
f 3293/837/12733 3292/838/12734 3244/868/12735 3245/867/12736
f 3294/836/12737 3293/837/12738 3245/867/12739 3246/866/12740
f 3295/835/12741 3294/836/12742 3246/866/12743 3247/865/12744
f 3296/834/12745 3295/835/12746 3247/865/12747 3248/864/12748
f 3297/833/12749 3296/834/12750 3248/864/12751 3249/863/12752
f 3298/853/12753 3297/833/12754 3249/863/12755 3250/862/12756
f 3279/852/12757 3298/853/12758 3250/862/12759 3251/861/12760
f 3319/832/12761 3308/831/12762 3309/830/12763 3320/829/12764
f 3321/828/12765 3307/827/12766 3308/831/12767 3319/832/12768
f 3322/826/12769 3306/825/12770 3307/827/12771 3321/828/12772
f 3323/824/12773 3305/823/12774 3306/825/12775 3322/826/12776
f 3324/822/12777 3304/821/12778 3305/823/12779 3323/824/12780
f 3325/820/12781 3303/819/12782 3304/821/12783 3324/822/12784
f 3326/818/12785 3302/817/12786 3303/819/12787 3325/820/12788
f 3327/816/12789 3301/815/12790 3302/817/12791 3326/818/12792
f 3328/814/12793 3300/813/12794 3301/815/12795 3327/816/12796
f 3329/812/12797 3299/811/12798 3300/813/12799 3328/814/12800
f 3330/810/12801 3318/809/12802 3299/811/12803 3329/812/12804
f 3331/808/12805 3317/807/12806 3318/809/12807 3330/810/12808
f 3332/806/12809 3316/805/12810 3317/807/12811 3331/808/12812
f 3333/804/12813 3315/803/12814 3316/805/12815 3332/806/12816
f 3334/802/12817 3314/801/12818 3315/803/12819 3333/804/12820
f 3335/800/12821 3313/799/12822 3314/801/12823 3334/802/12824
f 3336/798/12825 3312/797/12826 3313/799/12827 3335/800/12828
f 3337/796/12829 3311/795/12830 3312/797/12831 3336/798/12832
f 3338/794/12833 3310/793/12834 3311/795/12835 3337/796/12836
f 3320/829/12837 3309/830/12838 3310/792/12839 3338/791/12840
f 3299/811/12841 3339/790/12842 3340/789/12843 3300/813/12844
f 3300/813/12845 3340/789/12846 3341/788/12847 3301/815/12848
f 3301/815/12849 3341/788/12850 3342/787/12851 3302/817/12852
f 3302/817/12853 3342/787/12854 3343/786/12855 3303/819/12856
f 3303/819/12857 3343/786/12858 3344/785/12859 3304/821/12860
f 3304/821/12861 3344/785/12862 3345/784/12863 3305/823/12864
f 3305/823/12865 3345/784/12866 3346/783/12867 3306/825/12868
f 3306/825/12869 3346/783/12870 3347/782/12871 3307/827/12872
f 3307/827/12873 3347/782/12874 3348/781/12875 3308/831/12876
f 3308/831/12877 3348/781/12878 3349/780/12879 3309/830/12880
f 3309/830/12881 3349/780/12882 3350/779/12883 3310/792/12884
f 3310/793/12885 3350/778/12886 3351/777/12887 3311/795/12888
f 3311/795/12889 3351/777/12890 3352/776/12891 3312/797/12892
f 3312/797/12893 3352/776/12894 3353/775/12895 3313/799/12896
f 3313/799/12897 3353/775/12898 3354/774/12899 3314/801/12900
f 3314/801/12901 3354/774/12902 3355/773/12903 3315/803/12904
f 3315/803/12905 3355/773/12906 3356/772/12907 3316/805/12908
f 3316/805/12909 3356/772/12910 3357/771/12911 3317/807/12912
f 3317/807/12913 3357/771/12914 3358/770/12915 3318/809/12916
f 3318/809/12917 3358/770/12918 3339/790/12919 3299/811/12920
f 3339/790/12921 3359/769/12922 3360/768/12923 3340/789/12924
f 3340/789/12925 3360/768/12926 3361/767/12927 3341/788/12928
f 3341/788/12929 3361/767/12930 3362/766/12931 3342/787/12932
f 3342/787/12933 3362/766/12934 3363/765/12935 3343/786/12936
f 3343/786/12937 3363/765/12938 3364/764/12939 3344/785/12940
f 3344/785/12941 3364/764/12942 3365/763/12943 3345/784/12944
f 3345/784/12945 3365/763/12946 3366/762/12947 3346/783/12948
f 3346/783/12949 3366/762/12950 3367/761/12951 3347/782/12952
f 3347/782/12953 3367/761/12954 3368/760/12955 3348/781/12956
f 3348/781/12957 3368/760/12958 3369/759/12959 3349/780/12960
f 3349/780/12961 3369/759/12962 3370/758/12963 3350/779/12964
f 3350/778/12965 3370/757/12966 3371/756/12967 3351/777/12968
f 3351/777/12969 3371/756/12970 3372/755/12971 3352/776/12972
f 3352/776/12973 3372/755/12974 3373/754/12975 3353/775/12976
f 3353/775/12977 3373/754/12978 3374/753/12979 3354/774/12980
f 3354/774/12981 3374/753/12982 3375/752/12983 3355/773/12984
f 3355/773/12985 3375/752/12986 3376/751/12987 3356/772/12988
f 3356/772/12989 3376/751/12990 3377/750/12991 3357/771/12992
f 3357/771/12993 3377/750/12994 3378/749/12995 3358/770/12996
f 3358/770/12997 3378/749/12998 3359/769/12999 3339/790/13000
f 3359/769/13001 3379/748/13002 3380/747/13003 3360/768/13004
f 3360/768/13005 3380/747/13006 3381/746/13007 3361/767/13008
f 3361/767/13009 3381/746/13010 3382/745/13011 3362/766/13012
f 3362/766/13013 3382/745/13014 3383/744/13015 3363/765/13016
f 3363/765/13017 3383/744/13018 3384/743/13019 3364/764/13020
f 3364/764/13021 3384/743/13022 3385/742/13023 3365/763/13024
f 3365/763/13025 3385/742/13026 3386/741/13027 3366/762/13028
f 3366/762/13029 3386/741/13030 3387/740/13031 3367/761/13032
f 3367/761/13033 3387/740/13034 3388/739/13035 3368/760/13036
f 3368/760/13037 3388/739/13038 3389/738/13039 3369/759/13040
f 3369/759/13041 3389/738/13042 3390/737/13043 3370/758/13044
f 3370/757/13045 3390/736/13046 3391/735/13047 3371/756/13048
f 3371/756/13049 3391/735/13050 3392/734/13051 3372/755/13052
f 3372/755/13053 3392/734/13054 3393/733/13055 3373/754/13056
f 3373/754/13057 3393/733/13058 3394/732/13059 3374/753/13060
f 3374/753/13061 3394/732/13062 3395/731/13063 3375/752/13064
f 3375/752/13065 3395/731/13066 3396/730/13067 3376/751/13068
f 3376/751/13069 3396/730/13070 3397/729/13071 3377/750/13072
f 3377/750/13073 3397/729/13074 3398/728/13075 3378/749/13076
f 3378/749/13077 3398/728/13078 3379/748/13079 3359/769/13080
f 3379/748/13081 3399/727/13082 3400/726/13083 3380/747/13084
f 3380/747/13085 3400/726/13086 3401/725/13087 3381/746/13088
f 3381/746/13089 3401/725/13090 3402/724/13091 3382/745/13092
f 3382/745/13093 3402/724/13094 3403/723/13095 3383/744/13096
f 3383/744/13097 3403/723/13098 3404/722/13099 3384/743/13100
f 3384/743/13101 3404/722/13102 3405/721/13103 3385/742/13104
f 3385/742/13105 3405/721/13106 3406/720/13107 3386/741/13108
f 3386/741/13109 3406/720/13110 3407/719/13111 3387/740/13112
f 3387/740/13113 3407/719/13114 3408/718/13115 3388/739/13116
f 3388/739/13117 3408/718/13118 3409/717/13119 3389/738/13120
f 3389/738/13121 3409/717/13122 3410/716/13123 3390/737/13124
f 3390/736/13125 3410/715/13126 3411/714/13127 3391/735/13128
f 3391/735/13129 3411/714/13130 3412/713/13131 3392/734/13132
f 3392/734/13133 3412/713/13134 3413/712/13135 3393/733/13136
f 3393/733/13137 3413/712/13138 3414/711/13139 3394/732/13140
f 3394/732/13141 3414/711/13142 3415/710/13143 3395/731/13144
f 3395/731/13145 3415/710/13146 3416/709/13147 3396/730/13148
f 3396/730/13149 3416/709/13150 3417/708/13151 3397/729/13152
f 3397/729/13153 3417/708/13154 3418/707/13155 3398/728/13156
f 3398/728/13157 3418/707/13158 3399/727/13159 3379/748/13160
f 3399/727/13161 3419/706/13162 3420/705/13163 3400/726/13164
f 3400/726/13165 3420/705/13166 3421/704/13167 3401/725/13168
f 3401/725/13169 3421/704/13170 3422/703/13171 3402/724/13172
f 3402/724/13173 3422/703/13174 3423/702/13175 3403/723/13176
f 3403/723/13177 3423/702/13178 3424/701/13179 3404/722/13180
f 3404/722/13181 3424/701/13182 3425/700/13183 3405/721/13184
f 3405/721/13185 3425/700/13186 3426/699/13187 3406/720/13188
f 3406/720/13189 3426/699/13190 3427/698/13191 3407/719/13192
f 3407/719/13193 3427/698/13194 3428/697/13195 3408/718/13196
f 3408/718/13197 3428/697/13198 3429/696/13199 3409/717/13200
f 3409/717/13201 3429/696/13202 3430/695/13203 3410/716/13204
f 3410/715/13205 3430/694/13206 3431/693/13207 3411/714/13208
f 3411/714/13209 3431/693/13210 3432/692/13211 3412/713/13212
f 3412/713/13213 3432/692/13214 3433/691/13215 3413/712/13216
f 3413/712/13217 3433/691/13218 3434/690/13219 3414/711/13220
f 3414/711/13221 3434/690/13222 3435/689/13223 3415/710/13224
f 3415/710/13225 3435/689/13226 3436/688/13227 3416/709/13228
f 3416/709/13229 3436/688/13230 3437/687/13231 3417/708/13232
f 3417/708/13233 3437/687/13234 3438/686/13235 3418/707/13236
f 3418/707/13237 3438/686/13238 3419/706/13239 3399/727/13240
f 3419/706/13241 3468/685/13242 3469/684/13243 3420/705/13244
f 3420/705/13245 3469/684/13246 3470/683/13247 3421/704/13248
f 3421/704/13249 3470/683/13250 3471/682/13251 3422/703/13252
f 3422/703/13253 3471/682/13254 3472/681/13255 3423/702/13256
f 3423/702/13257 3472/681/13258 3473/680/13259 3424/701/13260
f 3424/701/13261 3473/680/13262 3474/679/13263 3425/700/13264
f 3425/700/13265 3474/679/13266 3475/678/13267 3426/699/13268
f 3426/699/13269 3475/678/13270 3476/677/13271 3427/698/13272
f 3427/698/13273 3476/677/13274 3477/676/13275 3428/697/13276
f 3428/697/13277 3477/676/13278 3478/675/13279 3429/696/13280
f 3429/696/13281 3478/675/13282 3479/674/13283 3430/695/13284
f 3430/694/13285 3479/673/13286 3460/672/13287 3431/693/13288
f 3431/693/13289 3460/672/13290 3461/671/13291 3432/692/13292
f 3432/692/13293 3461/671/13294 3462/670/13295 3433/691/13296
f 3433/691/13297 3462/670/13298 3463/669/13299 3434/690/13300
f 3434/690/13301 3463/669/13302 3464/668/13303 3435/689/13304
f 3435/689/13305 3464/668/13306 3465/667/13307 3436/688/13308
f 3436/688/13309 3465/667/13310 3466/666/13311 3437/687/13312
f 3437/687/13313 3466/666/13314 3467/665/13315 3438/686/13316
f 3438/686/13317 3467/665/13318 3468/685/13319 3419/706/13320
f 3439/664/13321 3459/663/13322 3440/662/13323
f 3440/662/13324 3459/663/13325 3441/661/13326
f 3441/661/13327 3459/663/13328 3442/660/13329
f 3442/660/13330 3459/663/13331 3443/659/13332
f 3443/659/13333 3459/663/13334 3444/658/13335
f 3444/658/13336 3459/663/13337 3445/657/13338
f 3445/657/13339 3459/663/13340 3446/656/13341
f 3446/656/13342 3459/663/13343 3447/655/13344
f 3447/655/13345 3459/663/13346 3448/654/13347
f 3448/654/13348 3459/663/13349 3449/653/13350
f 3449/653/13351 3459/663/13352 3450/652/13353
f 3450/651/13354 3459/663/13355 3451/650/13356
f 3451/650/13357 3459/663/13358 3452/649/13359
f 3452/649/13360 3459/663/13361 3453/648/13362
f 3453/648/13363 3459/663/13364 3454/647/13365
f 3454/647/13366 3459/663/13367 3455/646/13368
f 3455/646/13369 3459/663/13370 3456/645/13371
f 3456/645/13372 3459/663/13373 3457/644/13374
f 3457/644/13375 3459/663/13376 3458/643/13377
f 3458/643/13378 3459/663/13379 3439/664/13380
f 3460/672/13381 3499/642/13382 3480/641/13383 3461/671/13384
f 3462/670/13385 3461/671/13386 3480/641/13387 3481/640/13388
f 3463/669/13389 3462/670/13390 3481/640/13391 3482/639/13392
f 3464/668/13393 3463/669/13394 3482/639/13395 3483/638/13396
f 3465/667/13397 3464/668/13398 3483/638/13399 3484/637/13400
f 3466/666/13401 3465/667/13402 3484/637/13403 3485/636/13404
f 3467/665/13405 3466/666/13406 3485/636/13407 3486/635/13408
f 3468/685/13409 3467/665/13410 3486/635/13411 3487/634/13412
f 3469/684/13413 3468/685/13414 3487/634/13415 3488/633/13416
f 3470/683/13417 3469/684/13418 3488/633/13419 3489/632/13420
f 3471/682/13421 3470/683/13422 3489/632/13423 3490/631/13424
f 3472/681/13425 3471/682/13426 3490/631/13427 3491/630/13428
f 3473/680/13429 3472/681/13430 3491/630/13431 3492/629/13432
f 3474/679/13433 3473/680/13434 3492/629/13435 3493/628/13436
f 3475/678/13437 3474/679/13438 3493/628/13439 3494/627/13440
f 3476/677/13441 3475/678/13442 3494/627/13443 3495/626/13444
f 3477/676/13445 3476/677/13446 3495/626/13447 3496/625/13448
f 3478/675/13449 3477/676/13450 3496/625/13451 3497/624/13452
f 3479/674/13453 3478/675/13454 3497/624/13455 3498/623/13456
f 3460/672/13457 3479/673/13458 3498/622/13459 3499/642/13460
f 3481/640/13461 3480/641/13462 3452/649/13463 3453/648/13464
f 3482/639/13465 3481/640/13466 3453/648/13467 3454/647/13468
f 3483/638/13469 3482/639/13470 3454/647/13471 3455/646/13472
f 3484/637/13473 3483/638/13474 3455/646/13475 3456/645/13476
f 3485/636/13477 3484/637/13478 3456/645/13479 3457/644/13480
f 3486/635/13481 3485/636/13482 3457/644/13483 3458/643/13484
f 3487/634/13485 3486/635/13486 3458/643/13487 3439/664/13488
f 3488/633/13489 3487/634/13490 3439/664/13491 3440/662/13492
f 3489/632/13493 3488/633/13494 3440/662/13495 3441/661/13496
f 3490/631/13497 3489/632/13498 3441/661/13499 3442/660/13500
f 3491/630/13501 3490/631/13502 3442/660/13503 3443/659/13504
f 3492/629/13505 3491/630/13506 3443/659/13507 3444/658/13508
f 3493/628/13509 3492/629/13510 3444/658/13511 3445/657/13512
f 3494/627/13513 3493/628/13514 3445/657/13515 3446/656/13516
f 3495/626/13517 3494/627/13518 3446/656/13519 3447/655/13520
f 3496/625/13521 3495/626/13522 3447/655/13523 3448/654/13524
f 3497/624/13525 3496/625/13526 3448/654/13527 3449/653/13528
f 3498/623/13529 3497/624/13530 3449/653/13531 3450/652/13532
f 3499/642/13533 3498/622/13534 3450/651/13535 3451/650/13536
f 3480/641/13537 3499/642/13538 3451/650/13539 3452/649/13540
